INSERT INTO Empleado (IdEmpleado, CodigoEmpleado, Nombre, Apellido, CuentaBancaria, HoraEntrada, HoraSalida, Cedula)
VALUES (1, '27-4467806', 'Moreen', 'Dransfield', '30406641328250', '8:04 AM', '6:02 PM', '147-76-9831');
INSERT INTO Empleado (IdEmpleado, CodigoEmpleado, Nombre, Apellido, CuentaBancaria, HoraEntrada, HoraSalida, Cedula)
VALUES (2, '92-0716601', 'Aveline', 'Tume', '3559440803264701', '9:36 AM', '4:45 PM', '239-74-1124');
INSERT INTO Empleado (IdEmpleado, CodigoEmpleado, Nombre, Apellido, CuentaBancaria, HoraEntrada, HoraSalida, Cedula)
VALUES (3, '21-5521360', 'Frazier', 'Goodfellow', '3531268344115907', '8:49 AM', '5:01 PM', '142-26-3843');
INSERT INTO Empleado (IdEmpleado, CodigoEmpleado, Nombre, Apellido, CuentaBancaria, HoraEntrada, HoraSalida, Cedula)
VALUES (4, '67-3248970', 'Shannan', 'Hrihorovich', '560224741409333863', '8:58 AM', '5:38 PM', '502-84-6962');
INSERT INTO Empleado (IdEmpleado, CodigoEmpleado, Nombre, Apellido, CuentaBancaria, HoraEntrada, HoraSalida, Cedula)
VALUES (5, '63-9833821', 'Archibaldo', 'Faltskog', '67067293045231222', '8:08 AM', '6:32 PM', '887-12-2693');
INSERT INTO Empleado (IdEmpleado, CodigoEmpleado, Nombre, Apellido, CuentaBancaria, HoraEntrada, HoraSalida, Cedula)
VALUES (6, '62-2099443', 'Angelika', 'Wagenen', '670665374179445114', '8:37 AM', '6:52 PM', '622-45-3564');
INSERT INTO Empleado (IdEmpleado, CodigoEmpleado, Nombre, Apellido, CuentaBancaria, HoraEntrada, HoraSalida, Cedula)
VALUES (7, '82-9747249', 'Gaynor', 'Eddleston', '3549752682438880', '9:04 AM', '4:31 PM', '656-03-6971');
INSERT INTO Empleado (IdEmpleado, CodigoEmpleado, Nombre, Apellido, CuentaBancaria, HoraEntrada, HoraSalida, Cedula)
VALUES (8, '57-7168064', 'Annabel', 'Ossenna', '3576878785905073', '8:46 AM', '5:29 PM', '159-66-1962');
INSERT INTO Empleado (IdEmpleado, CodigoEmpleado, Nombre, Apellido, CuentaBancaria, HoraEntrada, HoraSalida, Cedula)
VALUES (9, '13-4592279', 'Sanderson', 'Stichel', '3589744251969552', '8:10 AM', '6:04 PM', '748-62-6091');
INSERT INTO Empleado (IdEmpleado, CodigoEmpleado, Nombre, Apellido, CuentaBancaria, HoraEntrada, HoraSalida, Cedula)
VALUES (10, '50-5411876', 'Torey', 'Dilke', '3558781200119589', '8:22 AM', '4:38 PM', '506-19-6410');
INSERT INTO Empleado (IdEmpleado, CodigoEmpleado, Nombre, Apellido, CuentaBancaria, HoraEntrada, HoraSalida, Cedula)
VALUES (11, '37-6100370', 'Torin', 'Ferry', '5151697508166807', '9:03 AM', '6:35 PM', '547-29-9030');
INSERT INTO Empleado (IdEmpleado, CodigoEmpleado, Nombre, Apellido, CuentaBancaria, HoraEntrada, HoraSalida, Cedula)
VALUES (12, '92-3632853', 'Mannie', 'Ciardo', '4017957202238030', '8:56 AM', '5:45 PM', '267-21-2832');
INSERT INTO Empleado (IdEmpleado, CodigoEmpleado, Nombre, Apellido, CuentaBancaria, HoraEntrada, HoraSalida, Cedula)
VALUES (13, '52-5329434', 'Daryl', 'Nettle', '5602234409220005341', '9:23 AM', '5:25 PM', '591-01-4009');
INSERT INTO Empleado (IdEmpleado, CodigoEmpleado, Nombre, Apellido, CuentaBancaria, HoraEntrada, HoraSalida, Cedula)
VALUES (14, '68-8500614', 'Sanders', 'Vella', '5108754452459847', '8:53 AM', '6:12 PM', '286-86-4662');
INSERT INTO Empleado (IdEmpleado, CodigoEmpleado, Nombre, Apellido, CuentaBancaria, HoraEntrada, HoraSalida, Cedula)
VALUES (15, '11-5791417', 'Fionna', 'Etches', '5602256271158510', '8:12 AM', '6:30 PM', '856-50-9375');
INSERT INTO Empleado (IdEmpleado, CodigoEmpleado, Nombre, Apellido, CuentaBancaria, HoraEntrada, HoraSalida, Cedula)
VALUES (16, '27-1946579', 'Debbi', 'Perring', '201797315125151', '9:01 AM', '6:43 PM', '553-63-4713');
INSERT INTO Empleado (IdEmpleado, CodigoEmpleado, Nombre, Apellido, CuentaBancaria, HoraEntrada, HoraSalida, Cedula)
VALUES (17, '90-1246129', 'Lainey', 'Smitherman', '3560253656737252', '9:57 AM', '4:58 PM', '831-47-3248');
INSERT INTO Empleado (IdEmpleado, CodigoEmpleado, Nombre, Apellido, CuentaBancaria, HoraEntrada, HoraSalida, Cedula)
VALUES (18, '66-8697120', 'Kalinda', 'Lanceley', '5610805796903865', '9:12 AM', '5:07 PM', '761-09-5089');
INSERT INTO Empleado (IdEmpleado, CodigoEmpleado, Nombre, Apellido, CuentaBancaria, HoraEntrada, HoraSalida, Cedula)
VALUES (19, '45-1580002', 'Chandal', 'McPhelimey', '5100173364166945', '9:47 AM', '5:24 PM', '722-98-0466');
INSERT INTO Empleado (IdEmpleado, CodigoEmpleado, Nombre, Apellido, CuentaBancaria, HoraEntrada, HoraSalida, Cedula)
VALUES (20, '49-6145848', 'Tedman', 'Brackenridge', '5602220739780828', '9:14 AM', '4:53 PM', '235-38-4536');
INSERT INTO Empleado (IdEmpleado, CodigoEmpleado, Nombre, Apellido, CuentaBancaria, HoraEntrada, HoraSalida, Cedula)
VALUES (21, '56-7130606', 'Jasmina', 'Ivetts', '633110019366722382', '9:15 AM', '4:29 PM', '816-62-2602');
INSERT INTO Empleado (IdEmpleado, CodigoEmpleado, Nombre, Apellido, CuentaBancaria, HoraEntrada, HoraSalida, Cedula)
VALUES (22, '59-4948972', 'Mattie', 'Langeley', '201755352910448', '9:39 AM', '5:52 PM', '463-94-9004');
INSERT INTO Empleado (IdEmpleado, CodigoEmpleado, Nombre, Apellido, CuentaBancaria, HoraEntrada, HoraSalida, Cedula)
VALUES (23, '62-1101282', 'Merissa', 'Pervoe', '3557439083898214', '8:43 AM', '5:54 PM', '892-76-1792');
INSERT INTO Empleado (IdEmpleado, CodigoEmpleado, Nombre, Apellido, CuentaBancaria, HoraEntrada, HoraSalida, Cedula)
VALUES (24, '23-5793441', 'Clementius', 'Vannoni', '3536479239609848', '9:15 AM', '4:53 PM', '306-69-1412');
INSERT INTO Empleado (IdEmpleado, CodigoEmpleado, Nombre, Apellido, CuentaBancaria, HoraEntrada, HoraSalida, Cedula)
VALUES (25, '74-7610965', 'Coriss', 'Fenge', '30476198212736', '9:21 AM', '5:51 PM', '409-59-7759');
INSERT INTO Empleado (IdEmpleado, CodigoEmpleado, Nombre, Apellido, CuentaBancaria, HoraEntrada, HoraSalida, Cedula)
VALUES (26, '01-9342388', 'Adolph', 'Ausello', '3570965292944715', '9:28 AM', '4:39 PM', '294-09-1861');
INSERT INTO Empleado (IdEmpleado, CodigoEmpleado, Nombre, Apellido, CuentaBancaria, HoraEntrada, HoraSalida, Cedula)
VALUES (27, '55-3573655', 'Gusella', 'Hampson', '201569772597762', '8:44 AM', '4:53 PM', '166-18-9815');
INSERT INTO Empleado (IdEmpleado, CodigoEmpleado, Nombre, Apellido, CuentaBancaria, HoraEntrada, HoraSalida, Cedula)
VALUES (28, '91-1336095', 'Rickey', 'Aikenhead', '6709337411024562913', '8:21 AM', '4:12 PM', '620-08-8840');
INSERT INTO Empleado (IdEmpleado, CodigoEmpleado, Nombre, Apellido, CuentaBancaria, HoraEntrada, HoraSalida, Cedula)
VALUES (29, '04-1407589', 'Fannie', 'Toor', '5460643200755667', '9:22 AM', '4:53 PM', '289-29-8811');
INSERT INTO Empleado (IdEmpleado, CodigoEmpleado, Nombre, Apellido, CuentaBancaria, HoraEntrada, HoraSalida, Cedula)
VALUES (30, '31-4299417', 'Rance', 'Dombrell', '5641829887218168', '8:41 AM', '5:53 PM', '201-06-6958');
INSERT INTO Empleado (IdEmpleado, CodigoEmpleado, Nombre, Apellido, CuentaBancaria, HoraEntrada, HoraSalida, Cedula)
VALUES (31, '97-5777074', 'Afton', 'Pawelec', '3575568172954443', '8:33 AM', '5:24 PM', '721-87-9904');
INSERT INTO Empleado (IdEmpleado, CodigoEmpleado, Nombre, Apellido, CuentaBancaria, HoraEntrada, HoraSalida, Cedula)
VALUES (32, '63-7511966', 'Forester', 'Gudge', '5602213818451189', '9:11 AM', '5:52 PM', '315-12-0054');
INSERT INTO Empleado (IdEmpleado, CodigoEmpleado, Nombre, Apellido, CuentaBancaria, HoraEntrada, HoraSalida, Cedula)
VALUES (33, '29-4899689', 'Tibold', 'Luce', '6706739033627836096', '9:14 AM', '4:45 PM', '621-83-9837');
INSERT INTO Empleado (IdEmpleado, CodigoEmpleado, Nombre, Apellido, CuentaBancaria, HoraEntrada, HoraSalida, Cedula)
VALUES (34, '63-3187977', 'Dani', 'Monery', '561037328019215014', '8:08 AM', '6:14 PM', '470-67-9912');
INSERT INTO Empleado (IdEmpleado, CodigoEmpleado, Nombre, Apellido, CuentaBancaria, HoraEntrada, HoraSalida, Cedula)
VALUES (35, '92-3398573', 'Becky', 'Emanuelov', '5020486624435000', '9:15 AM', '4:53 PM', '422-08-4323');
INSERT INTO Empleado (IdEmpleado, CodigoEmpleado, Nombre, Apellido, CuentaBancaria, HoraEntrada, HoraSalida, Cedula)
VALUES (36, '69-1274826', 'Wilmar', 'Rees', '201715359309325', '9:23 AM', '5:50 PM', '695-02-5848');
INSERT INTO Empleado (IdEmpleado, CodigoEmpleado, Nombre, Apellido, CuentaBancaria, HoraEntrada, HoraSalida, Cedula)
VALUES (37, '82-3917329', 'Cobbie', 'MacCourt', '3542374178038376', '9:07 AM', '6:13 PM', '137-34-4873');
INSERT INTO Empleado (IdEmpleado, CodigoEmpleado, Nombre, Apellido, CuentaBancaria, HoraEntrada, HoraSalida, Cedula)
VALUES (38, '32-2545490', 'Marijn', 'Zambon', '3534775543035121', '9:50 AM', '4:28 PM', '237-41-6108');
INSERT INTO Empleado (IdEmpleado, CodigoEmpleado, Nombre, Apellido, CuentaBancaria, HoraEntrada, HoraSalida, Cedula)
VALUES (39, '34-1052954', 'Gwen', 'Pettegre', '3579143241271520', '9:16 AM', '5:46 PM', '175-22-0744');
INSERT INTO Empleado (IdEmpleado, CodigoEmpleado, Nombre, Apellido, CuentaBancaria, HoraEntrada, HoraSalida, Cedula)
VALUES (40, '23-3376557', 'Les', 'Nicklinson', '3579596530614678', '9:36 AM', '6:52 PM', '636-47-6376');
INSERT INTO Empleado (IdEmpleado, CodigoEmpleado, Nombre, Apellido, CuentaBancaria, HoraEntrada, HoraSalida, Cedula)
VALUES (41, '22-7773595', 'Gipsy', 'Esmead', '3568627488338995', '8:54 AM', '5:28 PM', '828-61-3506');
INSERT INTO Empleado (IdEmpleado, CodigoEmpleado, Nombre, Apellido, CuentaBancaria, HoraEntrada, HoraSalida, Cedula)
VALUES (42, '72-0265024', 'Etta', 'Denidge', '56022302254027085', '9:59 AM', '5:32 PM', '841-59-7665');
INSERT INTO Empleado (IdEmpleado, CodigoEmpleado, Nombre, Apellido, CuentaBancaria, HoraEntrada, HoraSalida, Cedula)
VALUES (43, '16-0444162', 'Humfried', 'Blagdon', '5577191592530744', '8:16 AM', '6:53 PM', '400-70-1917');
INSERT INTO Empleado (IdEmpleado, CodigoEmpleado, Nombre, Apellido, CuentaBancaria, HoraEntrada, HoraSalida, Cedula)
VALUES (44, '93-0915417', 'Layla', 'Roskams', '4175008713705204', '8:29 AM', '4:17 PM', '382-55-4466');
INSERT INTO Empleado (IdEmpleado, CodigoEmpleado, Nombre, Apellido, CuentaBancaria, HoraEntrada, HoraSalida, Cedula)
VALUES (45, '11-7474869', 'Haven', 'Pifford', '3555257839857280', '8:39 AM', '5:51 PM', '510-27-7256');
INSERT INTO Empleado (IdEmpleado, CodigoEmpleado, Nombre, Apellido, CuentaBancaria, HoraEntrada, HoraSalida, Cedula)
VALUES (46, '46-0264862', 'Davine', 'Goalby', '677175687370697953', '8:32 AM', '6:55 PM', '200-77-0203');
INSERT INTO Empleado (IdEmpleado, CodigoEmpleado, Nombre, Apellido, CuentaBancaria, HoraEntrada, HoraSalida, Cedula)
VALUES (47, '20-0907845', 'Egor', 'Milius', '3572803446750126', '9:36 AM', '5:29 PM', '835-18-0266');
INSERT INTO Empleado (IdEmpleado, CodigoEmpleado, Nombre, Apellido, CuentaBancaria, HoraEntrada, HoraSalida, Cedula)
VALUES (48, '46-7789427', 'Claudian', 'Fencott', '3529360502128014', '9:39 AM', '4:07 PM', '822-48-0772');
INSERT INTO Empleado (IdEmpleado, CodigoEmpleado, Nombre, Apellido, CuentaBancaria, HoraEntrada, HoraSalida, Cedula)
VALUES (49, '28-0305408', 'Koo', 'Gogay', '3580763265543863', '9:46 AM', '6:25 PM', '500-74-7922');
INSERT INTO Empleado (IdEmpleado, CodigoEmpleado, Nombre, Apellido, CuentaBancaria, HoraEntrada, HoraSalida, Cedula)
VALUES (50, '04-0441702', 'Kristien', 'Dancy', '5602258910904866', '8:46 AM', '6:48 PM', '347-02-0048');
INSERT INTO Empleado (IdEmpleado, CodigoEmpleado, Nombre, Apellido, CuentaBancaria, HoraEntrada, HoraSalida, Cedula)
VALUES (51, '85-0099216', 'Adina', 'Alonso', '493668472441416899', '9:47 AM', '5:04 PM', '398-66-6808');
INSERT INTO Empleado (IdEmpleado, CodigoEmpleado, Nombre, Apellido, CuentaBancaria, HoraEntrada, HoraSalida, Cedula)
VALUES (52, '58-7151526', 'Cort', 'Segrave', '5602232111746293', '8:47 AM', '6:14 PM', '381-40-5008');
INSERT INTO Empleado (IdEmpleado, CodigoEmpleado, Nombre, Apellido, CuentaBancaria, HoraEntrada, HoraSalida, Cedula)
VALUES (53, '91-4592354', 'Abie', 'Bourcq', '30157590974897', '8:52 AM', '5:48 PM', '858-63-7288');
INSERT INTO Empleado (IdEmpleado, CodigoEmpleado, Nombre, Apellido, CuentaBancaria, HoraEntrada, HoraSalida, Cedula)
VALUES (54, '51-0330087', 'Borden', 'Staterfield', '3559751289080258', '8:11 AM', '5:52 PM', '148-64-4073');
INSERT INTO Empleado (IdEmpleado, CodigoEmpleado, Nombre, Apellido, CuentaBancaria, HoraEntrada, HoraSalida, Cedula)
VALUES (55, '33-9586457', 'Bradley', 'Cawkill', '3531049185059069', '8:34 AM', '5:42 PM', '763-18-8373');
INSERT INTO Empleado (IdEmpleado, CodigoEmpleado, Nombre, Apellido, CuentaBancaria, HoraEntrada, HoraSalida, Cedula)
VALUES (56, '42-9654289', 'Allyn', 'MacAskie', '50207195037138314', '9:57 AM', '6:06 PM', '373-03-3009');
INSERT INTO Empleado (IdEmpleado, CodigoEmpleado, Nombre, Apellido, CuentaBancaria, HoraEntrada, HoraSalida, Cedula)
VALUES (57, '58-2908614', 'Brendis', 'Boxill', '0604533988360944194', '9:02 AM', '6:27 PM', '716-22-0706');
INSERT INTO Empleado (IdEmpleado, CodigoEmpleado, Nombre, Apellido, CuentaBancaria, HoraEntrada, HoraSalida, Cedula)
VALUES (58, '30-3764178', 'Nobie', 'Popov', '5602253558898728', '9:38 AM', '4:27 PM', '323-82-2253');
INSERT INTO Empleado (IdEmpleado, CodigoEmpleado, Nombre, Apellido, CuentaBancaria, HoraEntrada, HoraSalida, Cedula)
VALUES (59, '75-7570171', 'Angelo', 'Shervil', '5610123096189551', '8:10 AM', '6:37 PM', '646-35-8614');
INSERT INTO Empleado (IdEmpleado, CodigoEmpleado, Nombre, Apellido, CuentaBancaria, HoraEntrada, HoraSalida, Cedula)
VALUES (60, '28-4438957', 'Ruthy', 'Gardiner', '30160501910604', '9:49 AM', '5:49 PM', '289-74-7062');
INSERT INTO Empleado (IdEmpleado, CodigoEmpleado, Nombre, Apellido, CuentaBancaria, HoraEntrada, HoraSalida, Cedula)
VALUES (61, '87-5854998', 'Darya', 'Roelofs', '3546398302026284', '8:36 AM', '6:21 PM', '395-21-7497');
INSERT INTO Empleado (IdEmpleado, CodigoEmpleado, Nombre, Apellido, CuentaBancaria, HoraEntrada, HoraSalida, Cedula)
VALUES (62, '13-4656617', 'Xenos', 'Harsum', '5602223482369047', '9:59 AM', '6:21 PM', '546-76-4238');
INSERT INTO Empleado (IdEmpleado, CodigoEmpleado, Nombre, Apellido, CuentaBancaria, HoraEntrada, HoraSalida, Cedula)
VALUES (63, '17-6566693', 'Cort', 'Viner', '3569673338200323', '9:05 AM', '4:45 PM', '276-33-7144');
INSERT INTO Empleado (IdEmpleado, CodigoEmpleado, Nombre, Apellido, CuentaBancaria, HoraEntrada, HoraSalida, Cedula)
VALUES (64, '22-1721018', 'Burty', 'Becconsall', '6706982472094002580', '8:55 AM', '5:32 PM', '529-04-8412');
INSERT INTO Empleado (IdEmpleado, CodigoEmpleado, Nombre, Apellido, CuentaBancaria, HoraEntrada, HoraSalida, Cedula)
VALUES (65, '11-6714988', 'Otha', 'Sifflett', '6709338637655625566', '9:43 AM', '6:16 PM', '424-50-0862');
INSERT INTO Empleado (IdEmpleado, CodigoEmpleado, Nombre, Apellido, CuentaBancaria, HoraEntrada, HoraSalida, Cedula)
VALUES (66, '14-8242149', 'Cosetta', 'Bielby', '5100176750491090', '8:30 AM', '6:55 PM', '421-62-5183');
INSERT INTO Empleado (IdEmpleado, CodigoEmpleado, Nombre, Apellido, CuentaBancaria, HoraEntrada, HoraSalida, Cedula)
VALUES (67, '69-6986446', 'Katerina', 'Dunley', '5108759369622585', '9:22 AM', '6:38 PM', '635-79-1927');
INSERT INTO Empleado (IdEmpleado, CodigoEmpleado, Nombre, Apellido, CuentaBancaria, HoraEntrada, HoraSalida, Cedula)
VALUES (68, '23-7799490', 'Sandor', 'Slegg', '3549428761708630', '9:57 AM', '4:58 PM', '788-43-0470');
INSERT INTO Empleado (IdEmpleado, CodigoEmpleado, Nombre, Apellido, CuentaBancaria, HoraEntrada, HoraSalida, Cedula)
VALUES (69, '31-5966429', 'Genevra', 'Stanesby', '5602237614514429', '9:53 AM', '4:34 PM', '497-49-0418');
INSERT INTO Empleado (IdEmpleado, CodigoEmpleado, Nombre, Apellido, CuentaBancaria, HoraEntrada, HoraSalida, Cedula)
VALUES (70, '13-5881848', 'Derk', 'Spikings', '3560010561417184', '8:06 AM', '4:45 PM', '321-98-0237');
INSERT INTO Empleado (IdEmpleado, CodigoEmpleado, Nombre, Apellido, CuentaBancaria, HoraEntrada, HoraSalida, Cedula)
VALUES (71, '37-4287618', 'Hamlen', 'Iglesiaz', '4041374063774', '8:34 AM', '6:38 PM', '314-03-4573');
INSERT INTO Empleado (IdEmpleado, CodigoEmpleado, Nombre, Apellido, CuentaBancaria, HoraEntrada, HoraSalida, Cedula)
VALUES (72, '21-8695901', 'Mellisa', 'Featherston', '30176645517535', '8:48 AM', '4:34 PM', '165-57-3922');
INSERT INTO Empleado (IdEmpleado, CodigoEmpleado, Nombre, Apellido, CuentaBancaria, HoraEntrada, HoraSalida, Cedula)
VALUES (73, '78-4321248', 'Mikol', 'Tolson', '3548639788379038', '9:54 AM', '6:48 PM', '241-31-7701');
INSERT INTO Empleado (IdEmpleado, CodigoEmpleado, Nombre, Apellido, CuentaBancaria, HoraEntrada, HoraSalida, Cedula)
VALUES (74, '78-6294240', 'Thomasa', 'Tonn', '3551934995261648', '9:07 AM', '6:46 PM', '142-23-9104');
INSERT INTO Empleado (IdEmpleado, CodigoEmpleado, Nombre, Apellido, CuentaBancaria, HoraEntrada, HoraSalida, Cedula)
VALUES (75, '98-3872391', 'Winfred', 'Rumsby', '374283398573295', '8:15 AM', '5:48 PM', '639-92-7694');
INSERT INTO Empleado (IdEmpleado, CodigoEmpleado, Nombre, Apellido, CuentaBancaria, HoraEntrada, HoraSalida, Cedula)
VALUES (76, '96-7118374', 'Abbott', 'Bosden', '3543431213412047', '8:58 AM', '6:07 PM', '110-26-1237');
INSERT INTO Empleado (IdEmpleado, CodigoEmpleado, Nombre, Apellido, CuentaBancaria, HoraEntrada, HoraSalida, Cedula)
VALUES (77, '93-2501772', 'Anabella', 'Stonall', '3560251256169546', '9:42 AM', '6:49 PM', '291-83-2995');
INSERT INTO Empleado (IdEmpleado, CodigoEmpleado, Nombre, Apellido, CuentaBancaria, HoraEntrada, HoraSalida, Cedula)
VALUES (78, '14-7816154', 'Ronnie', 'Humbles', '67592339859229127', '9:16 AM', '5:50 PM', '631-86-7507');
INSERT INTO Empleado (IdEmpleado, CodigoEmpleado, Nombre, Apellido, CuentaBancaria, HoraEntrada, HoraSalida, Cedula)
VALUES (79, '91-0315047', 'Dell', 'Pawlick', '3547285981576318', '8:09 AM', '5:14 PM', '888-48-4388');
INSERT INTO Empleado (IdEmpleado, CodigoEmpleado, Nombre, Apellido, CuentaBancaria, HoraEntrada, HoraSalida, Cedula)
VALUES (80, '41-3976482', 'Kristen', 'Shrimptone', '3589889290690501', '9:08 AM', '6:33 PM', '515-77-0463');
INSERT INTO Empleado (IdEmpleado, CodigoEmpleado, Nombre, Apellido, CuentaBancaria, HoraEntrada, HoraSalida, Cedula)
VALUES (81, '65-7702493', 'Grady', 'Oxlee', '3576177734904299', '8:12 AM', '5:40 PM', '613-86-9970');
INSERT INTO Empleado (IdEmpleado, CodigoEmpleado, Nombre, Apellido, CuentaBancaria, HoraEntrada, HoraSalida, Cedula)
VALUES (82, '94-1683996', 'Marta', 'Benoiton', '3553300684186850', '8:10 AM', '4:52 PM', '455-92-9795');
INSERT INTO Empleado (IdEmpleado, CodigoEmpleado, Nombre, Apellido, CuentaBancaria, HoraEntrada, HoraSalida, Cedula)
VALUES (83, '99-0943647', 'Kenneth', 'Lloyd-Williams', '30266298220816', '9:04 AM', '5:12 PM', '888-38-4475');
INSERT INTO Empleado (IdEmpleado, CodigoEmpleado, Nombre, Apellido, CuentaBancaria, HoraEntrada, HoraSalida, Cedula)
VALUES (84, '87-9360381', 'Othilia', 'Treffry', '6759347611083663', '8:37 AM', '5:22 PM', '757-35-2172');
INSERT INTO Empleado (IdEmpleado, CodigoEmpleado, Nombre, Apellido, CuentaBancaria, HoraEntrada, HoraSalida, Cedula)
VALUES (85, '21-9519267', 'Letitia', 'Stillgoe', '3552467266240552', '8:59 AM', '5:53 PM', '151-20-4043');
INSERT INTO Empleado (IdEmpleado, CodigoEmpleado, Nombre, Apellido, CuentaBancaria, HoraEntrada, HoraSalida, Cedula)
VALUES (86, '91-3314395', 'Camile', 'Ferreira', '3547093339068180', '9:48 AM', '5:12 PM', '834-91-4368');
INSERT INTO Empleado (IdEmpleado, CodigoEmpleado, Nombre, Apellido, CuentaBancaria, HoraEntrada, HoraSalida, Cedula)
VALUES (87, '57-2687021', 'Sharity', 'Dauncey', '5186510530124810', '9:45 AM', '6:27 PM', '691-54-4009');
INSERT INTO Empleado (IdEmpleado, CodigoEmpleado, Nombre, Apellido, CuentaBancaria, HoraEntrada, HoraSalida, Cedula)
VALUES (88, '69-3849669', 'Cammi', 'Teresi', '3568326657170566', '9:36 AM', '6:53 PM', '306-53-8629');
INSERT INTO Empleado (IdEmpleado, CodigoEmpleado, Nombre, Apellido, CuentaBancaria, HoraEntrada, HoraSalida, Cedula)
VALUES (89, '12-3580844', 'Gusta', 'Eighteen', '3557996854118148', '8:31 AM', '5:10 PM', '110-92-4548');
INSERT INTO Empleado (IdEmpleado, CodigoEmpleado, Nombre, Apellido, CuentaBancaria, HoraEntrada, HoraSalida, Cedula)
VALUES (90, '56-4007910', 'Roda', 'Sisnett', '3538668849918692', '9:52 AM', '5:28 PM', '477-13-2673');
INSERT INTO Empleado (IdEmpleado, CodigoEmpleado, Nombre, Apellido, CuentaBancaria, HoraEntrada, HoraSalida, Cedula)
VALUES (91, '62-2420257', 'Dorry', 'Wingham', '3569727431413660', '8:54 AM', '4:38 PM', '469-46-4768');
INSERT INTO Empleado (IdEmpleado, CodigoEmpleado, Nombre, Apellido, CuentaBancaria, HoraEntrada, HoraSalida, Cedula)
VALUES (92, '29-0815891', 'Muffin', 'Sinnett', '30258731800601', '8:45 AM', '6:46 PM', '513-45-9039');
INSERT INTO Empleado (IdEmpleado, CodigoEmpleado, Nombre, Apellido, CuentaBancaria, HoraEntrada, HoraSalida, Cedula)
VALUES (93, '86-7041514', 'Isiahi', 'Kollatsch', '3570638851231275', '9:19 AM', '4:22 PM', '478-34-5581');
INSERT INTO Empleado (IdEmpleado, CodigoEmpleado, Nombre, Apellido, CuentaBancaria, HoraEntrada, HoraSalida, Cedula)
VALUES (94, '52-5566645', 'Julie', 'Cruickshank', '5561363580256743', '8:11 AM', '5:07 PM', '812-38-3843');
INSERT INTO Empleado (IdEmpleado, CodigoEmpleado, Nombre, Apellido, CuentaBancaria, HoraEntrada, HoraSalida, Cedula)
VALUES (95, '63-9995977', 'Fredi', 'Brecken', '201516385365806', '9:41 AM', '4:02 PM', '305-28-3833');
INSERT INTO Empleado (IdEmpleado, CodigoEmpleado, Nombre, Apellido, CuentaBancaria, HoraEntrada, HoraSalida, Cedula)
VALUES (96, '59-6418598', 'Etienne', 'Dressel', '3533033153800744', '9:11 AM', '4:18 PM', '761-12-0212');
INSERT INTO Empleado (IdEmpleado, CodigoEmpleado, Nombre, Apellido, CuentaBancaria, HoraEntrada, HoraSalida, Cedula)
VALUES (97, '73-3782729', 'Annemarie', 'Hayton', '30272091522713', '9:10 AM', '4:47 PM', '244-79-7499');
INSERT INTO Empleado (IdEmpleado, CodigoEmpleado, Nombre, Apellido, CuentaBancaria, HoraEntrada, HoraSalida, Cedula)
VALUES (98, '42-2210521', 'Jameson', 'Collidge', '6304157123716846507', '9:13 AM', '4:24 PM', '284-17-6197');
INSERT INTO Empleado (IdEmpleado, CodigoEmpleado, Nombre, Apellido, CuentaBancaria, HoraEntrada, HoraSalida, Cedula)
VALUES (99, '58-2485060', 'Kandy', 'Carsberg', '675979681333412800', '9:11 AM', '5:01 PM', '134-04-9575');
INSERT INTO Empleado (IdEmpleado, CodigoEmpleado, Nombre, Apellido, CuentaBancaria, HoraEntrada, HoraSalida, Cedula)
VALUES (100, '24-2778132', 'Leah', 'Butchard', '3556285197452997', '9:32 AM', '5:40 PM', '728-84-9941');
INSERT INTO Empleado (IdEmpleado, CodigoEmpleado, Nombre, Apellido, CuentaBancaria, HoraEntrada, HoraSalida, Cedula)
VALUES (101, '92-9622734', 'Jo ann', 'Cazereau', '5602212424279810', '8:20 AM', '5:10 PM', '106-28-6844');
INSERT INTO Empleado (IdEmpleado, CodigoEmpleado, Nombre, Apellido, CuentaBancaria, HoraEntrada, HoraSalida, Cedula)
VALUES (102, '88-1161279', 'Livvyy', 'Tetlow', '3582316626245278', '9:12 AM', '5:56 PM', '226-70-4219');
INSERT INTO Empleado (IdEmpleado, CodigoEmpleado, Nombre, Apellido, CuentaBancaria, HoraEntrada, HoraSalida, Cedula)
VALUES (103, '18-7298628', 'Nicolai', 'Steet', '3588845160967701', '9:19 AM', '4:29 PM', '360-09-7311');
INSERT INTO Empleado (IdEmpleado, CodigoEmpleado, Nombre, Apellido, CuentaBancaria, HoraEntrada, HoraSalida, Cedula)
VALUES (104, '74-3013028', 'Guillermo', 'Glozman', '5100139659066249', '8:11 AM', '6:02 PM', '506-54-7679');
INSERT INTO Empleado (IdEmpleado, CodigoEmpleado, Nombre, Apellido, CuentaBancaria, HoraEntrada, HoraSalida, Cedula)
VALUES (105, '04-8782925', 'Chrystal', 'Cadany', '6762436836758236095', '9:58 AM', '5:38 PM', '756-90-7224');
INSERT INTO Empleado (IdEmpleado, CodigoEmpleado, Nombre, Apellido, CuentaBancaria, HoraEntrada, HoraSalida, Cedula)
VALUES (106, '82-7606834', 'Seana', 'McLaine', '3540961512823562', '9:01 AM', '6:48 PM', '397-20-6133');
INSERT INTO Empleado (IdEmpleado, CodigoEmpleado, Nombre, Apellido, CuentaBancaria, HoraEntrada, HoraSalida, Cedula)
VALUES (107, '69-1908509', 'Alphonse', 'Rappa', '201508613766285', '9:57 AM', '4:23 PM', '502-44-5655');
INSERT INTO Empleado (IdEmpleado, CodigoEmpleado, Nombre, Apellido, CuentaBancaria, HoraEntrada, HoraSalida, Cedula)
VALUES (108, '82-8423086', 'Carmelita', 'Mapholm', '5893270136993308', '9:20 AM', '6:49 PM', '370-64-2663');
INSERT INTO Empleado (IdEmpleado, CodigoEmpleado, Nombre, Apellido, CuentaBancaria, HoraEntrada, HoraSalida, Cedula)
VALUES (109, '35-7559235', 'Bryon', 'Oldfield', '3545208558079732', '8:39 AM', '5:41 PM', '239-15-5236');
INSERT INTO Empleado (IdEmpleado, CodigoEmpleado, Nombre, Apellido, CuentaBancaria, HoraEntrada, HoraSalida, Cedula)
VALUES (110, '62-1594221', 'Darryl', 'Phipp', '560225011156534785', '8:51 AM', '5:15 PM', '480-16-9303');
INSERT INTO Empleado (IdEmpleado, CodigoEmpleado, Nombre, Apellido, CuentaBancaria, HoraEntrada, HoraSalida, Cedula)
VALUES (111, '97-8666848', 'Tobye', 'Ventham', '4913397837832508', '9:56 AM', '6:12 PM', '250-48-3226');
INSERT INTO Empleado (IdEmpleado, CodigoEmpleado, Nombre, Apellido, CuentaBancaria, HoraEntrada, HoraSalida, Cedula)
VALUES (112, '34-4203384', 'Mariska', 'Tailby', '3547303465238667', '9:27 AM', '6:03 PM', '215-41-1752');
INSERT INTO Empleado (IdEmpleado, CodigoEmpleado, Nombre, Apellido, CuentaBancaria, HoraEntrada, HoraSalida, Cedula)
VALUES (113, '05-4543730', 'Lyndell', 'Nathan', '201757607207505', '9:55 AM', '4:06 PM', '888-28-9660');
INSERT INTO Empleado (IdEmpleado, CodigoEmpleado, Nombre, Apellido, CuentaBancaria, HoraEntrada, HoraSalida, Cedula)
VALUES (114, '09-4646204', 'Kenn', 'Livock', '493690260829533548', '8:34 AM', '6:20 PM', '372-98-7970');
INSERT INTO Empleado (IdEmpleado, CodigoEmpleado, Nombre, Apellido, CuentaBancaria, HoraEntrada, HoraSalida, Cedula)
VALUES (115, '50-0510253', 'Shem', 'Rosenwasser', '6762678188873836673', '8:39 AM', '4:20 PM', '220-89-2050');
INSERT INTO Empleado (IdEmpleado, CodigoEmpleado, Nombre, Apellido, CuentaBancaria, HoraEntrada, HoraSalida, Cedula)
VALUES (116, '17-5055976', 'Murdock', 'Basini-Gazzi', '3540493138692627', '9:15 AM', '4:52 PM', '888-57-3505');
INSERT INTO Empleado (IdEmpleado, CodigoEmpleado, Nombre, Apellido, CuentaBancaria, HoraEntrada, HoraSalida, Cedula)
VALUES (117, '07-3636021', 'Daron', 'Ackwood', '376874899470946', '9:12 AM', '4:54 PM', '301-25-5012');
INSERT INTO Empleado (IdEmpleado, CodigoEmpleado, Nombre, Apellido, CuentaBancaria, HoraEntrada, HoraSalida, Cedula)
VALUES (118, '78-8613988', 'Teirtza', 'McQuorkel', '3559967707495643', '9:43 AM', '4:25 PM', '427-12-0680');
INSERT INTO Empleado (IdEmpleado, CodigoEmpleado, Nombre, Apellido, CuentaBancaria, HoraEntrada, HoraSalida, Cedula)
VALUES (119, '85-8611459', 'Etheline', 'Flaverty', '3583424870589117', '8:50 AM', '6:38 PM', '836-84-0174');
INSERT INTO Empleado (IdEmpleado, CodigoEmpleado, Nombre, Apellido, CuentaBancaria, HoraEntrada, HoraSalida, Cedula)
VALUES (120, '57-6564635', 'Brandy', 'Morden', '5434673142535813', '8:45 AM', '6:23 PM', '717-60-6072');
INSERT INTO Empleado (IdEmpleado, CodigoEmpleado, Nombre, Apellido, CuentaBancaria, HoraEntrada, HoraSalida, Cedula)
VALUES (121, '72-0279464', 'Rawley', 'Morot', '633335912929620003', '8:25 AM', '6:09 PM', '472-07-1297');
INSERT INTO Empleado (IdEmpleado, CodigoEmpleado, Nombre, Apellido, CuentaBancaria, HoraEntrada, HoraSalida, Cedula)
VALUES (122, '08-0794331', 'Tildie', 'Hackwell', '3539378387861903', '9:53 AM', '6:56 PM', '433-96-4375');
INSERT INTO Empleado (IdEmpleado, CodigoEmpleado, Nombre, Apellido, CuentaBancaria, HoraEntrada, HoraSalida, Cedula)
VALUES (123, '10-1804488', 'Kassey', 'Jendrys', '4844560077039217', '8:12 AM', '5:10 PM', '755-02-2585');
INSERT INTO Empleado (IdEmpleado, CodigoEmpleado, Nombre, Apellido, CuentaBancaria, HoraEntrada, HoraSalida, Cedula)
VALUES (124, '67-9345356', 'Kirsteni', 'Vaughan-Hughes', '5893043062013312', '8:00 AM', '6:51 PM', '686-58-8538');
INSERT INTO Empleado (IdEmpleado, CodigoEmpleado, Nombre, Apellido, CuentaBancaria, HoraEntrada, HoraSalida, Cedula)
VALUES (125, '11-7459887', 'Lydia', 'Glasner', '3567165069438760', '8:23 AM', '5:46 PM', '797-46-7772');
INSERT INTO Empleado (IdEmpleado, CodigoEmpleado, Nombre, Apellido, CuentaBancaria, HoraEntrada, HoraSalida, Cedula)
VALUES (126, '30-9375760', 'Sheppard', 'Veque', '3565640941238630', '8:41 AM', '4:51 PM', '300-78-7219');
INSERT INTO Empleado (IdEmpleado, CodigoEmpleado, Nombre, Apellido, CuentaBancaria, HoraEntrada, HoraSalida, Cedula)
VALUES (127, '28-5656212', 'Jehanna', 'Quinn', '589371652298789919', '8:00 AM', '4:23 PM', '321-33-0682');
INSERT INTO Empleado (IdEmpleado, CodigoEmpleado, Nombre, Apellido, CuentaBancaria, HoraEntrada, HoraSalida, Cedula)
VALUES (128, '81-9828583', 'Boniface', 'Brito', '490566924020249207', '8:30 AM', '5:09 PM', '874-91-5973');
INSERT INTO Empleado (IdEmpleado, CodigoEmpleado, Nombre, Apellido, CuentaBancaria, HoraEntrada, HoraSalida, Cedula)
VALUES (129, '73-6923896', 'Simone', 'Rizzillo', '3576260591089964', '9:27 AM', '6:07 PM', '275-80-5441');
INSERT INTO Empleado (IdEmpleado, CodigoEmpleado, Nombre, Apellido, CuentaBancaria, HoraEntrada, HoraSalida, Cedula)
VALUES (130, '98-8807557', 'Tildi', 'Robillard', '633405160895752195', '8:17 AM', '5:44 PM', '814-61-7264');
INSERT INTO Empleado (IdEmpleado, CodigoEmpleado, Nombre, Apellido, CuentaBancaria, HoraEntrada, HoraSalida, Cedula)
VALUES (131, '75-7321354', 'Krystalle', 'Maxweell', '4415429907120', '9:54 AM', '6:23 PM', '310-53-1591');
INSERT INTO Empleado (IdEmpleado, CodigoEmpleado, Nombre, Apellido, CuentaBancaria, HoraEntrada, HoraSalida, Cedula)
VALUES (132, '88-1023458', 'Sella', 'Gainfort', '3554464888726371', '8:02 AM', '4:34 PM', '120-70-3303');
INSERT INTO Empleado (IdEmpleado, CodigoEmpleado, Nombre, Apellido, CuentaBancaria, HoraEntrada, HoraSalida, Cedula)
VALUES (133, '52-9062213', 'Jacky', 'Hatherleigh', '4395225894930', '9:19 AM', '4:29 PM', '204-82-8110');
INSERT INTO Empleado (IdEmpleado, CodigoEmpleado, Nombre, Apellido, CuentaBancaria, HoraEntrada, HoraSalida, Cedula)
VALUES (134, '13-7409772', 'Chas', 'Kleinber', '374622059365782', '8:11 AM', '4:29 PM', '888-48-3794');
INSERT INTO Empleado (IdEmpleado, CodigoEmpleado, Nombre, Apellido, CuentaBancaria, HoraEntrada, HoraSalida, Cedula)
VALUES (135, '68-8251873', 'Gunner', 'Lippo', '4913056168254266', '8:48 AM', '4:13 PM', '724-60-8560');
INSERT INTO Empleado (IdEmpleado, CodigoEmpleado, Nombre, Apellido, CuentaBancaria, HoraEntrada, HoraSalida, Cedula)
VALUES (136, '39-6931762', 'Melissa', 'Worlock', '5002350197675966', '9:43 AM', '4:24 PM', '711-96-5475');
INSERT INTO Empleado (IdEmpleado, CodigoEmpleado, Nombre, Apellido, CuentaBancaria, HoraEntrada, HoraSalida, Cedula)
VALUES (137, '62-7065215', 'Wendall', 'Quartly', '3562481288417468', '9:14 AM', '4:35 PM', '553-92-6875');
INSERT INTO Empleado (IdEmpleado, CodigoEmpleado, Nombre, Apellido, CuentaBancaria, HoraEntrada, HoraSalida, Cedula)
VALUES (138, '50-0840742', 'Coretta', 'Honnan', '3569139043822447', '8:42 AM', '6:10 PM', '308-68-7764');
INSERT INTO Empleado (IdEmpleado, CodigoEmpleado, Nombre, Apellido, CuentaBancaria, HoraEntrada, HoraSalida, Cedula)
VALUES (139, '08-3165777', 'Bartie', 'Lilywhite', '3547393714536508', '8:41 AM', '4:00 PM', '880-33-6890');
INSERT INTO Empleado (IdEmpleado, CodigoEmpleado, Nombre, Apellido, CuentaBancaria, HoraEntrada, HoraSalida, Cedula)
VALUES (140, '29-9528770', 'Bronson', 'Gye', '3581010955543947', '8:51 AM', '6:57 PM', '153-31-6954');
INSERT INTO Empleado (IdEmpleado, CodigoEmpleado, Nombre, Apellido, CuentaBancaria, HoraEntrada, HoraSalida, Cedula)
VALUES (141, '64-9943268', 'Bert', 'Larkworthy', '3542920387113960', '8:21 AM', '6:24 PM', '135-28-5920');
INSERT INTO Empleado (IdEmpleado, CodigoEmpleado, Nombre, Apellido, CuentaBancaria, HoraEntrada, HoraSalida, Cedula)
VALUES (142, '22-5779449', 'Morgen', 'de Najera', '4913604378503863', '9:46 AM', '4:38 PM', '885-87-0173');
INSERT INTO Empleado (IdEmpleado, CodigoEmpleado, Nombre, Apellido, CuentaBancaria, HoraEntrada, HoraSalida, Cedula)
VALUES (143, '04-0168409', 'Nanette', 'O''Clery', '3588571229878289', '9:13 AM', '5:08 PM', '172-77-4260');
INSERT INTO Empleado (IdEmpleado, CodigoEmpleado, Nombre, Apellido, CuentaBancaria, HoraEntrada, HoraSalida, Cedula)
VALUES (144, '85-9454177', 'Valentia', 'Fairbrace', '56022366625424958', '8:14 AM', '6:06 PM', '219-54-4153');
INSERT INTO Empleado (IdEmpleado, CodigoEmpleado, Nombre, Apellido, CuentaBancaria, HoraEntrada, HoraSalida, Cedula)
VALUES (145, '32-2232722', 'Bernhard', 'Goodayle', '3577902390011355', '8:26 AM', '4:19 PM', '735-86-7831');
INSERT INTO Empleado (IdEmpleado, CodigoEmpleado, Nombre, Apellido, CuentaBancaria, HoraEntrada, HoraSalida, Cedula)
VALUES (146, '63-1709519', 'Karon', 'Aggs', '3543902390514276', '9:42 AM', '5:44 PM', '148-45-9998');
INSERT INTO Empleado (IdEmpleado, CodigoEmpleado, Nombre, Apellido, CuentaBancaria, HoraEntrada, HoraSalida, Cedula)
VALUES (147, '17-6092739', 'Benjamin', 'Muscroft', '3566086409034278', '9:54 AM', '5:16 PM', '603-09-7914');
INSERT INTO Empleado (IdEmpleado, CodigoEmpleado, Nombre, Apellido, CuentaBancaria, HoraEntrada, HoraSalida, Cedula)
VALUES (148, '37-5080129', 'Gerty', 'Rennebeck', '56022420296935253', '9:06 AM', '5:00 PM', '123-73-4069');
INSERT INTO Empleado (IdEmpleado, CodigoEmpleado, Nombre, Apellido, CuentaBancaria, HoraEntrada, HoraSalida, Cedula)
VALUES (149, '21-4557733', 'Norris', 'Knox', '5451577773487764', '9:23 AM', '6:46 PM', '511-09-5131');
INSERT INTO Empleado (IdEmpleado, CodigoEmpleado, Nombre, Apellido, CuentaBancaria, HoraEntrada, HoraSalida, Cedula)
VALUES (150, '95-5113073', 'Genvieve', 'Henrichsen', '5265486150715357', '9:11 AM', '5:49 PM', '206-18-5107');
INSERT INTO Empleado (IdEmpleado, CodigoEmpleado, Nombre, Apellido, CuentaBancaria, HoraEntrada, HoraSalida, Cedula)
VALUES (151, '21-4688722', 'Emmi', 'Whatford', '3556374413735987', '9:06 AM', '6:33 PM', '654-14-1220');
INSERT INTO Empleado (IdEmpleado, CodigoEmpleado, Nombre, Apellido, CuentaBancaria, HoraEntrada, HoraSalida, Cedula)
VALUES (152, '04-4686916', 'Dov', 'Mingaud', '4806181564622', '8:23 AM', '6:22 PM', '100-53-9229');
INSERT INTO Empleado (IdEmpleado, CodigoEmpleado, Nombre, Apellido, CuentaBancaria, HoraEntrada, HoraSalida, Cedula)
VALUES (153, '49-4499132', 'Agna', 'Mineghelli', '3565904897119461', '8:42 AM', '6:11 PM', '454-93-7580');
INSERT INTO Empleado (IdEmpleado, CodigoEmpleado, Nombre, Apellido, CuentaBancaria, HoraEntrada, HoraSalida, Cedula)
VALUES (154, '34-9175066', 'Paige', 'Shorter', '3554203273073175', '9:00 AM', '4:30 PM', '754-99-2346');
INSERT INTO Empleado (IdEmpleado, CodigoEmpleado, Nombre, Apellido, CuentaBancaria, HoraEntrada, HoraSalida, Cedula)
VALUES (155, '37-9703712', 'Leoine', 'Fulcher', '5497425160956650', '8:17 AM', '4:33 PM', '676-48-0253');
INSERT INTO Empleado (IdEmpleado, CodigoEmpleado, Nombre, Apellido, CuentaBancaria, HoraEntrada, HoraSalida, Cedula)
VALUES (156, '45-2748181', 'Laverne', 'Guppie', '4017956592042', '9:19 AM', '4:29 PM', '389-81-4489');
INSERT INTO Empleado (IdEmpleado, CodigoEmpleado, Nombre, Apellido, CuentaBancaria, HoraEntrada, HoraSalida, Cedula)
VALUES (157, '44-8267046', 'Hewie', 'Goldsack', '3564669585171857', '8:57 AM', '4:03 PM', '729-85-5556');
INSERT INTO Empleado (IdEmpleado, CodigoEmpleado, Nombre, Apellido, CuentaBancaria, HoraEntrada, HoraSalida, Cedula)
VALUES (158, '65-2057876', 'Vyky', 'Peniello', '4405008988691479', '8:55 AM', '6:12 PM', '749-07-0030');
INSERT INTO Empleado (IdEmpleado, CodigoEmpleado, Nombre, Apellido, CuentaBancaria, HoraEntrada, HoraSalida, Cedula)
VALUES (159, '18-1965701', 'Tiff', 'Stampe', '3529710146940408', '8:40 AM', '5:07 PM', '332-74-9502');
INSERT INTO Empleado (IdEmpleado, CodigoEmpleado, Nombre, Apellido, CuentaBancaria, HoraEntrada, HoraSalida, Cedula)
VALUES (160, '46-9994718', 'Clement', 'Walicki', '5641822727491996', '9:04 AM', '5:36 PM', '112-61-8422');
INSERT INTO Empleado (IdEmpleado, CodigoEmpleado, Nombre, Apellido, CuentaBancaria, HoraEntrada, HoraSalida, Cedula)
VALUES (161, '29-4705858', 'Humbert', 'Cinderey', '50387490271285455', '8:50 AM', '4:29 PM', '358-98-7522');
INSERT INTO Empleado (IdEmpleado, CodigoEmpleado, Nombre, Apellido, CuentaBancaria, HoraEntrada, HoraSalida, Cedula)
VALUES (162, '93-2487912', 'Arie', 'Chartres', '3563486182112932', '8:51 AM', '5:40 PM', '216-64-6747');
INSERT INTO Empleado (IdEmpleado, CodigoEmpleado, Nombre, Apellido, CuentaBancaria, HoraEntrada, HoraSalida, Cedula)
VALUES (163, '76-9886972', 'Millie', 'Bazell', '3575258226229717', '9:04 AM', '6:50 PM', '847-18-4047');
INSERT INTO Empleado (IdEmpleado, CodigoEmpleado, Nombre, Apellido, CuentaBancaria, HoraEntrada, HoraSalida, Cedula)
VALUES (164, '24-8334204', 'Oliy', 'Boarer', '3550304646874721', '9:36 AM', '5:33 PM', '614-23-5397');
INSERT INTO Empleado (IdEmpleado, CodigoEmpleado, Nombre, Apellido, CuentaBancaria, HoraEntrada, HoraSalida, Cedula)
VALUES (165, '93-6509605', 'Lorelei', 'Linfoot', '5404772400953563', '9:06 AM', '4:47 PM', '776-41-2013');
INSERT INTO Empleado (IdEmpleado, CodigoEmpleado, Nombre, Apellido, CuentaBancaria, HoraEntrada, HoraSalida, Cedula)
VALUES (166, '79-0811987', 'Arlen', 'Vallintine', '3553732663815655', '9:44 AM', '6:20 PM', '433-51-6936');
INSERT INTO Empleado (IdEmpleado, CodigoEmpleado, Nombre, Apellido, CuentaBancaria, HoraEntrada, HoraSalida, Cedula)
VALUES (167, '26-2479964', 'Rodolph', 'Kidson', '201655373728409', '8:48 AM', '4:14 PM', '163-90-0670');
INSERT INTO Empleado (IdEmpleado, CodigoEmpleado, Nombre, Apellido, CuentaBancaria, HoraEntrada, HoraSalida, Cedula)
VALUES (168, '42-0818052', 'Tyne', 'Christescu', '3568713003624828', '9:33 AM', '6:19 PM', '222-47-9813');
INSERT INTO Empleado (IdEmpleado, CodigoEmpleado, Nombre, Apellido, CuentaBancaria, HoraEntrada, HoraSalida, Cedula)
VALUES (169, '09-4573551', 'Leila', 'Vial', '5543986636431457', '9:03 AM', '6:33 PM', '409-12-7253');
INSERT INTO Empleado (IdEmpleado, CodigoEmpleado, Nombre, Apellido, CuentaBancaria, HoraEntrada, HoraSalida, Cedula)
VALUES (170, '55-8694426', 'Lillis', 'Lissandri', '6706406144938571', '9:35 AM', '6:17 PM', '136-03-2995');
INSERT INTO Empleado (IdEmpleado, CodigoEmpleado, Nombre, Apellido, CuentaBancaria, HoraEntrada, HoraSalida, Cedula)
VALUES (171, '04-5251458', 'Phillipe', 'Surgener', '3578672087230738', '8:57 AM', '5:35 PM', '348-91-9419');
INSERT INTO Empleado (IdEmpleado, CodigoEmpleado, Nombre, Apellido, CuentaBancaria, HoraEntrada, HoraSalida, Cedula)
VALUES (172, '84-8600922', 'Holly-anne', 'Aubri', '3576264553286808', '8:17 AM', '5:33 PM', '138-44-5677');
INSERT INTO Empleado (IdEmpleado, CodigoEmpleado, Nombre, Apellido, CuentaBancaria, HoraEntrada, HoraSalida, Cedula)
VALUES (173, '93-9292911', 'Ronnie', 'Pawel', '201889265660137', '9:01 AM', '4:41 PM', '743-12-6206');
INSERT INTO Empleado (IdEmpleado, CodigoEmpleado, Nombre, Apellido, CuentaBancaria, HoraEntrada, HoraSalida, Cedula)
VALUES (174, '98-3259233', 'Rebeca', 'Hatry', '5602237519111750', '9:06 AM', '6:00 PM', '712-93-1206');
INSERT INTO Empleado (IdEmpleado, CodigoEmpleado, Nombre, Apellido, CuentaBancaria, HoraEntrada, HoraSalida, Cedula)
VALUES (175, '70-1611342', 'Heinrik', 'Methringham', '5474633878593056', '9:01 AM', '6:56 PM', '287-79-5160');
INSERT INTO Empleado (IdEmpleado, CodigoEmpleado, Nombre, Apellido, CuentaBancaria, HoraEntrada, HoraSalida, Cedula)
VALUES (176, '22-4601450', 'Jere', 'Leckie', '3574018376788990', '9:50 AM', '5:37 PM', '485-56-3352');
INSERT INTO Empleado (IdEmpleado, CodigoEmpleado, Nombre, Apellido, CuentaBancaria, HoraEntrada, HoraSalida, Cedula)
VALUES (177, '49-5260603', 'Chrissie', 'Jakubowicz', '3583560993751736', '9:28 AM', '6:02 PM', '102-24-5455');
INSERT INTO Empleado (IdEmpleado, CodigoEmpleado, Nombre, Apellido, CuentaBancaria, HoraEntrada, HoraSalida, Cedula)
VALUES (178, '11-1416823', 'Selene', 'Brereton', '4026819519762228', '9:48 AM', '4:39 PM', '118-70-2042');
INSERT INTO Empleado (IdEmpleado, CodigoEmpleado, Nombre, Apellido, CuentaBancaria, HoraEntrada, HoraSalida, Cedula)
VALUES (179, '50-5991106', 'Colin', 'Pickhaver', '3588021212722763', '9:01 AM', '6:37 PM', '683-90-8392');
INSERT INTO Empleado (IdEmpleado, CodigoEmpleado, Nombre, Apellido, CuentaBancaria, HoraEntrada, HoraSalida, Cedula)
VALUES (180, '86-0886243', 'Corri', 'Keen', '201865578892823', '8:34 AM', '5:35 PM', '505-44-4406');
INSERT INTO Empleado (IdEmpleado, CodigoEmpleado, Nombre, Apellido, CuentaBancaria, HoraEntrada, HoraSalida, Cedula)
VALUES (181, '49-7970019', 'Veronika', 'McKue', '6759313379147387794', '9:13 AM', '5:20 PM', '161-54-4636');
INSERT INTO Empleado (IdEmpleado, CodigoEmpleado, Nombre, Apellido, CuentaBancaria, HoraEntrada, HoraSalida, Cedula)
VALUES (182, '82-7766477', 'Berti', 'Buttner', '5018600074848132', '8:09 AM', '5:03 PM', '347-24-9930');
INSERT INTO Empleado (IdEmpleado, CodigoEmpleado, Nombre, Apellido, CuentaBancaria, HoraEntrada, HoraSalida, Cedula)
VALUES (183, '65-3823082', 'Solly', 'Bennough', '30360083327884', '9:59 AM', '6:12 PM', '359-44-5181');
INSERT INTO Empleado (IdEmpleado, CodigoEmpleado, Nombre, Apellido, CuentaBancaria, HoraEntrada, HoraSalida, Cedula)
VALUES (184, '07-7009311', 'Suki', 'Guillard', '4911777622004722712', '9:56 AM', '5:16 PM', '537-26-0273');
INSERT INTO Empleado (IdEmpleado, CodigoEmpleado, Nombre, Apellido, CuentaBancaria, HoraEntrada, HoraSalida, Cedula)
VALUES (185, '86-9723040', 'Clevie', 'Brusin', '5108751864560030', '9:45 AM', '4:42 PM', '426-78-3301');
INSERT INTO Empleado (IdEmpleado, CodigoEmpleado, Nombre, Apellido, CuentaBancaria, HoraEntrada, HoraSalida, Cedula)
VALUES (186, '75-3073291', 'Evonne', 'Risen', '5536375582340939', '8:14 AM', '5:06 PM', '410-56-5840');
INSERT INTO Empleado (IdEmpleado, CodigoEmpleado, Nombre, Apellido, CuentaBancaria, HoraEntrada, HoraSalida, Cedula)
VALUES (187, '82-0098096', 'Helyn', 'Scrinage', '3583828948213114', '8:36 AM', '5:37 PM', '139-04-5609');
INSERT INTO Empleado (IdEmpleado, CodigoEmpleado, Nombre, Apellido, CuentaBancaria, HoraEntrada, HoraSalida, Cedula)
VALUES (188, '47-1946251', 'Judon', 'Headingham', '30217070871524', '8:58 AM', '6:36 PM', '543-05-1786');
INSERT INTO Empleado (IdEmpleado, CodigoEmpleado, Nombre, Apellido, CuentaBancaria, HoraEntrada, HoraSalida, Cedula)
VALUES (189, '45-1119019', 'Mamie', 'Gidney', '3573294774030027', '8:38 AM', '6:41 PM', '121-05-8804');
INSERT INTO Empleado (IdEmpleado, CodigoEmpleado, Nombre, Apellido, CuentaBancaria, HoraEntrada, HoraSalida, Cedula)
VALUES (190, '22-3397163', 'Lilia', 'Knighton', '3577522539856252', '8:55 AM', '5:44 PM', '740-22-4733');
INSERT INTO Empleado (IdEmpleado, CodigoEmpleado, Nombre, Apellido, CuentaBancaria, HoraEntrada, HoraSalida, Cedula)
VALUES (191, '55-7737883', 'Allison', 'Docksey', '5402127671848491', '9:48 AM', '5:05 PM', '275-89-6922');
INSERT INTO Empleado (IdEmpleado, CodigoEmpleado, Nombre, Apellido, CuentaBancaria, HoraEntrada, HoraSalida, Cedula)
VALUES (192, '39-6936696', 'Vevay', 'Morcomb', '3528983843971692', '8:33 AM', '6:35 PM', '787-39-3792');
INSERT INTO Empleado (IdEmpleado, CodigoEmpleado, Nombre, Apellido, CuentaBancaria, HoraEntrada, HoraSalida, Cedula)
VALUES (193, '72-4094683', 'Edgard', 'McCooke', '3552720168114212', '8:20 AM', '5:19 PM', '482-02-3095');
INSERT INTO Empleado (IdEmpleado, CodigoEmpleado, Nombre, Apellido, CuentaBancaria, HoraEntrada, HoraSalida, Cedula)
VALUES (194, '27-4204965', 'Ber', 'Sollas', '5602217132138861974', '8:34 AM', '4:42 PM', '561-65-9958');
INSERT INTO Empleado (IdEmpleado, CodigoEmpleado, Nombre, Apellido, CuentaBancaria, HoraEntrada, HoraSalida, Cedula)
VALUES (195, '05-1826346', 'Moe', 'Tutin', '3558480890840113', '9:19 AM', '4:56 PM', '289-33-1468');
INSERT INTO Empleado (IdEmpleado, CodigoEmpleado, Nombre, Apellido, CuentaBancaria, HoraEntrada, HoraSalida, Cedula)
VALUES (196, '72-9483188', 'Ody', 'Fluger', '3551386995753688', '8:01 AM', '5:22 PM', '103-93-1813');
INSERT INTO Empleado (IdEmpleado, CodigoEmpleado, Nombre, Apellido, CuentaBancaria, HoraEntrada, HoraSalida, Cedula)
VALUES (197, '05-9971968', 'Casandra', 'Syde', '3528588384221488', '9:30 AM', '6:00 PM', '327-14-0555');
INSERT INTO Empleado (IdEmpleado, CodigoEmpleado, Nombre, Apellido, CuentaBancaria, HoraEntrada, HoraSalida, Cedula)
VALUES (198, '54-0692526', 'Jehu', 'Laise', '3542590749677356', '8:42 AM', '4:29 PM', '464-47-7413');
INSERT INTO Empleado (IdEmpleado, CodigoEmpleado, Nombre, Apellido, CuentaBancaria, HoraEntrada, HoraSalida, Cedula)
VALUES (199, '10-9510474', 'Ema', 'MacQuaker', '3532067194770608', '8:38 AM', '6:51 PM', '690-91-4437');
INSERT INTO Empleado (IdEmpleado, CodigoEmpleado, Nombre, Apellido, CuentaBancaria, HoraEntrada, HoraSalida, Cedula)
VALUES (200, '15-1135702', 'Reyna', 'Johnston', '5338967046157386', '8:38 AM', '5:39 PM', '413-30-7573');
INSERT INTO Empleado (IdEmpleado, CodigoEmpleado, Nombre, Apellido, CuentaBancaria, HoraEntrada, HoraSalida, Cedula)
VALUES (201, '64-1347687', 'Solomon', 'Abbys', '3536392246622417', '9:36 AM', '5:13 PM', '599-26-7620');
INSERT INTO Empleado (IdEmpleado, CodigoEmpleado, Nombre, Apellido, CuentaBancaria, HoraEntrada, HoraSalida, Cedula)
VALUES (202, '89-2962045', 'Hedwig', 'Hailston', '4911818417314122', '9:39 AM', '4:41 PM', '245-77-9036');
INSERT INTO Empleado (IdEmpleado, CodigoEmpleado, Nombre, Apellido, CuentaBancaria, HoraEntrada, HoraSalida, Cedula)
VALUES (203, '27-5561645', 'Cosme', 'Nudde', '3565863867230197', '8:56 AM', '4:50 PM', '702-27-8935');
INSERT INTO Empleado (IdEmpleado, CodigoEmpleado, Nombre, Apellido, CuentaBancaria, HoraEntrada, HoraSalida, Cedula)
VALUES (204, '22-7470809', 'Stevana', 'Peterson', '3538482445399079', '8:24 AM', '6:29 PM', '507-89-4781');
INSERT INTO Empleado (IdEmpleado, CodigoEmpleado, Nombre, Apellido, CuentaBancaria, HoraEntrada, HoraSalida, Cedula)
VALUES (205, '49-6352826', 'Traci', 'Antoniak', '3542996737101038', '8:52 AM', '4:36 PM', '775-19-6449');
INSERT INTO Empleado (IdEmpleado, CodigoEmpleado, Nombre, Apellido, CuentaBancaria, HoraEntrada, HoraSalida, Cedula)
VALUES (206, '15-2770333', 'Ilise', 'Stoakley', '3556942100597975', '8:46 AM', '5:27 PM', '321-23-6214');
INSERT INTO Empleado (IdEmpleado, CodigoEmpleado, Nombre, Apellido, CuentaBancaria, HoraEntrada, HoraSalida, Cedula)
VALUES (207, '15-1118489', 'Paco', 'Eckersall', '3542303728173318', '9:35 AM', '6:28 PM', '201-08-4217');
INSERT INTO Empleado (IdEmpleado, CodigoEmpleado, Nombre, Apellido, CuentaBancaria, HoraEntrada, HoraSalida, Cedula)
VALUES (208, '18-9717980', 'Hildy', 'Limpenny', '3564436403517202', '8:28 AM', '4:11 PM', '685-16-9758');
INSERT INTO Empleado (IdEmpleado, CodigoEmpleado, Nombre, Apellido, CuentaBancaria, HoraEntrada, HoraSalida, Cedula)
VALUES (209, '43-4753578', 'Cammy', 'Laborda', '5002350838289672', '8:58 AM', '5:06 PM', '445-15-2831');
INSERT INTO Empleado (IdEmpleado, CodigoEmpleado, Nombre, Apellido, CuentaBancaria, HoraEntrada, HoraSalida, Cedula)
VALUES (210, '21-8385185', 'Joleen', 'Enderwick', '3581650148670741', '9:46 AM', '5:47 PM', '439-57-6463');
INSERT INTO Empleado (IdEmpleado, CodigoEmpleado, Nombre, Apellido, CuentaBancaria, HoraEntrada, HoraSalida, Cedula)
VALUES (211, '42-0990295', 'Warde', 'Haslehurst', '346953601914206', '9:19 AM', '6:34 PM', '882-31-5170');
INSERT INTO Empleado (IdEmpleado, CodigoEmpleado, Nombre, Apellido, CuentaBancaria, HoraEntrada, HoraSalida, Cedula)
VALUES (212, '20-9051001', 'Rozele', 'Redferne', '5048377450497826', '9:48 AM', '6:12 PM', '865-44-8620');
INSERT INTO Empleado (IdEmpleado, CodigoEmpleado, Nombre, Apellido, CuentaBancaria, HoraEntrada, HoraSalida, Cedula)
VALUES (213, '78-7608948', 'Giustino', 'Howieson', '3543058376913063', '9:10 AM', '4:27 PM', '665-37-8808');
INSERT INTO Empleado (IdEmpleado, CodigoEmpleado, Nombre, Apellido, CuentaBancaria, HoraEntrada, HoraSalida, Cedula)
VALUES (214, '95-8575327', 'Aurelia', 'Dulton', '3566638614525985', '9:07 AM', '6:11 PM', '292-18-2003');
INSERT INTO Empleado (IdEmpleado, CodigoEmpleado, Nombre, Apellido, CuentaBancaria, HoraEntrada, HoraSalida, Cedula)
VALUES (215, '80-7001046', 'Aldwin', 'Whetton', '3569714214002159', '8:34 AM', '4:44 PM', '617-07-7203');
INSERT INTO Empleado (IdEmpleado, CodigoEmpleado, Nombre, Apellido, CuentaBancaria, HoraEntrada, HoraSalida, Cedula)
VALUES (216, '00-7866743', 'Cthrine', 'Rizzardi', '5602257793005437544', '8:17 AM', '4:51 PM', '642-86-4525');
INSERT INTO Empleado (IdEmpleado, CodigoEmpleado, Nombre, Apellido, CuentaBancaria, HoraEntrada, HoraSalida, Cedula)
VALUES (217, '26-2677947', 'Eberto', 'Perone', '67621839801204115', '8:02 AM', '6:53 PM', '641-79-6357');
INSERT INTO Empleado (IdEmpleado, CodigoEmpleado, Nombre, Apellido, CuentaBancaria, HoraEntrada, HoraSalida, Cedula)
VALUES (218, '39-2206284', 'Flory', 'Rasp', '4911182157828811', '8:48 AM', '6:39 PM', '630-85-0335');
INSERT INTO Empleado (IdEmpleado, CodigoEmpleado, Nombre, Apellido, CuentaBancaria, HoraEntrada, HoraSalida, Cedula)
VALUES (219, '90-8030717', 'Mabelle', 'Morby', '201463555416939', '9:47 AM', '4:14 PM', '259-53-6767');
INSERT INTO Empleado (IdEmpleado, CodigoEmpleado, Nombre, Apellido, CuentaBancaria, HoraEntrada, HoraSalida, Cedula)
VALUES (220, '32-6748543', 'Dane', 'Sonley', '3585424946436879', '8:40 AM', '6:03 PM', '805-98-5159');
INSERT INTO Empleado (IdEmpleado, CodigoEmpleado, Nombre, Apellido, CuentaBancaria, HoraEntrada, HoraSalida, Cedula)
VALUES (221, '66-8018541', 'Odie', 'Bernardon', '3536406510894146', '9:06 AM', '5:22 PM', '314-26-4538');
INSERT INTO Empleado (IdEmpleado, CodigoEmpleado, Nombre, Apellido, CuentaBancaria, HoraEntrada, HoraSalida, Cedula)
VALUES (222, '87-8442002', 'Josi', 'Maybery', '3546810115701416', '8:46 AM', '4:47 PM', '750-83-2250');
INSERT INTO Empleado (IdEmpleado, CodigoEmpleado, Nombre, Apellido, CuentaBancaria, HoraEntrada, HoraSalida, Cedula)
VALUES (223, '26-6655733', 'Christan', 'Shawley', '501883973117411337', '8:44 AM', '4:13 PM', '541-15-7476');
INSERT INTO Empleado (IdEmpleado, CodigoEmpleado, Nombre, Apellido, CuentaBancaria, HoraEntrada, HoraSalida, Cedula)
VALUES (224, '24-9309202', 'Robena', 'Sandever', '5100145973714356', '9:31 AM', '6:36 PM', '367-57-9768');
INSERT INTO Empleado (IdEmpleado, CodigoEmpleado, Nombre, Apellido, CuentaBancaria, HoraEntrada, HoraSalida, Cedula)
VALUES (225, '99-9158137', 'My', 'Beswell', '36127580333895', '9:49 AM', '4:15 PM', '897-91-3012');
INSERT INTO Empleado (IdEmpleado, CodigoEmpleado, Nombre, Apellido, CuentaBancaria, HoraEntrada, HoraSalida, Cedula)
VALUES (226, '49-0160207', 'Leeanne', 'Grenshiels', '3562170213764934', '9:02 AM', '4:03 PM', '543-37-6537');
INSERT INTO Empleado (IdEmpleado, CodigoEmpleado, Nombre, Apellido, CuentaBancaria, HoraEntrada, HoraSalida, Cedula)
VALUES (227, '61-3386588', 'Andris', 'Ashard', '630440104037239029', '9:19 AM', '6:00 PM', '611-12-7032');
INSERT INTO Empleado (IdEmpleado, CodigoEmpleado, Nombre, Apellido, CuentaBancaria, HoraEntrada, HoraSalida, Cedula)
VALUES (228, '28-3718807', 'Nissie', 'Skippen', '67065531402556372', '9:13 AM', '5:09 PM', '428-09-3240');
INSERT INTO Empleado (IdEmpleado, CodigoEmpleado, Nombre, Apellido, CuentaBancaria, HoraEntrada, HoraSalida, Cedula)
VALUES (229, '96-9198028', 'Joleen', 'Eaken', '4207254974992923', '8:28 AM', '4:50 PM', '668-63-9462');
INSERT INTO Empleado (IdEmpleado, CodigoEmpleado, Nombre, Apellido, CuentaBancaria, HoraEntrada, HoraSalida, Cedula)
VALUES (230, '78-8750400', 'Esther', 'Kleinsinger', '67061196675411848', '9:03 AM', '4:26 PM', '229-28-8485');
INSERT INTO Empleado (IdEmpleado, CodigoEmpleado, Nombre, Apellido, CuentaBancaria, HoraEntrada, HoraSalida, Cedula)
VALUES (231, '99-9437677', 'Jemie', 'Moore', '30029847795393', '9:41 AM', '6:51 PM', '120-22-1588');
INSERT INTO Empleado (IdEmpleado, CodigoEmpleado, Nombre, Apellido, CuentaBancaria, HoraEntrada, HoraSalida, Cedula)
VALUES (232, '03-8629483', 'Langston', 'Chesley', '490501290096381433', '8:01 AM', '6:41 PM', '535-68-0163');
INSERT INTO Empleado (IdEmpleado, CodigoEmpleado, Nombre, Apellido, CuentaBancaria, HoraEntrada, HoraSalida, Cedula)
VALUES (233, '43-2786324', 'Julianne', 'Sach', '490565123557791068', '8:49 AM', '4:39 PM', '894-53-3973');
INSERT INTO Empleado (IdEmpleado, CodigoEmpleado, Nombre, Apellido, CuentaBancaria, HoraEntrada, HoraSalida, Cedula)
VALUES (234, '26-9823201', 'Barthel', 'Fagge', '6761247170713797905', '8:09 AM', '5:34 PM', '219-94-0998');
INSERT INTO Empleado (IdEmpleado, CodigoEmpleado, Nombre, Apellido, CuentaBancaria, HoraEntrada, HoraSalida, Cedula)
VALUES (235, '49-8512983', 'Neron', 'Hairesnape', '4405518873976678', '9:22 AM', '5:23 PM', '334-69-7279');
INSERT INTO Empleado (IdEmpleado, CodigoEmpleado, Nombre, Apellido, CuentaBancaria, HoraEntrada, HoraSalida, Cedula)
VALUES (236, '97-4500540', 'Nata', 'Morgon', '3566114986758265', '9:52 AM', '6:25 PM', '540-04-8237');
INSERT INTO Empleado (IdEmpleado, CodigoEmpleado, Nombre, Apellido, CuentaBancaria, HoraEntrada, HoraSalida, Cedula)
VALUES (237, '18-4322875', 'Alistair', 'Easson', '67629773974252530', '9:39 AM', '6:07 PM', '458-92-8804');
INSERT INTO Empleado (IdEmpleado, CodigoEmpleado, Nombre, Apellido, CuentaBancaria, HoraEntrada, HoraSalida, Cedula)
VALUES (238, '93-2152576', 'Roger', 'Shreeve', '3550051884781254', '9:27 AM', '5:54 PM', '465-02-4670');
INSERT INTO Empleado (IdEmpleado, CodigoEmpleado, Nombre, Apellido, CuentaBancaria, HoraEntrada, HoraSalida, Cedula)
VALUES (239, '94-3079156', 'Vincenz', 'Kenrack', '3562736519865409', '8:12 AM', '5:49 PM', '135-92-1257');
INSERT INTO Empleado (IdEmpleado, CodigoEmpleado, Nombre, Apellido, CuentaBancaria, HoraEntrada, HoraSalida, Cedula)
VALUES (240, '61-8323272', 'Corilla', 'Binton', '3579615345325203', '8:37 AM', '4:18 PM', '768-04-7076');
INSERT INTO Empleado (IdEmpleado, CodigoEmpleado, Nombre, Apellido, CuentaBancaria, HoraEntrada, HoraSalida, Cedula)
VALUES (241, '27-0219013', 'Ash', 'Kitteringham', '3583320520132797', '9:07 AM', '6:48 PM', '684-21-0102');
INSERT INTO Empleado (IdEmpleado, CodigoEmpleado, Nombre, Apellido, CuentaBancaria, HoraEntrada, HoraSalida, Cedula)
VALUES (242, '13-9987547', 'Guillermo', 'Deuss', '201988510913190', '9:51 AM', '4:07 PM', '314-52-0720');
INSERT INTO Empleado (IdEmpleado, CodigoEmpleado, Nombre, Apellido, CuentaBancaria, HoraEntrada, HoraSalida, Cedula)
VALUES (243, '74-4572697', 'Daniele', 'Schlagtmans', '6386952331662554', '8:46 AM', '5:58 PM', '863-43-0145');
INSERT INTO Empleado (IdEmpleado, CodigoEmpleado, Nombre, Apellido, CuentaBancaria, HoraEntrada, HoraSalida, Cedula)
VALUES (244, '80-4908563', 'Briggs', 'McGlue', '5602251419436971077', '8:44 AM', '6:23 PM', '864-90-6678');
INSERT INTO Empleado (IdEmpleado, CodigoEmpleado, Nombre, Apellido, CuentaBancaria, HoraEntrada, HoraSalida, Cedula)
VALUES (245, '51-8399471', 'Issie', 'Maddaford', '3586950490383603', '8:21 AM', '6:30 PM', '647-83-9443');
INSERT INTO Empleado (IdEmpleado, CodigoEmpleado, Nombre, Apellido, CuentaBancaria, HoraEntrada, HoraSalida, Cedula)
VALUES (246, '33-8348306', 'Romona', 'Pessler', '3532903953057300', '9:48 AM', '5:08 PM', '281-83-2848');
INSERT INTO Empleado (IdEmpleado, CodigoEmpleado, Nombre, Apellido, CuentaBancaria, HoraEntrada, HoraSalida, Cedula)
VALUES (247, '32-4291787', 'Jephthah', 'Keoghan', '5602227772411664005', '8:08 AM', '5:56 PM', '229-95-4227');
INSERT INTO Empleado (IdEmpleado, CodigoEmpleado, Nombre, Apellido, CuentaBancaria, HoraEntrada, HoraSalida, Cedula)
VALUES (248, '45-6596424', 'Montague', 'Mort', '30200735527012', '8:55 AM', '4:09 PM', '323-20-8027');
INSERT INTO Empleado (IdEmpleado, CodigoEmpleado, Nombre, Apellido, CuentaBancaria, HoraEntrada, HoraSalida, Cedula)
VALUES (249, '32-0018370', 'Dareen', 'Wealleans', '4905509770338414', '8:00 AM', '6:35 PM', '863-02-1899');
INSERT INTO Empleado (IdEmpleado, CodigoEmpleado, Nombre, Apellido, CuentaBancaria, HoraEntrada, HoraSalida, Cedula)
VALUES (250, '23-4664101', 'Hayden', 'Skoggings', '3529085423585592', '9:59 AM', '6:49 PM', '274-59-9575');
INSERT INTO Empleado (IdEmpleado, CodigoEmpleado, Nombre, Apellido, CuentaBancaria, HoraEntrada, HoraSalida, Cedula)
VALUES (251, '35-9723148', 'Yvette', 'Leebeter', '5249367657339159', '8:58 AM', '5:31 PM', '208-07-2790');
INSERT INTO Empleado (IdEmpleado, CodigoEmpleado, Nombre, Apellido, CuentaBancaria, HoraEntrada, HoraSalida, Cedula)
VALUES (252, '80-1991093', 'Kissiah', 'Dufore', '201580954018188', '9:04 AM', '5:30 PM', '878-70-8565');
INSERT INTO Empleado (IdEmpleado, CodigoEmpleado, Nombre, Apellido, CuentaBancaria, HoraEntrada, HoraSalida, Cedula)
VALUES (253, '74-2808813', 'Townie', 'Glave', '3530664372479242', '9:45 AM', '5:41 PM', '139-89-0671');
INSERT INTO Empleado (IdEmpleado, CodigoEmpleado, Nombre, Apellido, CuentaBancaria, HoraEntrada, HoraSalida, Cedula)
VALUES (254, '80-3592183', 'Hilly', 'Oneal', '30077942205511', '9:58 AM', '4:59 PM', '423-54-2712');
INSERT INTO Empleado (IdEmpleado, CodigoEmpleado, Nombre, Apellido, CuentaBancaria, HoraEntrada, HoraSalida, Cedula)
VALUES (255, '40-5598268', 'Gustavus', 'Measham', '3541608784688616', '9:20 AM', '5:40 PM', '665-80-9601');
INSERT INTO Empleado (IdEmpleado, CodigoEmpleado, Nombre, Apellido, CuentaBancaria, HoraEntrada, HoraSalida, Cedula)
VALUES (256, '89-4938051', 'Vance', 'Gooderridge', '4405749598074263', '9:52 AM', '4:42 PM', '434-90-1755');
INSERT INTO Empleado (IdEmpleado, CodigoEmpleado, Nombre, Apellido, CuentaBancaria, HoraEntrada, HoraSalida, Cedula)
VALUES (257, '97-5637731', 'Heinrik', 'Horrod', '3570538223595599', '9:19 AM', '6:33 PM', '343-38-9628');
INSERT INTO Empleado (IdEmpleado, CodigoEmpleado, Nombre, Apellido, CuentaBancaria, HoraEntrada, HoraSalida, Cedula)
VALUES (258, '88-1342679', 'Jennie', 'Welfare', '5100146985139210', '8:59 AM', '4:39 PM', '154-57-9558');
INSERT INTO Empleado (IdEmpleado, CodigoEmpleado, Nombre, Apellido, CuentaBancaria, HoraEntrada, HoraSalida, Cedula)
VALUES (259, '11-3394814', 'Rose', 'Olver', '5641828365131369699', '8:23 AM', '5:21 PM', '332-14-0165');
INSERT INTO Empleado (IdEmpleado, CodigoEmpleado, Nombre, Apellido, CuentaBancaria, HoraEntrada, HoraSalida, Cedula)
VALUES (260, '31-1804494', 'Foss', 'Connaughton', '3589769637951487', '9:38 AM', '6:37 PM', '752-08-4115');
INSERT INTO Empleado (IdEmpleado, CodigoEmpleado, Nombre, Apellido, CuentaBancaria, HoraEntrada, HoraSalida, Cedula)
VALUES (261, '59-9677224', 'Mara', 'Bogeys', '3533150610185632', '8:49 AM', '4:15 PM', '659-74-6580');
INSERT INTO Empleado (IdEmpleado, CodigoEmpleado, Nombre, Apellido, CuentaBancaria, HoraEntrada, HoraSalida, Cedula)
VALUES (262, '85-6240062', 'Evaleen', 'Chestnut', '56022348493442015', '8:49 AM', '4:40 PM', '162-60-8558');
INSERT INTO Empleado (IdEmpleado, CodigoEmpleado, Nombre, Apellido, CuentaBancaria, HoraEntrada, HoraSalida, Cedula)
VALUES (263, '11-3847321', 'Zollie', 'Palleske', '3587429979930290', '8:16 AM', '6:38 PM', '698-94-3867');
INSERT INTO Empleado (IdEmpleado, CodigoEmpleado, Nombre, Apellido, CuentaBancaria, HoraEntrada, HoraSalida, Cedula)
VALUES (264, '03-4267790', 'Hinze', 'Dumsday', '633110206991386333', '8:09 AM', '6:10 PM', '863-91-5260');
INSERT INTO Empleado (IdEmpleado, CodigoEmpleado, Nombre, Apellido, CuentaBancaria, HoraEntrada, HoraSalida, Cedula)
VALUES (265, '90-5801410', 'Letitia', 'Tallach', '3575855643991975', '9:04 AM', '5:07 PM', '180-11-2642');
INSERT INTO Empleado (IdEmpleado, CodigoEmpleado, Nombre, Apellido, CuentaBancaria, HoraEntrada, HoraSalida, Cedula)
VALUES (266, '45-4130862', 'Royal', 'Paroni', '374288422829696', '8:28 AM', '5:28 PM', '706-40-0134');
INSERT INTO Empleado (IdEmpleado, CodigoEmpleado, Nombre, Apellido, CuentaBancaria, HoraEntrada, HoraSalida, Cedula)
VALUES (267, '97-6372148', 'Sammy', 'Brasted', '201671833182459', '9:59 AM', '4:21 PM', '142-86-3887');
INSERT INTO Empleado (IdEmpleado, CodigoEmpleado, Nombre, Apellido, CuentaBancaria, HoraEntrada, HoraSalida, Cedula)
VALUES (268, '21-6622788', 'Hephzibah', 'Jewiss', '5451490774550525', '8:01 AM', '6:25 PM', '105-89-4130');
INSERT INTO Empleado (IdEmpleado, CodigoEmpleado, Nombre, Apellido, CuentaBancaria, HoraEntrada, HoraSalida, Cedula)
VALUES (269, '96-2711310', 'Tannie', 'Oattes', '30406498740177', '9:07 AM', '4:49 PM', '546-09-8744');
INSERT INTO Empleado (IdEmpleado, CodigoEmpleado, Nombre, Apellido, CuentaBancaria, HoraEntrada, HoraSalida, Cedula)
VALUES (270, '20-1257234', 'Storm', 'Magill', '3531380132200427', '9:31 AM', '6:14 PM', '529-32-6081');
INSERT INTO Empleado (IdEmpleado, CodigoEmpleado, Nombre, Apellido, CuentaBancaria, HoraEntrada, HoraSalida, Cedula)
VALUES (271, '12-3573019', 'Junie', 'Patient', '201511312840500', '8:04 AM', '4:03 PM', '647-52-5341');
INSERT INTO Empleado (IdEmpleado, CodigoEmpleado, Nombre, Apellido, CuentaBancaria, HoraEntrada, HoraSalida, Cedula)
VALUES (272, '20-4690947', 'Faina', 'Bratton', '3562956375660799', '9:52 AM', '5:39 PM', '201-29-9777');
INSERT INTO Empleado (IdEmpleado, CodigoEmpleado, Nombre, Apellido, CuentaBancaria, HoraEntrada, HoraSalida, Cedula)
VALUES (273, '43-4750046', 'Alyce', 'Thompstone', '3562211559741720', '8:23 AM', '6:10 PM', '583-29-3171');
INSERT INTO Empleado (IdEmpleado, CodigoEmpleado, Nombre, Apellido, CuentaBancaria, HoraEntrada, HoraSalida, Cedula)
VALUES (274, '44-8422636', 'Leena', 'Breinl', '3562769673379586', '8:14 AM', '4:34 PM', '445-17-0797');
INSERT INTO Empleado (IdEmpleado, CodigoEmpleado, Nombre, Apellido, CuentaBancaria, HoraEntrada, HoraSalida, Cedula)
VALUES (275, '12-5866328', 'Lorelei', 'Oguz', '4405773699553520', '9:12 AM', '4:54 PM', '105-11-5448');
INSERT INTO Empleado (IdEmpleado, CodigoEmpleado, Nombre, Apellido, CuentaBancaria, HoraEntrada, HoraSalida, Cedula)
VALUES (276, '53-5427360', 'Lars', 'Etteridge', '30361069886315', '8:38 AM', '4:08 PM', '175-88-5133');
INSERT INTO Empleado (IdEmpleado, CodigoEmpleado, Nombre, Apellido, CuentaBancaria, HoraEntrada, HoraSalida, Cedula)
VALUES (277, '06-9761890', 'Janifer', 'Pigdon', '4041596830674644', '9:39 AM', '5:24 PM', '409-85-1377');
INSERT INTO Empleado (IdEmpleado, CodigoEmpleado, Nombre, Apellido, CuentaBancaria, HoraEntrada, HoraSalida, Cedula)
VALUES (278, '61-4603534', 'Spence', 'Doughtery', '3589667248825829', '9:30 AM', '6:02 PM', '532-55-3703');
INSERT INTO Empleado (IdEmpleado, CodigoEmpleado, Nombre, Apellido, CuentaBancaria, HoraEntrada, HoraSalida, Cedula)
VALUES (279, '87-8370941', 'Nola', 'Dodell', '4844166672389971', '9:36 AM', '4:30 PM', '457-74-5016');
INSERT INTO Empleado (IdEmpleado, CodigoEmpleado, Nombre, Apellido, CuentaBancaria, HoraEntrada, HoraSalida, Cedula)
VALUES (280, '09-4623071', 'Isac', 'Peyntue', '201562265826426', '8:48 AM', '6:37 PM', '113-51-9086');
INSERT INTO Empleado (IdEmpleado, CodigoEmpleado, Nombre, Apellido, CuentaBancaria, HoraEntrada, HoraSalida, Cedula)
VALUES (281, '35-4663578', 'Donnajean', 'Muff', '3584996602881671', '9:07 AM', '6:51 PM', '263-59-4553');
INSERT INTO Empleado (IdEmpleado, CodigoEmpleado, Nombre, Apellido, CuentaBancaria, HoraEntrada, HoraSalida, Cedula)
VALUES (282, '41-9743810', 'Jeanine', 'O''Scanlan', '3584143340656814', '9:22 AM', '5:12 PM', '258-16-1104');
INSERT INTO Empleado (IdEmpleado, CodigoEmpleado, Nombre, Apellido, CuentaBancaria, HoraEntrada, HoraSalida, Cedula)
VALUES (283, '54-5673090', 'Blancha', 'Poulney', '3554483777140882', '9:20 AM', '4:43 PM', '138-12-3532');
INSERT INTO Empleado (IdEmpleado, CodigoEmpleado, Nombre, Apellido, CuentaBancaria, HoraEntrada, HoraSalida, Cedula)
VALUES (284, '66-1261036', 'Perri', 'Lakeman', '3560176173431531', '9:59 AM', '5:54 PM', '396-28-0449');
INSERT INTO Empleado (IdEmpleado, CodigoEmpleado, Nombre, Apellido, CuentaBancaria, HoraEntrada, HoraSalida, Cedula)
VALUES (285, '43-7518760', 'Modesta', 'Dorrity', '30137578664488', '8:32 AM', '6:28 PM', '148-52-7403');
INSERT INTO Empleado (IdEmpleado, CodigoEmpleado, Nombre, Apellido, CuentaBancaria, HoraEntrada, HoraSalida, Cedula)
VALUES (286, '16-2908142', 'Lothaire', 'Ouldred', '4913015492304668', '8:39 AM', '4:15 PM', '210-49-5729');
INSERT INTO Empleado (IdEmpleado, CodigoEmpleado, Nombre, Apellido, CuentaBancaria, HoraEntrada, HoraSalida, Cedula)
VALUES (287, '42-2573959', 'Mickie', 'Izard', '5610746276798880', '9:31 AM', '4:05 PM', '444-20-2243');
INSERT INTO Empleado (IdEmpleado, CodigoEmpleado, Nombre, Apellido, CuentaBancaria, HoraEntrada, HoraSalida, Cedula)
VALUES (288, '26-0678508', 'Holli', 'Maryon', '633110684279731299', '8:34 AM', '6:41 PM', '697-18-8727');
INSERT INTO Empleado (IdEmpleado, CodigoEmpleado, Nombre, Apellido, CuentaBancaria, HoraEntrada, HoraSalida, Cedula)
VALUES (289, '00-5517183', 'Krystle', 'Stud', '345265619081253', '8:00 AM', '5:30 PM', '887-42-8700');
INSERT INTO Empleado (IdEmpleado, CodigoEmpleado, Nombre, Apellido, CuentaBancaria, HoraEntrada, HoraSalida, Cedula)
VALUES (290, '07-4212577', 'Joly', 'Lebell', '3533109967911974', '9:33 AM', '5:37 PM', '617-07-2939');
INSERT INTO Empleado (IdEmpleado, CodigoEmpleado, Nombre, Apellido, CuentaBancaria, HoraEntrada, HoraSalida, Cedula)
VALUES (291, '17-0460775', 'Tillie', 'Mulheron', '6398864549077705', '8:28 AM', '5:17 PM', '731-74-8330');
INSERT INTO Empleado (IdEmpleado, CodigoEmpleado, Nombre, Apellido, CuentaBancaria, HoraEntrada, HoraSalida, Cedula)
VALUES (292, '54-5282735', 'Sutton', 'Caygill', '6759404188007255292', '8:46 AM', '5:11 PM', '876-74-7137');
INSERT INTO Empleado (IdEmpleado, CodigoEmpleado, Nombre, Apellido, CuentaBancaria, HoraEntrada, HoraSalida, Cedula)
VALUES (293, '99-2949486', 'Justina', 'Jakov', '67627246914956298', '8:59 AM', '4:50 PM', '637-05-0923');
INSERT INTO Empleado (IdEmpleado, CodigoEmpleado, Nombre, Apellido, CuentaBancaria, HoraEntrada, HoraSalida, Cedula)
VALUES (294, '56-0758263', 'Ernaline', 'Scamal', '3533194605467100', '8:00 AM', '5:00 PM', '839-21-3570');
INSERT INTO Empleado (IdEmpleado, CodigoEmpleado, Nombre, Apellido, CuentaBancaria, HoraEntrada, HoraSalida, Cedula)
VALUES (295, '24-6240402', 'Helga', 'Palliser', '3574942107425210', '9:11 AM', '6:34 PM', '772-19-4021');
INSERT INTO Empleado (IdEmpleado, CodigoEmpleado, Nombre, Apellido, CuentaBancaria, HoraEntrada, HoraSalida, Cedula)
VALUES (296, '59-9544301', 'Dede', 'Gallamore', '5398903699837468', '8:26 AM', '6:51 PM', '513-80-2626');
INSERT INTO Empleado (IdEmpleado, CodigoEmpleado, Nombre, Apellido, CuentaBancaria, HoraEntrada, HoraSalida, Cedula)
VALUES (297, '32-0105476', 'Erny', 'Edward', '5602246338671399', '8:48 AM', '5:48 PM', '387-49-4640');
INSERT INTO Empleado (IdEmpleado, CodigoEmpleado, Nombre, Apellido, CuentaBancaria, HoraEntrada, HoraSalida, Cedula)
VALUES (298, '70-1178189', 'Mignonne', 'Beefon', '3535254420890452', '9:49 AM', '6:29 PM', '864-42-8443');
INSERT INTO Empleado (IdEmpleado, CodigoEmpleado, Nombre, Apellido, CuentaBancaria, HoraEntrada, HoraSalida, Cedula)
VALUES (299, '14-1435095', 'Vitia', 'Harrower', '3552994578017758', '8:12 AM', '4:15 PM', '516-18-1828');
INSERT INTO Empleado (IdEmpleado, CodigoEmpleado, Nombre, Apellido, CuentaBancaria, HoraEntrada, HoraSalida, Cedula)
VALUES (300, '58-3770025', 'Jess', 'Cocking', '3559535385022011', '8:58 AM', '4:17 PM', '576-59-1911');
INSERT INTO Empleado (IdEmpleado, CodigoEmpleado, Nombre, Apellido, CuentaBancaria, HoraEntrada, HoraSalida, Cedula)
VALUES (301, '58-1726309', 'Phil', 'Frances', '3542158947818220', '8:37 AM', '4:40 PM', '459-25-4234');
INSERT INTO Empleado (IdEmpleado, CodigoEmpleado, Nombre, Apellido, CuentaBancaria, HoraEntrada, HoraSalida, Cedula)
VALUES (302, '21-2930086', 'Frank', 'Broom', '337941259918976', '9:07 AM', '4:41 PM', '726-28-1838');
INSERT INTO Empleado (IdEmpleado, CodigoEmpleado, Nombre, Apellido, CuentaBancaria, HoraEntrada, HoraSalida, Cedula)
VALUES (303, '48-8418911', 'Sheilah', 'Roper', '36335095033674', '8:49 AM', '4:46 PM', '120-63-1011');
INSERT INTO Empleado (IdEmpleado, CodigoEmpleado, Nombre, Apellido, CuentaBancaria, HoraEntrada, HoraSalida, Cedula)
VALUES (304, '31-6980995', 'Sonnie', 'Francey', '630417306145778157', '8:41 AM', '6:06 PM', '750-45-8419');
INSERT INTO Empleado (IdEmpleado, CodigoEmpleado, Nombre, Apellido, CuentaBancaria, HoraEntrada, HoraSalida, Cedula)
VALUES (305, '61-4062839', 'Crysta', 'Shearsby', '5408938855211726', '9:30 AM', '6:06 PM', '732-61-0855');
INSERT INTO Empleado (IdEmpleado, CodigoEmpleado, Nombre, Apellido, CuentaBancaria, HoraEntrada, HoraSalida, Cedula)
VALUES (306, '48-6633852', 'Rafferty', 'Valentinetti', '5893611084315407724', '8:18 AM', '6:29 PM', '113-36-7744');
INSERT INTO Empleado (IdEmpleado, CodigoEmpleado, Nombre, Apellido, CuentaBancaria, HoraEntrada, HoraSalida, Cedula)
VALUES (307, '15-3150925', 'Ruprecht', 'Kibble', '372619440019021', '9:09 AM', '6:56 PM', '464-61-7454');
INSERT INTO Empleado (IdEmpleado, CodigoEmpleado, Nombre, Apellido, CuentaBancaria, HoraEntrada, HoraSalida, Cedula)
VALUES (308, '79-2125972', 'Orlando', 'Byass', '3582722197821647', '8:25 AM', '4:15 PM', '244-19-5300');
INSERT INTO Empleado (IdEmpleado, CodigoEmpleado, Nombre, Apellido, CuentaBancaria, HoraEntrada, HoraSalida, Cedula)
VALUES (309, '14-5316938', 'Tedman', 'Frise', '4017956584390070', '9:37 AM', '6:23 PM', '837-22-3964');
INSERT INTO Empleado (IdEmpleado, CodigoEmpleado, Nombre, Apellido, CuentaBancaria, HoraEntrada, HoraSalida, Cedula)
VALUES (310, '14-5748394', 'Keefer', 'Waggitt', '3564678008026036', '9:21 AM', '6:27 PM', '579-33-9261');
INSERT INTO Empleado (IdEmpleado, CodigoEmpleado, Nombre, Apellido, CuentaBancaria, HoraEntrada, HoraSalida, Cedula)
VALUES (311, '29-4283271', 'Jobye', 'Bellino', '5602245752208811', '9:41 AM', '5:27 PM', '526-27-1835');
INSERT INTO Empleado (IdEmpleado, CodigoEmpleado, Nombre, Apellido, CuentaBancaria, HoraEntrada, HoraSalida, Cedula)
VALUES (312, '42-1592955', 'Danna', 'Solomon', '30583833259632', '9:20 AM', '5:58 PM', '860-63-6840');
INSERT INTO Empleado (IdEmpleado, CodigoEmpleado, Nombre, Apellido, CuentaBancaria, HoraEntrada, HoraSalida, Cedula)
VALUES (313, '30-7356911', 'Phylis', 'Brompton', '5602217005892386', '8:16 AM', '6:31 PM', '213-93-5248');
INSERT INTO Empleado (IdEmpleado, CodigoEmpleado, Nombre, Apellido, CuentaBancaria, HoraEntrada, HoraSalida, Cedula)
VALUES (314, '20-7812238', 'Tonye', 'Beminster', '493606138992044316', '8:31 AM', '6:06 PM', '249-45-2686');
INSERT INTO Empleado (IdEmpleado, CodigoEmpleado, Nombre, Apellido, CuentaBancaria, HoraEntrada, HoraSalida, Cedula)
VALUES (315, '00-7282064', 'Marnie', 'Coxhell', '3573229817397884', '8:22 AM', '5:45 PM', '563-92-8881');
INSERT INTO Empleado (IdEmpleado, CodigoEmpleado, Nombre, Apellido, CuentaBancaria, HoraEntrada, HoraSalida, Cedula)
VALUES (316, '20-0884114', 'Cedric', 'Alloisi', '5108753728311816', '9:30 AM', '5:47 PM', '176-79-0306');
INSERT INTO Empleado (IdEmpleado, CodigoEmpleado, Nombre, Apellido, CuentaBancaria, HoraEntrada, HoraSalida, Cedula)
VALUES (317, '02-8443845', 'Wenona', 'Wightman', '3568568058184049', '8:33 AM', '5:25 PM', '555-93-9001');
INSERT INTO Empleado (IdEmpleado, CodigoEmpleado, Nombre, Apellido, CuentaBancaria, HoraEntrada, HoraSalida, Cedula)
VALUES (318, '14-8204728', 'Taddeusz', 'Malletratt', '3550874767024769', '8:38 AM', '4:16 PM', '362-92-6212');
INSERT INTO Empleado (IdEmpleado, CodigoEmpleado, Nombre, Apellido, CuentaBancaria, HoraEntrada, HoraSalida, Cedula)
VALUES (319, '38-5241800', 'Kristian', 'Jurs', '5010129259425936', '9:55 AM', '6:31 PM', '319-35-4184');
INSERT INTO Empleado (IdEmpleado, CodigoEmpleado, Nombre, Apellido, CuentaBancaria, HoraEntrada, HoraSalida, Cedula)
VALUES (320, '57-9964467', 'Florri', 'Graundisson', '3559595059042117', '9:11 AM', '5:10 PM', '780-06-2124');
INSERT INTO Empleado (IdEmpleado, CodigoEmpleado, Nombre, Apellido, CuentaBancaria, HoraEntrada, HoraSalida, Cedula)
VALUES (321, '99-8108050', 'Alain', 'Noakes', '3588653297006421', '8:40 AM', '4:20 PM', '750-01-9208');
INSERT INTO Empleado (IdEmpleado, CodigoEmpleado, Nombre, Apellido, CuentaBancaria, HoraEntrada, HoraSalida, Cedula)
VALUES (322, '46-9146102', 'Trevor', 'Roubeix', '3565251345222863', '8:22 AM', '6:40 PM', '667-60-4307');
INSERT INTO Empleado (IdEmpleado, CodigoEmpleado, Nombre, Apellido, CuentaBancaria, HoraEntrada, HoraSalida, Cedula)
VALUES (323, '14-9188748', 'Karoly', 'Chominski', '201997299539084', '9:11 AM', '6:12 PM', '262-76-4337');
INSERT INTO Empleado (IdEmpleado, CodigoEmpleado, Nombre, Apellido, CuentaBancaria, HoraEntrada, HoraSalida, Cedula)
VALUES (324, '79-9988464', 'Tessa', 'Rouge', '4917235486680602', '8:34 AM', '6:11 PM', '625-95-2401');
INSERT INTO Empleado (IdEmpleado, CodigoEmpleado, Nombre, Apellido, CuentaBancaria, HoraEntrada, HoraSalida, Cedula)
VALUES (325, '78-9751186', 'Kaspar', 'Farrant', '3575032617267010', '8:06 AM', '6:29 PM', '485-95-1298');
INSERT INTO Empleado (IdEmpleado, CodigoEmpleado, Nombre, Apellido, CuentaBancaria, HoraEntrada, HoraSalida, Cedula)
VALUES (326, '24-2606938', 'Ernst', 'Berr', '4405361952400801', '8:52 AM', '5:03 PM', '336-38-4864');
INSERT INTO Empleado (IdEmpleado, CodigoEmpleado, Nombre, Apellido, CuentaBancaria, HoraEntrada, HoraSalida, Cedula)
VALUES (327, '41-2446344', 'Ivy', 'MacLise', '201438525834429', '9:31 AM', '4:45 PM', '522-16-4403');
INSERT INTO Empleado (IdEmpleado, CodigoEmpleado, Nombre, Apellido, CuentaBancaria, HoraEntrada, HoraSalida, Cedula)
VALUES (328, '75-4513812', 'Mahalia', 'Evelyn', '3550440237509159', '8:30 AM', '4:06 PM', '207-87-6246');
INSERT INTO Empleado (IdEmpleado, CodigoEmpleado, Nombre, Apellido, CuentaBancaria, HoraEntrada, HoraSalida, Cedula)
VALUES (329, '54-4578527', 'Faustina', 'Senner', '3568605260561810', '8:40 AM', '6:10 PM', '596-87-3808');
INSERT INTO Empleado (IdEmpleado, CodigoEmpleado, Nombre, Apellido, CuentaBancaria, HoraEntrada, HoraSalida, Cedula)
VALUES (330, '45-9481592', 'Avril', 'Dunsire', '3539899428263171', '8:50 AM', '5:48 PM', '176-88-3588');
INSERT INTO Empleado (IdEmpleado, CodigoEmpleado, Nombre, Apellido, CuentaBancaria, HoraEntrada, HoraSalida, Cedula)
VALUES (331, '23-3433163', 'Karry', 'Matten', '3554305454169340', '9:02 AM', '6:06 PM', '405-51-4404');
INSERT INTO Empleado (IdEmpleado, CodigoEmpleado, Nombre, Apellido, CuentaBancaria, HoraEntrada, HoraSalida, Cedula)
VALUES (332, '79-4664556', 'Morley', 'Plunkett', '3549751943557272', '9:29 AM', '6:36 PM', '720-23-8954');
INSERT INTO Empleado (IdEmpleado, CodigoEmpleado, Nombre, Apellido, CuentaBancaria, HoraEntrada, HoraSalida, Cedula)
VALUES (333, '60-9203451', 'Eustace', 'Yuill', '30011918881526', '9:01 AM', '6:37 PM', '428-47-1547');
INSERT INTO Empleado (IdEmpleado, CodigoEmpleado, Nombre, Apellido, CuentaBancaria, HoraEntrada, HoraSalida, Cedula)
VALUES (334, '18-2546331', 'Rogerio', 'Christoffersen', '30583744928309', '9:01 AM', '5:26 PM', '465-31-7948');
INSERT INTO Empleado (IdEmpleado, CodigoEmpleado, Nombre, Apellido, CuentaBancaria, HoraEntrada, HoraSalida, Cedula)
VALUES (335, '14-0986120', 'Brendan', 'Cumbers', '4913868781894959', '9:14 AM', '4:10 PM', '378-88-5862');
INSERT INTO Empleado (IdEmpleado, CodigoEmpleado, Nombre, Apellido, CuentaBancaria, HoraEntrada, HoraSalida, Cedula)
VALUES (336, '24-3937742', 'Skip', 'Nisard', '30316067059471', '8:27 AM', '4:25 PM', '753-45-7214');
INSERT INTO Empleado (IdEmpleado, CodigoEmpleado, Nombre, Apellido, CuentaBancaria, HoraEntrada, HoraSalida, Cedula)
VALUES (337, '95-6985134', 'Nan', 'Jaynes', '5002355310413377', '8:17 AM', '6:35 PM', '515-60-4905');
INSERT INTO Empleado (IdEmpleado, CodigoEmpleado, Nombre, Apellido, CuentaBancaria, HoraEntrada, HoraSalida, Cedula)
VALUES (338, '25-2871490', 'Gianni', 'Doucette', '3530427008077479', '8:47 AM', '6:50 PM', '811-14-0036');
INSERT INTO Empleado (IdEmpleado, CodigoEmpleado, Nombre, Apellido, CuentaBancaria, HoraEntrada, HoraSalida, Cedula)
VALUES (339, '70-8238346', 'Wallie', 'Silbert', '676358135023031841', '8:03 AM', '4:50 PM', '405-82-6428');
INSERT INTO Empleado (IdEmpleado, CodigoEmpleado, Nombre, Apellido, CuentaBancaria, HoraEntrada, HoraSalida, Cedula)
VALUES (340, '26-1748137', 'Persis', 'Kopec', '5602249955919596', '9:36 AM', '6:37 PM', '491-15-6861');
INSERT INTO Empleado (IdEmpleado, CodigoEmpleado, Nombre, Apellido, CuentaBancaria, HoraEntrada, HoraSalida, Cedula)
VALUES (341, '97-7142694', 'Meridith', 'Timbs', '490587950970852539', '8:23 AM', '6:06 PM', '386-41-0315');
INSERT INTO Empleado (IdEmpleado, CodigoEmpleado, Nombre, Apellido, CuentaBancaria, HoraEntrada, HoraSalida, Cedula)
VALUES (342, '06-0643627', 'Johannes', 'Moden', '3529515388928981', '9:19 AM', '4:39 PM', '240-17-6720');
INSERT INTO Empleado (IdEmpleado, CodigoEmpleado, Nombre, Apellido, CuentaBancaria, HoraEntrada, HoraSalida, Cedula)
VALUES (343, '14-8185351', 'Gawen', 'Rowson', '3564599329348679', '8:27 AM', '5:04 PM', '629-54-4603');
INSERT INTO Empleado (IdEmpleado, CodigoEmpleado, Nombre, Apellido, CuentaBancaria, HoraEntrada, HoraSalida, Cedula)
VALUES (344, '72-3541857', 'Hollis', 'Lalley', '6304764678965792962', '8:58 AM', '6:45 PM', '440-47-0850');
INSERT INTO Empleado (IdEmpleado, CodigoEmpleado, Nombre, Apellido, CuentaBancaria, HoraEntrada, HoraSalida, Cedula)
VALUES (345, '05-1228676', 'Sigismundo', 'Woodman', '3589817704777929', '8:10 AM', '4:57 PM', '560-91-9831');
INSERT INTO Empleado (IdEmpleado, CodigoEmpleado, Nombre, Apellido, CuentaBancaria, HoraEntrada, HoraSalida, Cedula)
VALUES (346, '34-0936262', 'Monro', 'Lacasa', '5602238661084803', '9:44 AM', '6:17 PM', '672-94-5907');
INSERT INTO Empleado (IdEmpleado, CodigoEmpleado, Nombre, Apellido, CuentaBancaria, HoraEntrada, HoraSalida, Cedula)
VALUES (347, '15-1324863', 'Giana', 'Epperson', '5602213738566579', '8:52 AM', '6:26 PM', '335-21-3239');
INSERT INTO Empleado (IdEmpleado, CodigoEmpleado, Nombre, Apellido, CuentaBancaria, HoraEntrada, HoraSalida, Cedula)
VALUES (348, '85-5654158', 'Janenna', 'Atchly', '5641825831725981259', '8:07 AM', '5:09 PM', '591-58-3809');
INSERT INTO Empleado (IdEmpleado, CodigoEmpleado, Nombre, Apellido, CuentaBancaria, HoraEntrada, HoraSalida, Cedula)
VALUES (349, '13-6311436', 'Nedi', 'Skirvin', '501807540322602787', '8:48 AM', '6:30 PM', '442-50-6845');
INSERT INTO Empleado (IdEmpleado, CodigoEmpleado, Nombre, Apellido, CuentaBancaria, HoraEntrada, HoraSalida, Cedula)
VALUES (350, '29-2293278', 'Dawn', 'Crollman', '3569196951449837', '8:52 AM', '6:41 PM', '174-86-6506');

INSERT INTO Aeropuerto (IdAeropuerto, Nombre, Localizacion, CodigoAeropuerto, IdBodega)
VALUES (1, 'Antwerpen', '-45.91111, 83.50676', 'B5U 4N8', 1),
       (2, 'Moircy', '56.00296, -150.90138', 'W7B 2A9', 2),
       (3, 'Kerikeri', '69.3463, -128.23589', 'F3D 5M6', 3),
       (4, 'Fort Worth', '-48.26511, 18.91526', 'M9I 3T0', 4),
       (5, 'Maisires', '6.0765, 130.93852', 'L0N 4V1', 5),
       (6, 'Sioux City', '5.30617, -77.30994', 'Z8X 9L7', 6),
       (7, 'Glenrothes', '57.29164, -150.8046', 'A1R 2D1', 7),
       (8, 'De Klinge', '-59.02782, 134.56831', 'V3O 6P5', 8),
       (9, 'Acquedolci', '-44.21574, 2.87855', 'T9C 9A4', 9),
       (10, 'Medicine Hat', '-21.71652, 26.39817', 'C6O 9Y7', 10);
INSERT INTO Aeropuerto (IdAeropuerto, Nombre, Localizacion, CodigoAeropuerto, IdBodega)
VALUES (11, 'Cape Breton Island', '71.88887, -48.67063', 'G0A 8A5', 11),
       (12, 'Isola del Gran Sasso Italia', '-3.39036, 78.57774', 'T3Z 8Z3', 12),
       (13, 'Wimborne Minster', '75.14682, -81.5997', 'L1Q 0F0', 13),
       (14, 'Roksem', '5.59472, -20.38525', 'E6I 1N1', 14),
       (15, 'North Saanich', '34.14445, -167.04692', 'E5J 7K0', 15),
       (16, 'Bathgate', '42.09734, 143.45289', 'D5H 1H7', 16),
       (17, 'Buzet', '-76.37021, -176.90581', 'B0L 7G2', 17),
       (18, 'Gangtok', '52.43933, 46.68357', 'N1U 2S8', 18),
       (19, 'Ajaccio', '85.99821, 51.66068', 'D4H 4P6', 19),
       (20, 'Burlington', '-48.06977, -108.16826', 'P4D 1J3', 20);
INSERT INTO Aeropuerto (IdAeropuerto, Nombre, Localizacion, CodigoAeropuerto, IdBodega)
VALUES (21, 'Kaneohe', '54.18733, -140.56064', 'O4T 4I1', 21),
       (22, 'Muzaffarnagar', '81.72097, 3.86655', 'E1P 2Z9', 22),
       (23, 'Victor Harbor', '-33.91998, -15.76022', 'O0P 5W5', 23),
       (24, 'Court-Saint-Etienne', '-4.79354, -59.06756', 'M8V 4R2', 24),
       (25, 'Codegua', '-70.21978, -150.03718', 'X5U 8R5', 25),
       (26, 'Jaipur', '77.82923, 108.60271', 'T9G 5P4', 26),
       (27, 'Balclutha', '-14.1178, 17.94673', 'M8N 4K0', 27),
       (28, 'Inverurie', '-72.45294, -159.5672', 'H4G 4G8', 28),
       (29, 'Grand-Hallet', '-4.19105, -62.26444', 'B2F 8F9', 29),
       (30, 'Sint-Joost-ten-Node', '-65.96549, 16.72043', 'P4Z 0R2', 30);


INSERT INTO Vuelo (IdVuelo, NumeroVuelo, Destino, Origen, FechaLLegada, HoraLLegada, FechaSalida, HoraSalida, Precio,
                   PesoMaximo, Estado, IdAerolinea, IdAvion)
VALUES (1, '68599-0207', 'Nassarawa', 'Dongjin', '3/6/2019', '1:03 PM', '9/6/2019', '3:07 AM', 1486, 18, 'inactivo', 1,
        1),
       (2, '39822-0330', 'Bela Vista', 'Eira Nova', '3/6/2019', '3:07 AM', '4/25/2019', '8:16 PM', 1534, 15, 'inactivo',
        2, 2),
       (3, '50436-7054', 'Willowmore', 'Carvalhal da Aroeira', '11/29/2018', '10:45 AM', '8/21/2019', '9:46 AM', 830,
        19, 'activo', 3, 3),
       (4, '68327-031', 'verkalix', 'Cn Son', '9/14/2019', '4:53 AM', '10/7/2018', '5:29 PM', 1438, 20, 'activo', 4,
        4),
       (5, '68462-189', 'Saint Louis', 'Katrineholm', '9/15/2019', '11:50 PM', '9/8/2019', '4:22 AM', 445, 16, 'activo',
        5, 5),
       (6, '63941-136', 'dr', 'Turki', '1/15/2019', '6:42 AM', '8/11/2019', '12:33 PM', 1688, 16, 'inactivo', 6, 6),
       (7, '59262-602', 'Tiout', 'Potrerillos Arriba', '1/2/2019', '5:59 AM', '7/21/2019', '12:15 AM', 1609, 18,
        'inactivo', 7, 7),
       (8, '47682-456', 'Oued Lill', 'Kengyuan', '5/1/2019', '1:34 AM', '8/10/2019', '2:15 AM', 167, 18, 'inactivo', 8,
        8),
       (9, '65912-110', 'Hengshitang', 'Hujirt', '11/1/2018', '4:11 AM', '2/28/2019', '7:46 AM', 659, 19, 'inactivo', 9,
        9),
       (10, '13668-007', 'Ugba', 'Kbenhavn', '12/2/2018', '11:17 PM', '6/10/2019', '12:41 PM', 1544, 16, 'inactivo',
        10, 10),
       (11, '37000-329', 'Zhangjiagang', 'Challas', '6/1/2019', '9:39 PM', '12/27/2018', '4:48 PM', 1782, 16, 'activo',
        11, 11),
       (12, '68828-168', 'Campaka', 'Bhatpara Abhaynagar', '10/9/2018', '8:59 PM', '8/3/2019', '11:14 PM', 1355, 15,
        'inactivo', 12, 12),
       (13, '50268-566', 'Shuangjie', 'Hostivice', '8/18/2019', '2:11 PM', '11/15/2018', '7:49 PM', 167, 18, 'activo',
        13, 13),
       (14, '13537-056', 'Laranjeiras do Sul', 'Fengtang', '4/24/2019', '1:38 AM', '1/20/2019', '2:01 AM', 820, 15,
        'inactivo', 14, 14),
       (15, '59779-602', 'Bor Ondor', 'Paobokol', '8/23/2019', '1:23 AM', '11/8/2018', '4:26 AM', 1421, 17, 'inactivo',
        15, 15),
       (16, '44924-115', 'Concepcin del Bermejo', 'Gorbatov', '10/10/2018', '9:00 PM', '11/16/2018', '5:41 PM', 1863,
        20, 'activo', 16, 16),
       (17, '68828-142', 'Katyr-Yurt', 'Caucasia', '3/20/2019', '12:30 AM', '2/8/2019', '12:24 AM', 1357, 17, 'activo',
        17, 17),
       (18, '50988-303', 'Megati Kelod', 'Marseille', '9/2/2019', '8:52 AM', '5/2/2019', '10:45 PM', 444, 20,
        'inactivo', 18, 18),
       (19, '62756-402', 'Damu', 'Annecy', '8/12/2019', '2:04 PM', '7/2/2019', '3:53 AM', 1289, 18, 'activo', 19, 19),
       (20, '47682-502', 'Lillehammer', 'Zurowa', '10/9/2018', '7:58 AM', '10/15/2018', '9:27 PM', 950, 15, 'activo',
        20, 20),
       (21, '72036-227', 'Cineumbeuy', 'Weixing', '4/13/2019', '6:08 AM', '7/10/2019', '7:43 AM', 1605, 20, 'inactivo',
        21, 21),
       (22, '54868-0023', 'Pont-Rouge', 'Dongshi', '4/8/2019', '4:51 PM', '4/8/2019', '1:24 PM', 384, 18, 'activo', 22,
        22),
       (23, '10578-007', 'Jugezhuang', 'Kushelevka', '7/31/2019', '7:32 AM', '4/7/2019', '6:25 AM', 1615, 15, 'activo',
        23, 23);


INSERT INTO Comunicacion(NumeroVuelo, IdEmpleado, CodigoComunicacion, FechaHoraLlegada, Posicion, IdAvion)
VALUES ('68599-0207', 1, 'HH34', '3/6/2019 1:03 PM', '74.59414, 94.65963', 5),
       ('39822-0330', 2, 'HH35', '3/6/2019 3:07 AM', '36.78288, -114.63097', 6),
       ('50436-7054', 3, 'HH36', '11/29/2018 10:45 AM', '-42.67903, -45.55604', 9),
       ('68327-031', 4, 'HH37', '9/14/2019 4:53 AM', '62.1307, -168.62623', 11),
       ('68462-189', 5, 'HH38', '9/15/2019 11:50 PM', '-9.53922, 89.81114', 13),
       ('63941-136', 6, 'HH39', '1/15/2019 6:42 AM', '27.68857, -153.32989', 19),
       ('59262-602', 7, 'HH40', '1/2/2019 5:59 AM', '11.14654, 18.82832', 22),
       ('47682-456', 8, 'HH41', '5/1/2019 1:34 AM', '7.84576, 85.03089', 23),
       ('65912-110', 9, 'HH42', '11/1/2018 4:11 AM', '23.00857, 72.06644', 33),
       ('13668-007', 10, 'HH43', '12/2/2018 11:17 PM', '-1.78913, 52.41769', 34),
       ('37000-329', 11, 'HH44', '6/1/2019 9:39 PM', '44.48885, 71.9936', 37),
       ('68828-168', 12, 'HH45', '10/9/2018 8:59 PM', '-14.00903, 41.17652', 43),
       ('50268-566', 13, 'HH46', '8/18/2019 2:11 PM', '81.79194, -8.07556', 46),
       ('13537-056', 14, 'HH47', '4/24/2019 1:38 AM', '74.80172, -154.13674', 49),
       ('59779-602', 15, 'HH48', '8/23/2019 1:23 AM', '-88.38751, -163.56674', 56),
       ('44924-115', 16, 'HH49', '10/10/2018 9:00 PM', '0.7419, -69.51497', 59),
       ('68828-142', 17, 'HH50', '3/20/2019 12:30 AM', '-0.80358, 131.95282', 61),
       ('50988-303', 18, 'HH51', '9/2/2019 8:52 AM', '25.64045, 164.98045', 65),
       ('62756-402', 19, 'HH52', '8/12/2019 2:04 PM', '28.8023, 25.89468', 68),
       ('47682-502', 20, 'HH53', '10/9/2018 7:58 AM', '33.02762, -62.66558', 69),
       ('72036-227', 21, 'HH54', '4/13/2019 6:08 AM', '50.15866, 3.22938', 63),
       ('54868-0023', 22, 'HH55', '4/8/2019 4:51 PM', '76.21951, 146.58636', 64),
       ('10578-007', 23, 'HH556', '7/31/2019 7:32 AM', '86.28188, 138.7941', 58);


INSERT INTO EmpleadoAeropuerto (IdAeropuerto, IdEmpleado, Puesto, Salario, FechaIngreso)
VALUES (21, 1, 'Automation Specialist II', 1293, '7/6/2019');
INSERT INTO EmpleadoAeropuerto (IdAeropuerto, IdEmpleado, Puesto, Salario, FechaIngreso)
VALUES (23, 2, 'Biostatistician I', 300, '10/29/1997');
INSERT INTO EmpleadoAeropuerto (IdAeropuerto, IdEmpleado, Puesto, Salario, FechaIngreso)
VALUES (14, 3, 'Teacher', 979, '5/12/2006');
INSERT INTO EmpleadoAeropuerto (IdAeropuerto, IdEmpleado, Puesto, Salario, FechaIngreso)
VALUES (7, 4, 'Graphic Designer', 572, '12/20/1997');
INSERT INTO EmpleadoAeropuerto (IdAeropuerto, IdEmpleado, Puesto, Salario, FechaIngreso)
VALUES (6, 5, 'Senior Quality Engineer', 172, '6/24/2010');
INSERT INTO EmpleadoAeropuerto (IdAeropuerto, IdEmpleado, Puesto, Salario, FechaIngreso)
VALUES (19, 6, 'Occupational Therapist', 212, '9/4/2006');
INSERT INTO EmpleadoAeropuerto (IdAeropuerto, IdEmpleado, Puesto, Salario, FechaIngreso)
VALUES (26, 7, 'Human Resources Manager', 149, '5/22/1999');
INSERT INTO EmpleadoAeropuerto (IdAeropuerto, IdEmpleado, Puesto, Salario, FechaIngreso)
VALUES (10, 8, 'Analog Circuit Design manager', 667, '7/24/2001');
INSERT INTO EmpleadoAeropuerto (IdAeropuerto, IdEmpleado, Puesto, Salario, FechaIngreso)
VALUES (13, 9, 'Software Test Engineer I', 1464, '10/6/1987');
INSERT INTO EmpleadoAeropuerto (IdAeropuerto, IdEmpleado, Puesto, Salario, FechaIngreso)
VALUES (14, 10, 'Marketing Manager', 871, '2/21/2017');
INSERT INTO EmpleadoAeropuerto (IdAeropuerto, IdEmpleado, Puesto, Salario, FechaIngreso)
VALUES (22, 11, 'Human Resources Assistant IV', 924, '3/31/2001');
INSERT INTO EmpleadoAeropuerto (IdAeropuerto, IdEmpleado, Puesto, Salario, FechaIngreso)
VALUES (28, 12, 'VP Sales', 1137, '3/14/2006');
INSERT INTO EmpleadoAeropuerto (IdAeropuerto, IdEmpleado, Puesto, Salario, FechaIngreso)
VALUES (8, 13, 'Recruiter', 599, '12/10/2006');
INSERT INTO EmpleadoAeropuerto (IdAeropuerto, IdEmpleado, Puesto, Salario, FechaIngreso)
VALUES (22, 14, 'Senior Developer', 877, '9/14/2015');
INSERT INTO EmpleadoAeropuerto (IdAeropuerto, IdEmpleado, Puesto, Salario, FechaIngreso)
VALUES (4, 15, 'Associate Professor', 394, '2/8/1986');
INSERT INTO EmpleadoAeropuerto (IdAeropuerto, IdEmpleado, Puesto, Salario, FechaIngreso)
VALUES (22, 16, 'Programmer III', 1483, '9/19/2010');
INSERT INTO EmpleadoAeropuerto (IdAeropuerto, IdEmpleado, Puesto, Salario, FechaIngreso)
VALUES (11, 17, 'VP Sales', 331, '9/18/2010');
INSERT INTO EmpleadoAeropuerto (IdAeropuerto, IdEmpleado, Puesto, Salario, FechaIngreso)
VALUES (13, 18, 'Engineer III', 349, '4/9/1999');
INSERT INTO EmpleadoAeropuerto (IdAeropuerto, IdEmpleado, Puesto, Salario, FechaIngreso)
VALUES (4, 19, 'Senior Developer', 995, '12/6/2009');
INSERT INTO EmpleadoAeropuerto (IdAeropuerto, IdEmpleado, Puesto, Salario, FechaIngreso)
VALUES (16, 20, 'Geological Engineer', 368, '10/18/1996');
INSERT INTO EmpleadoAeropuerto (IdAeropuerto, IdEmpleado, Puesto, Salario, FechaIngreso)
VALUES (24, 21, 'Programmer Analyst IV', 1425, '6/23/2019');
INSERT INTO EmpleadoAeropuerto (IdAeropuerto, IdEmpleado, Puesto, Salario, FechaIngreso)
VALUES (28, 22, 'Legal Assistant', 1002, '4/30/2007');
INSERT INTO EmpleadoAeropuerto (IdAeropuerto, IdEmpleado, Puesto, Salario, FechaIngreso)
VALUES (7, 23, 'Health Coach IV', 448, '8/24/2000');
INSERT INTO EmpleadoAeropuerto (IdAeropuerto, IdEmpleado, Puesto, Salario, FechaIngreso)
VALUES (9, 24, 'Account Representative II', 682, '9/22/1985');
INSERT INTO EmpleadoAeropuerto (IdAeropuerto, IdEmpleado, Puesto, Salario, FechaIngreso)
VALUES (9, 25, 'Social Worker', 516, '4/28/1989');
INSERT INTO EmpleadoAeropuerto (IdAeropuerto, IdEmpleado, Puesto, Salario, FechaIngreso)
VALUES (8, 26, 'Help Desk Technician', 1420, '4/2/2018');
INSERT INTO EmpleadoAeropuerto (IdAeropuerto, IdEmpleado, Puesto, Salario, FechaIngreso)
VALUES (1, 27, 'Clinical Specialist', 416, '12/30/2011');
INSERT INTO EmpleadoAeropuerto (IdAeropuerto, IdEmpleado, Puesto, Salario, FechaIngreso)
VALUES (16, 28, 'Help Desk Operator', 497, '10/1/1986');
INSERT INTO EmpleadoAeropuerto (IdAeropuerto, IdEmpleado, Puesto, Salario, FechaIngreso)
VALUES (18, 29, 'Human Resources Manager', 399, '3/1/2007');
INSERT INTO EmpleadoAeropuerto (IdAeropuerto, IdEmpleado, Puesto, Salario, FechaIngreso)
VALUES (19, 30, 'Office Assistant III', 938, '2/16/1987');
INSERT INTO EmpleadoAeropuerto (IdAeropuerto, IdEmpleado, Puesto, Salario, FechaIngreso)
VALUES (29, 31, 'Registered Nurse', 796, '7/23/1987');
INSERT INTO EmpleadoAeropuerto (IdAeropuerto, IdEmpleado, Puesto, Salario, FechaIngreso)
VALUES (24, 32, 'Professor', 619, '5/26/1999');
INSERT INTO EmpleadoAeropuerto (IdAeropuerto, IdEmpleado, Puesto, Salario, FechaIngreso)
VALUES (24, 33, 'Food Chemist', 221, '8/6/1990');
INSERT INTO EmpleadoAeropuerto (IdAeropuerto, IdEmpleado, Puesto, Salario, FechaIngreso)
VALUES (18, 34, 'Data Coordiator', 991, '6/29/2010');
INSERT INTO EmpleadoAeropuerto (IdAeropuerto, IdEmpleado, Puesto, Salario, FechaIngreso)
VALUES (11, 35, 'Account Executive', 1208, '2/11/1990');
INSERT INTO EmpleadoAeropuerto (IdAeropuerto, IdEmpleado, Puesto, Salario, FechaIngreso)
VALUES (16, 36, 'Environmental Tech', 631, '7/2/1995');
INSERT INTO EmpleadoAeropuerto (IdAeropuerto, IdEmpleado, Puesto, Salario, FechaIngreso)
VALUES (19, 37, 'Chemical Engineer', 899, '6/7/2002');
INSERT INTO EmpleadoAeropuerto (IdAeropuerto, IdEmpleado, Puesto, Salario, FechaIngreso)
VALUES (12, 38, 'Paralegal', 906, '10/8/1998');
INSERT INTO EmpleadoAeropuerto (IdAeropuerto, IdEmpleado, Puesto, Salario, FechaIngreso)
VALUES (1, 39, 'Financial Advisor', 1330, '3/2/2010');
INSERT INTO EmpleadoAeropuerto (IdAeropuerto, IdEmpleado, Puesto, Salario, FechaIngreso)
VALUES (23, 40, 'Accountant III', 1327, '3/2/2014');
INSERT INTO EmpleadoAeropuerto (IdAeropuerto, IdEmpleado, Puesto, Salario, FechaIngreso)
VALUES (19, 41, 'Editor', 275, '4/26/2005');
INSERT INTO EmpleadoAeropuerto (IdAeropuerto, IdEmpleado, Puesto, Salario, FechaIngreso)
VALUES (5, 42, 'Developer II', 186, '5/11/2016');
INSERT INTO EmpleadoAeropuerto (IdAeropuerto, IdEmpleado, Puesto, Salario, FechaIngreso)
VALUES (25, 43, 'Dental Hygienist', 123, '8/5/2019');
INSERT INTO EmpleadoAeropuerto (IdAeropuerto, IdEmpleado, Puesto, Salario, FechaIngreso)
VALUES (5, 44, 'Pharmacist', 918, '7/19/2006');
INSERT INTO EmpleadoAeropuerto (IdAeropuerto, IdEmpleado, Puesto, Salario, FechaIngreso)
VALUES (12, 45, 'Tax Accountant', 158, '6/2/2007');
INSERT INTO EmpleadoAeropuerto (IdAeropuerto, IdEmpleado, Puesto, Salario, FechaIngreso)
VALUES (4, 46, 'Quality Control Specialist', 606, '1/4/1997');
INSERT INTO EmpleadoAeropuerto (IdAeropuerto, IdEmpleado, Puesto, Salario, FechaIngreso)
VALUES (1, 47, 'Environmental Specialist', 169, '1/29/2004');
INSERT INTO EmpleadoAeropuerto (IdAeropuerto, IdEmpleado, Puesto, Salario, FechaIngreso)
VALUES (24, 48, 'Analyst Programmer', 754, '6/13/2000');
INSERT INTO EmpleadoAeropuerto (IdAeropuerto, IdEmpleado, Puesto, Salario, FechaIngreso)
VALUES (22, 49, 'Senior Editor', 1029, '3/14/1991');
INSERT INTO EmpleadoAeropuerto (IdAeropuerto, IdEmpleado, Puesto, Salario, FechaIngreso)
VALUES (30, 50, 'Budget/Accounting Analyst III', 1097, '3/4/2008');
INSERT INTO EmpleadoAeropuerto (IdAeropuerto, IdEmpleado, Puesto, Salario, FechaIngreso)
VALUES (24, 51, 'Software Consultant', 877, '3/1/2015');
INSERT INTO EmpleadoAeropuerto (IdAeropuerto, IdEmpleado, Puesto, Salario, FechaIngreso)
VALUES (3, 52, 'Assistant Media Planner', 1448, '5/11/1992');
INSERT INTO EmpleadoAeropuerto (IdAeropuerto, IdEmpleado, Puesto, Salario, FechaIngreso)
VALUES (21, 53, 'Recruiting Manager', 1129, '1/2/2001');
INSERT INTO EmpleadoAeropuerto (IdAeropuerto, IdEmpleado, Puesto, Salario, FechaIngreso)
VALUES (13, 54, 'Assistant Media Planner', 220, '10/10/2002');
INSERT INTO EmpleadoAeropuerto (IdAeropuerto, IdEmpleado, Puesto, Salario, FechaIngreso)
VALUES (8, 55, 'Account Representative IV', 1495, '5/17/1993');
INSERT INTO EmpleadoAeropuerto (IdAeropuerto, IdEmpleado, Puesto, Salario, FechaIngreso)
VALUES (9, 56, 'General Manager', 966, '6/7/1995');
INSERT INTO EmpleadoAeropuerto (IdAeropuerto, IdEmpleado, Puesto, Salario, FechaIngreso)
VALUES (22, 57, 'Senior Cost Accountant', 943, '3/13/2002');
INSERT INTO EmpleadoAeropuerto (IdAeropuerto, IdEmpleado, Puesto, Salario, FechaIngreso)
VALUES (3, 58, 'Staff Accountant IV', 1182, '3/11/2005');
INSERT INTO EmpleadoAeropuerto (IdAeropuerto, IdEmpleado, Puesto, Salario, FechaIngreso)
VALUES (20, 59, 'VP Accounting', 160, '5/18/1993');
INSERT INTO EmpleadoAeropuerto (IdAeropuerto, IdEmpleado, Puesto, Salario, FechaIngreso)
VALUES (18, 60, 'Software Engineer III', 815, '8/6/1988');
INSERT INTO EmpleadoAeropuerto (IdAeropuerto, IdEmpleado, Puesto, Salario, FechaIngreso)
VALUES (9, 61, 'Electrical Engineer', 1496, '7/22/2006');
INSERT INTO EmpleadoAeropuerto (IdAeropuerto, IdEmpleado, Puesto, Salario, FechaIngreso)
VALUES (24, 62, 'Actuary', 709, '1/19/2000');
INSERT INTO EmpleadoAeropuerto (IdAeropuerto, IdEmpleado, Puesto, Salario, FechaIngreso)
VALUES (16, 63, 'Desktop Support Technician', 1048, '7/4/2015');
INSERT INTO EmpleadoAeropuerto (IdAeropuerto, IdEmpleado, Puesto, Salario, FechaIngreso)
VALUES (1, 64, 'Senior Quality Engineer', 400, '9/6/2005');
INSERT INTO EmpleadoAeropuerto (IdAeropuerto, IdEmpleado, Puesto, Salario, FechaIngreso)
VALUES (6, 65, 'Nuclear Power Engineer', 1014, '3/5/2015');
INSERT INTO EmpleadoAeropuerto (IdAeropuerto, IdEmpleado, Puesto, Salario, FechaIngreso)
VALUES (14, 66, 'Physical Therapy Assistant', 1456, '11/5/2017');
INSERT INTO EmpleadoAeropuerto (IdAeropuerto, IdEmpleado, Puesto, Salario, FechaIngreso)
VALUES (24, 67, 'Marketing Assistant', 1168, '6/8/1995');
INSERT INTO EmpleadoAeropuerto (IdAeropuerto, IdEmpleado, Puesto, Salario, FechaIngreso)
VALUES (11, 68, 'Pharmacist', 831, '5/7/2003');
INSERT INTO EmpleadoAeropuerto (IdAeropuerto, IdEmpleado, Puesto, Salario, FechaIngreso)
VALUES (1, 69, 'Structural Analysis Engineer', 862, '1/18/2007');
INSERT INTO EmpleadoAeropuerto (IdAeropuerto, IdEmpleado, Puesto, Salario, FechaIngreso)
VALUES (12, 70, 'Financial Advisor', 420, '10/26/2014');
INSERT INTO EmpleadoAeropuerto (IdAeropuerto, IdEmpleado, Puesto, Salario, FechaIngreso)
VALUES (18, 71, 'VP Sales', 1032, '3/23/1987');
INSERT INTO EmpleadoAeropuerto (IdAeropuerto, IdEmpleado, Puesto, Salario, FechaIngreso)
VALUES (18, 72, 'Help Desk Technician', 327, '7/3/1997');
INSERT INTO EmpleadoAeropuerto (IdAeropuerto, IdEmpleado, Puesto, Salario, FechaIngreso)
VALUES (1, 73, 'Design Engineer', 171, '1/28/1988');
INSERT INTO EmpleadoAeropuerto (IdAeropuerto, IdEmpleado, Puesto, Salario, FechaIngreso)
VALUES (28, 74, 'Speech Pathologist', 716, '12/4/2017');
INSERT INTO EmpleadoAeropuerto (IdAeropuerto, IdEmpleado, Puesto, Salario, FechaIngreso)
VALUES (3, 75, 'Engineer IV', 1206, '1/25/1990');
INSERT INTO EmpleadoAeropuerto (IdAeropuerto, IdEmpleado, Puesto, Salario, FechaIngreso)
VALUES (25, 76, 'Software Engineer I', 789, '9/10/1993');
INSERT INTO EmpleadoAeropuerto (IdAeropuerto, IdEmpleado, Puesto, Salario, FechaIngreso)
VALUES (11, 77, 'Analog Circuit Design manager', 1193, '12/21/1996');
INSERT INTO EmpleadoAeropuerto (IdAeropuerto, IdEmpleado, Puesto, Salario, FechaIngreso)
VALUES (3, 78, 'Civil Engineer', 375, '1/3/1986');
INSERT INTO EmpleadoAeropuerto (IdAeropuerto, IdEmpleado, Puesto, Salario, FechaIngreso)
VALUES (29, 79, 'Technical Writer', 1316, '5/7/2011');
INSERT INTO EmpleadoAeropuerto (IdAeropuerto, IdEmpleado, Puesto, Salario, FechaIngreso)
VALUES (3, 80, 'Senior Financial Analyst', 467, '12/8/2016');
INSERT INTO EmpleadoAeropuerto (IdAeropuerto, IdEmpleado, Puesto, Salario, FechaIngreso)
VALUES (1, 81, 'VP Quality Control', 220, '8/7/2014');
INSERT INTO EmpleadoAeropuerto (IdAeropuerto, IdEmpleado, Puesto, Salario, FechaIngreso)
VALUES (5, 82, 'Speech Pathologist', 464, '3/23/2016');
INSERT INTO EmpleadoAeropuerto (IdAeropuerto, IdEmpleado, Puesto, Salario, FechaIngreso)
VALUES (12, 83, 'Accounting Assistant III', 673, '11/1/2007');
INSERT INTO EmpleadoAeropuerto (IdAeropuerto, IdEmpleado, Puesto, Salario, FechaIngreso)
VALUES (5, 84, 'VP Quality Control', 141, '12/20/2005');
INSERT INTO EmpleadoAeropuerto (IdAeropuerto, IdEmpleado, Puesto, Salario, FechaIngreso)
VALUES (1, 85, 'Senior Editor', 900, '4/3/2005');
INSERT INTO EmpleadoAeropuerto (IdAeropuerto, IdEmpleado, Puesto, Salario, FechaIngreso)
VALUES (21, 86, 'Environmental Specialist', 1424, '8/8/2006');
INSERT INTO EmpleadoAeropuerto (IdAeropuerto, IdEmpleado, Puesto, Salario, FechaIngreso)
VALUES (29, 87, 'Internal Auditor', 425, '11/21/2017');
INSERT INTO EmpleadoAeropuerto (IdAeropuerto, IdEmpleado, Puesto, Salario, FechaIngreso)
VALUES (4, 88, 'Food Chemist', 688, '1/10/2002');
INSERT INTO EmpleadoAeropuerto (IdAeropuerto, IdEmpleado, Puesto, Salario, FechaIngreso)
VALUES (4, 89, 'Engineer I', 575, '5/14/1990');
INSERT INTO EmpleadoAeropuerto (IdAeropuerto, IdEmpleado, Puesto, Salario, FechaIngreso)
VALUES (17, 90, 'Structural Engineer', 238, '2/10/2004');
INSERT INTO EmpleadoAeropuerto (IdAeropuerto, IdEmpleado, Puesto, Salario, FechaIngreso)
VALUES (24, 91, 'Librarian', 1406, '4/6/2017');
INSERT INTO EmpleadoAeropuerto (IdAeropuerto, IdEmpleado, Puesto, Salario, FechaIngreso)
VALUES (7, 92, 'Geological Engineer', 1250, '3/13/1993');
INSERT INTO EmpleadoAeropuerto (IdAeropuerto, IdEmpleado, Puesto, Salario, FechaIngreso)
VALUES (20, 93, 'Editor', 1362, '3/16/2013');
INSERT INTO EmpleadoAeropuerto (IdAeropuerto, IdEmpleado, Puesto, Salario, FechaIngreso)
VALUES (19, 94, 'Mechanical Systems Engineer', 641, '5/30/2010');
INSERT INTO EmpleadoAeropuerto (IdAeropuerto, IdEmpleado, Puesto, Salario, FechaIngreso)
VALUES (15, 95, 'Pharmacist', 1037, '11/30/2002');
INSERT INTO EmpleadoAeropuerto (IdAeropuerto, IdEmpleado, Puesto, Salario, FechaIngreso)
VALUES (15, 96, 'Pharmacist', 311, '8/20/1986');
INSERT INTO EmpleadoAeropuerto (IdAeropuerto, IdEmpleado, Puesto, Salario, FechaIngreso)
VALUES (8, 97, 'Associate Professor', 119, '6/3/1994');
INSERT INTO EmpleadoAeropuerto (IdAeropuerto, IdEmpleado, Puesto, Salario, FechaIngreso)
VALUES (23, 98, 'Account Coordinator', 454, '7/31/1987');
INSERT INTO EmpleadoAeropuerto (IdAeropuerto, IdEmpleado, Puesto, Salario, FechaIngreso)
VALUES (15, 99, 'Software Engineer IV', 443, '11/8/1997');
INSERT INTO EmpleadoAeropuerto (IdAeropuerto, IdEmpleado, Puesto, Salario, FechaIngreso)
VALUES (7, 100, 'Pharmacist', 804, '10/27/1990');
INSERT INTO EmpleadoAeropuerto (IdAeropuerto, IdEmpleado, Puesto, Salario, FechaIngreso)
VALUES (18, 101, 'Occupational Therapist', 918, '5/12/2014');
INSERT INTO EmpleadoAeropuerto (IdAeropuerto, IdEmpleado, Puesto, Salario, FechaIngreso)
VALUES (28, 102, 'Assistant Professor', 352, '2/27/1997');
INSERT INTO EmpleadoAeropuerto (IdAeropuerto, IdEmpleado, Puesto, Salario, FechaIngreso)
VALUES (16, 103, 'Community Outreach Specialist', 1296, '9/15/1995');
INSERT INTO EmpleadoAeropuerto (IdAeropuerto, IdEmpleado, Puesto, Salario, FechaIngreso)
VALUES (19, 104, 'Environmental Specialist', 466, '6/23/1994');
INSERT INTO EmpleadoAeropuerto (IdAeropuerto, IdEmpleado, Puesto, Salario, FechaIngreso)
VALUES (8, 105, 'VP Accounting', 593, '4/27/1999');
INSERT INTO EmpleadoAeropuerto (IdAeropuerto, IdEmpleado, Puesto, Salario, FechaIngreso)
VALUES (26, 106, 'Clinical Specialist', 1416, '12/5/1996');
INSERT INTO EmpleadoAeropuerto (IdAeropuerto, IdEmpleado, Puesto, Salario, FechaIngreso)
VALUES (13, 107, 'Internal Auditor', 939, '1/4/2016');
INSERT INTO EmpleadoAeropuerto (IdAeropuerto, IdEmpleado, Puesto, Salario, FechaIngreso)
VALUES (3, 108, 'Human Resources Manager', 956, '5/8/1986');
INSERT INTO EmpleadoAeropuerto (IdAeropuerto, IdEmpleado, Puesto, Salario, FechaIngreso)
VALUES (1, 109, 'Administrative Officer', 120, '11/25/1992');
INSERT INTO EmpleadoAeropuerto (IdAeropuerto, IdEmpleado, Puesto, Salario, FechaIngreso)
VALUES (1, 110, 'Web Designer III', 564, '12/14/2018');
INSERT INTO EmpleadoAeropuerto (IdAeropuerto, IdEmpleado, Puesto, Salario, FechaIngreso)
VALUES (21, 111, 'Occupational Therapist', 1405, '4/1/2004');
INSERT INTO EmpleadoAeropuerto (IdAeropuerto, IdEmpleado, Puesto, Salario, FechaIngreso)
VALUES (11, 112, 'Biostatistician III', 1296, '4/5/1994');
INSERT INTO EmpleadoAeropuerto (IdAeropuerto, IdEmpleado, Puesto, Salario, FechaIngreso)
VALUES (15, 113, 'General Manager', 485, '10/19/2001');
INSERT INTO EmpleadoAeropuerto (IdAeropuerto, IdEmpleado, Puesto, Salario, FechaIngreso)
VALUES (14, 114, 'Help Desk Operator', 409, '10/15/2015');
INSERT INTO EmpleadoAeropuerto (IdAeropuerto, IdEmpleado, Puesto, Salario, FechaIngreso)
VALUES (2, 115, 'Structural Analysis Engineer', 1305, '4/9/1999');
INSERT INTO EmpleadoAeropuerto (IdAeropuerto, IdEmpleado, Puesto, Salario, FechaIngreso)
VALUES (22, 116, 'Senior Cost Accountant', 1155, '6/21/2003');
INSERT INTO EmpleadoAeropuerto (IdAeropuerto, IdEmpleado, Puesto, Salario, FechaIngreso)
VALUES (17, 117, 'Senior Sales Associate', 401, '9/1/1994');
INSERT INTO EmpleadoAeropuerto (IdAeropuerto, IdEmpleado, Puesto, Salario, FechaIngreso)
VALUES (14, 118, 'Geological Engineer', 586, '5/13/2012');
INSERT INTO EmpleadoAeropuerto (IdAeropuerto, IdEmpleado, Puesto, Salario, FechaIngreso)
VALUES (5, 119, 'Payment Adjustment Coordinator', 1412, '1/21/2006');
INSERT INTO EmpleadoAeropuerto (IdAeropuerto, IdEmpleado, Puesto, Salario, FechaIngreso)
VALUES (13, 120, 'Account Coordinator', 511, '5/15/2000');
INSERT INTO EmpleadoAeropuerto (IdAeropuerto, IdEmpleado, Puesto, Salario, FechaIngreso)
VALUES (18, 121, 'Research Nurse', 1405, '11/12/1993');
INSERT INTO EmpleadoAeropuerto (IdAeropuerto, IdEmpleado, Puesto, Salario, FechaIngreso)
VALUES (22, 122, 'Paralegal', 786, '4/18/1992');
INSERT INTO EmpleadoAeropuerto (IdAeropuerto, IdEmpleado, Puesto, Salario, FechaIngreso)
VALUES (7, 123, 'Nurse Practicioner', 1148, '3/24/2001');
INSERT INTO EmpleadoAeropuerto (IdAeropuerto, IdEmpleado, Puesto, Salario, FechaIngreso)
VALUES (3, 124, 'Accountant III', 382, '1/12/1988');
INSERT INTO EmpleadoAeropuerto (IdAeropuerto, IdEmpleado, Puesto, Salario, FechaIngreso)
VALUES (22, 125, 'Sales Associate', 1048, '6/15/2015');
INSERT INTO EmpleadoAeropuerto (IdAeropuerto, IdEmpleado, Puesto, Salario, FechaIngreso)
VALUES (5, 126, 'Biostatistician IV', 1114, '8/1/1995');
INSERT INTO EmpleadoAeropuerto (IdAeropuerto, IdEmpleado, Puesto, Salario, FechaIngreso)
VALUES (22, 127, 'Programmer Analyst I', 1393, '1/22/1998');
INSERT INTO EmpleadoAeropuerto (IdAeropuerto, IdEmpleado, Puesto, Salario, FechaIngreso)
VALUES (12, 128, 'Chemical Engineer', 851, '3/1/1998');
INSERT INTO EmpleadoAeropuerto (IdAeropuerto, IdEmpleado, Puesto, Salario, FechaIngreso)
VALUES (2, 129, 'Project Manager', 332, '5/7/1995');
INSERT INTO EmpleadoAeropuerto (IdAeropuerto, IdEmpleado, Puesto, Salario, FechaIngreso)
VALUES (9, 130, 'Compensation Analyst', 139, '8/6/1997');
INSERT INTO EmpleadoAeropuerto (IdAeropuerto, IdEmpleado, Puesto, Salario, FechaIngreso)
VALUES (11, 131, 'Mechanical Systems Engineer', 582, '11/29/1999');
INSERT INTO EmpleadoAeropuerto (IdAeropuerto, IdEmpleado, Puesto, Salario, FechaIngreso)
VALUES (24, 132, 'Accounting Assistant I', 611, '11/27/2000');
INSERT INTO EmpleadoAeropuerto (IdAeropuerto, IdEmpleado, Puesto, Salario, FechaIngreso)
VALUES (21, 133, 'Web Designer III', 1113, '4/17/2018');
INSERT INTO EmpleadoAeropuerto (IdAeropuerto, IdEmpleado, Puesto, Salario, FechaIngreso)
VALUES (22, 134, 'Paralegal', 689, '8/28/1998');
INSERT INTO EmpleadoAeropuerto (IdAeropuerto, IdEmpleado, Puesto, Salario, FechaIngreso)
VALUES (19, 135, 'Operator', 373, '8/2/1999');
INSERT INTO EmpleadoAeropuerto (IdAeropuerto, IdEmpleado, Puesto, Salario, FechaIngreso)
VALUES (23, 136, 'Account Coordinator', 206, '3/25/1998');
INSERT INTO EmpleadoAeropuerto (IdAeropuerto, IdEmpleado, Puesto, Salario, FechaIngreso)
VALUES (30, 137, 'Nuclear Power Engineer', 1409, '7/6/2010');
INSERT INTO EmpleadoAeropuerto (IdAeropuerto, IdEmpleado, Puesto, Salario, FechaIngreso)
VALUES (8, 138, 'Librarian', 1306, '11/12/2016');
INSERT INTO EmpleadoAeropuerto (IdAeropuerto, IdEmpleado, Puesto, Salario, FechaIngreso)
VALUES (20, 139, 'Programmer Analyst II', 324, '5/24/2016');
INSERT INTO EmpleadoAeropuerto (IdAeropuerto, IdEmpleado, Puesto, Salario, FechaIngreso)
VALUES (6, 140, 'Accountant II', 1368, '11/2/2003');
INSERT INTO EmpleadoAeropuerto (IdAeropuerto, IdEmpleado, Puesto, Salario, FechaIngreso)
VALUES (27, 141, 'Database Administrator II', 478, '11/23/2010');
INSERT INTO EmpleadoAeropuerto (IdAeropuerto, IdEmpleado, Puesto, Salario, FechaIngreso)
VALUES (22, 142, 'Senior Developer', 436, '1/22/1988');
INSERT INTO EmpleadoAeropuerto (IdAeropuerto, IdEmpleado, Puesto, Salario, FechaIngreso)
VALUES (6, 143, 'Nurse', 1002, '8/4/2007');
INSERT INTO EmpleadoAeropuerto (IdAeropuerto, IdEmpleado, Puesto, Salario, FechaIngreso)
VALUES (28, 144, 'Director of Sales', 1110, '3/20/2008');
INSERT INTO EmpleadoAeropuerto (IdAeropuerto, IdEmpleado, Puesto, Salario, FechaIngreso)
VALUES (13, 145, 'Administrative Officer', 966, '2/18/2012');
INSERT INTO EmpleadoAeropuerto (IdAeropuerto, IdEmpleado, Puesto, Salario, FechaIngreso)
VALUES (7, 146, 'Community Outreach Specialist', 1263, '4/24/1991');
INSERT INTO EmpleadoAeropuerto (IdAeropuerto, IdEmpleado, Puesto, Salario, FechaIngreso)
VALUES (16, 147, 'Design Engineer', 976, '3/18/1996');
INSERT INTO EmpleadoAeropuerto (IdAeropuerto, IdEmpleado, Puesto, Salario, FechaIngreso)
VALUES (20, 148, 'Research Associate', 1229, '5/15/2002');
INSERT INTO EmpleadoAeropuerto (IdAeropuerto, IdEmpleado, Puesto, Salario, FechaIngreso)
VALUES (23, 149, 'Analyst Programmer', 375, '8/28/2001');
INSERT INTO EmpleadoAeropuerto (IdAeropuerto, IdEmpleado, Puesto, Salario, FechaIngreso)
VALUES (5, 150, 'Programmer Analyst II', 1387, '1/16/1988');
INSERT INTO EmpleadoAeropuerto (IdAeropuerto, IdEmpleado, Puesto, Salario, FechaIngreso)
VALUES (19, 151, 'Structural Analysis Engineer', 968, '6/10/1987');
INSERT INTO EmpleadoAeropuerto (IdAeropuerto, IdEmpleado, Puesto, Salario, FechaIngreso)
VALUES (17, 152, 'Senior Sales Associate', 1117, '4/4/1986');
INSERT INTO EmpleadoAeropuerto (IdAeropuerto, IdEmpleado, Puesto, Salario, FechaIngreso)
VALUES (12, 153, 'Chemical Engineer', 1134, '9/27/2007');
INSERT INTO EmpleadoAeropuerto (IdAeropuerto, IdEmpleado, Puesto, Salario, FechaIngreso)
VALUES (6, 154, 'Operator', 1230, '3/2/2000');
INSERT INTO EmpleadoAeropuerto (IdAeropuerto, IdEmpleado, Puesto, Salario, FechaIngreso)
VALUES (17, 155, 'Teacher', 1190, '8/12/2006');
INSERT INTO EmpleadoAeropuerto (IdAeropuerto, IdEmpleado, Puesto, Salario, FechaIngreso)
VALUES (13, 156, 'Project Manager', 351, '6/18/1991');
INSERT INTO EmpleadoAeropuerto (IdAeropuerto, IdEmpleado, Puesto, Salario, FechaIngreso)
VALUES (22, 157, 'General Manager', 1150, '5/29/1988');
INSERT INTO EmpleadoAeropuerto (IdAeropuerto, IdEmpleado, Puesto, Salario, FechaIngreso)
VALUES (3, 158, 'Structural Analysis Engineer', 378, '6/21/2016');
INSERT INTO EmpleadoAeropuerto (IdAeropuerto, IdEmpleado, Puesto, Salario, FechaIngreso)
VALUES (28, 159, 'VP Quality Control', 1052, '4/13/2006');
INSERT INTO EmpleadoAeropuerto (IdAeropuerto, IdEmpleado, Puesto, Salario, FechaIngreso)
VALUES (26, 160, 'Project Manager', 309, '3/16/2011');
INSERT INTO EmpleadoAeropuerto (IdAeropuerto, IdEmpleado, Puesto, Salario, FechaIngreso)
VALUES (3, 161, 'Nuclear Power Engineer', 1346, '7/19/2017');
INSERT INTO EmpleadoAeropuerto (IdAeropuerto, IdEmpleado, Puesto, Salario, FechaIngreso)
VALUES (17, 162, 'Software Consultant', 253, '1/24/2011');
INSERT INTO EmpleadoAeropuerto (IdAeropuerto, IdEmpleado, Puesto, Salario, FechaIngreso)
VALUES (7, 163, 'Safety Technician III', 527, '2/18/2011');
INSERT INTO EmpleadoAeropuerto (IdAeropuerto, IdEmpleado, Puesto, Salario, FechaIngreso)
VALUES (11, 164, 'Staff Scientist', 1292, '6/27/2008');
INSERT INTO EmpleadoAeropuerto (IdAeropuerto, IdEmpleado, Puesto, Salario, FechaIngreso)
VALUES (18, 165, 'Community Outreach Specialist', 1378, '1/8/1990');
INSERT INTO EmpleadoAeropuerto (IdAeropuerto, IdEmpleado, Puesto, Salario, FechaIngreso)
VALUES (26, 166, 'VP Sales', 834, '10/6/2013');
INSERT INTO EmpleadoAeropuerto (IdAeropuerto, IdEmpleado, Puesto, Salario, FechaIngreso)
VALUES (19, 167, 'Database Administrator II', 1354, '9/18/1986');
INSERT INTO EmpleadoAeropuerto (IdAeropuerto, IdEmpleado, Puesto, Salario, FechaIngreso)
VALUES (18, 168, 'Account Representative III', 122, '1/5/1994');
INSERT INTO EmpleadoAeropuerto (IdAeropuerto, IdEmpleado, Puesto, Salario, FechaIngreso)
VALUES (26, 169, 'Operator', 501, '10/13/2016');
INSERT INTO EmpleadoAeropuerto (IdAeropuerto, IdEmpleado, Puesto, Salario, FechaIngreso)
VALUES (30, 170, 'Research Assistant II', 795, '12/25/1990');
INSERT INTO EmpleadoAeropuerto (IdAeropuerto, IdEmpleado, Puesto, Salario, FechaIngreso)
VALUES (27, 171, 'Data Coordiator', 1329, '5/24/2014');
INSERT INTO EmpleadoAeropuerto (IdAeropuerto, IdEmpleado, Puesto, Salario, FechaIngreso)
VALUES (18, 172, 'Legal Assistant', 222, '9/22/2014');
INSERT INTO EmpleadoAeropuerto (IdAeropuerto, IdEmpleado, Puesto, Salario, FechaIngreso)
VALUES (10, 173, 'Human Resources Assistant III', 902, '8/18/2016');
INSERT INTO EmpleadoAeropuerto (IdAeropuerto, IdEmpleado, Puesto, Salario, FechaIngreso)
VALUES (27, 174, 'Assistant Professor', 1416, '11/6/1999');
INSERT INTO EmpleadoAeropuerto (IdAeropuerto, IdEmpleado, Puesto, Salario, FechaIngreso)
VALUES (25, 175, 'Cost Accountant', 1425, '1/16/2000');
INSERT INTO EmpleadoAeropuerto (IdAeropuerto, IdEmpleado, Puesto, Salario, FechaIngreso)
VALUES (17, 176, 'Senior Editor', 1312, '7/28/2002');
INSERT INTO EmpleadoAeropuerto (IdAeropuerto, IdEmpleado, Puesto, Salario, FechaIngreso)
VALUES (19, 177, 'Financial Analyst', 1270, '5/27/2003');
INSERT INTO EmpleadoAeropuerto (IdAeropuerto, IdEmpleado, Puesto, Salario, FechaIngreso)
VALUES (14, 178, 'Marketing Assistant', 572, '1/23/2000');
INSERT INTO EmpleadoAeropuerto (IdAeropuerto, IdEmpleado, Puesto, Salario, FechaIngreso)
VALUES (28, 179, 'Analyst Programmer', 1065, '5/26/1989');
INSERT INTO EmpleadoAeropuerto (IdAeropuerto, IdEmpleado, Puesto, Salario, FechaIngreso)
VALUES (16, 180, 'Analog Circuit Design manager', 617, '3/10/2008');
INSERT INTO EmpleadoAeropuerto (IdAeropuerto, IdEmpleado, Puesto, Salario, FechaIngreso)
VALUES (7, 181, 'Geologist III', 573, '4/4/2002');
INSERT INTO EmpleadoAeropuerto (IdAeropuerto, IdEmpleado, Puesto, Salario, FechaIngreso)
VALUES (23, 182, 'Cost Accountant', 444, '8/18/1988');
INSERT INTO EmpleadoAeropuerto (IdAeropuerto, IdEmpleado, Puesto, Salario, FechaIngreso)
VALUES (22, 183, 'Civil Engineer', 106, '7/22/1997');
INSERT INTO EmpleadoAeropuerto (IdAeropuerto, IdEmpleado, Puesto, Salario, FechaIngreso)
VALUES (10, 184, 'Registered Nurse', 1386, '12/11/2002');
INSERT INTO EmpleadoAeropuerto (IdAeropuerto, IdEmpleado, Puesto, Salario, FechaIngreso)
VALUES (2, 185, 'Tax Accountant', 1324, '10/4/1986');
INSERT INTO EmpleadoAeropuerto (IdAeropuerto, IdEmpleado, Puesto, Salario, FechaIngreso)
VALUES (30, 186, 'Payment Adjustment Coordinator', 822, '6/12/1989');
INSERT INTO EmpleadoAeropuerto (IdAeropuerto, IdEmpleado, Puesto, Salario, FechaIngreso)
VALUES (1, 187, 'Chief Design Engineer', 791, '5/15/2001');
INSERT INTO EmpleadoAeropuerto (IdAeropuerto, IdEmpleado, Puesto, Salario, FechaIngreso)
VALUES (26, 188, 'Nurse Practicioner', 168, '5/30/1988');
INSERT INTO EmpleadoAeropuerto (IdAeropuerto, IdEmpleado, Puesto, Salario, FechaIngreso)
VALUES (17, 189, 'Clinical Specialist', 696, '7/8/2015');
INSERT INTO EmpleadoAeropuerto (IdAeropuerto, IdEmpleado, Puesto, Salario, FechaIngreso)
VALUES (3, 190, 'Mechanical Systems Engineer', 1270, '1/27/1991');
INSERT INTO EmpleadoAeropuerto (IdAeropuerto, IdEmpleado, Puesto, Salario, FechaIngreso)
VALUES (16, 191, 'Help Desk Technician', 467, '7/6/1996');
INSERT INTO EmpleadoAeropuerto (IdAeropuerto, IdEmpleado, Puesto, Salario, FechaIngreso)
VALUES (3, 192, 'GIS Technical Architect', 722, '12/3/2005');
INSERT INTO EmpleadoAeropuerto (IdAeropuerto, IdEmpleado, Puesto, Salario, FechaIngreso)
VALUES (15, 193, 'Product Engineer', 209, '11/21/1989');
INSERT INTO EmpleadoAeropuerto (IdAeropuerto, IdEmpleado, Puesto, Salario, FechaIngreso)
VALUES (22, 194, 'Mechanical Systems Engineer', 1405, '4/14/2003');
INSERT INTO EmpleadoAeropuerto (IdAeropuerto, IdEmpleado, Puesto, Salario, FechaIngreso)
VALUES (21, 195, 'Cost Accountant', 910, '7/30/1998');
INSERT INTO EmpleadoAeropuerto (IdAeropuerto, IdEmpleado, Puesto, Salario, FechaIngreso)
VALUES (20, 196, 'Accounting Assistant II', 1236, '4/27/1991');
INSERT INTO EmpleadoAeropuerto (IdAeropuerto, IdEmpleado, Puesto, Salario, FechaIngreso)
VALUES (21, 197, 'Nurse', 301, '4/21/1991');
INSERT INTO EmpleadoAeropuerto (IdAeropuerto, IdEmpleado, Puesto, Salario, FechaIngreso)
VALUES (8, 198, 'Mechanical Systems Engineer', 1450, '3/10/2013');
INSERT INTO EmpleadoAeropuerto (IdAeropuerto, IdEmpleado, Puesto, Salario, FechaIngreso)
VALUES (1, 199, 'Occupational Therapist', 1065, '6/8/1998');
INSERT INTO EmpleadoAeropuerto (IdAeropuerto, IdEmpleado, Puesto, Salario, FechaIngreso)
VALUES (11, 200, 'Geologist IV', 277, '2/16/1986');


INSERT INTO EmpleadoAerolinea (IdAerolinea, IdEmpleado, Puesto, Salario, FechaIngreso)
VALUES (3, 201, 'General Manager', 55, '6/14/2006');
INSERT INTO EmpleadoAerolinea (IdAerolinea, IdEmpleado, Puesto, Salario, FechaIngreso)
VALUES (14, 202, 'Safety Technician II', 69, '7/15/2002');
INSERT INTO EmpleadoAerolinea (IdAerolinea, IdEmpleado, Puesto, Salario, FechaIngreso)
VALUES (8, 203, 'Geological Engineer', 64, '6/25/2015');
INSERT INTO EmpleadoAerolinea (IdAerolinea, IdEmpleado, Puesto, Salario, FechaIngreso)
VALUES (12, 204, 'Human Resources Assistant IV', 70, '1/27/1990');
INSERT INTO EmpleadoAerolinea (IdAerolinea, IdEmpleado, Puesto, Salario, FechaIngreso)
VALUES (6, 205, 'Human Resources Manager', 97, '12/27/2013');
INSERT INTO EmpleadoAerolinea (IdAerolinea, IdEmpleado, Puesto, Salario, FechaIngreso)
VALUES (8, 206, 'Environmental Tech', 90, '5/24/1999');
INSERT INTO EmpleadoAerolinea (IdAerolinea, IdEmpleado, Puesto, Salario, FechaIngreso)
VALUES (14, 207, 'Nuclear Power Engineer', 91, '5/23/2017');
INSERT INTO EmpleadoAerolinea (IdAerolinea, IdEmpleado, Puesto, Salario, FechaIngreso)
VALUES (23, 208, 'Engineer II', 98, '10/21/2016');
INSERT INTO EmpleadoAerolinea (IdAerolinea, IdEmpleado, Puesto, Salario, FechaIngreso)
VALUES (26, 209, 'Registered Nurse', 63, '11/16/2005');
INSERT INTO EmpleadoAerolinea (IdAerolinea, IdEmpleado, Puesto, Salario, FechaIngreso)
VALUES (27, 210, 'Occupational Therapist', 94, '10/23/2004');
INSERT INTO EmpleadoAerolinea (IdAerolinea, IdEmpleado, Puesto, Salario, FechaIngreso)
VALUES (29, 211, 'Accountant I', 87, '9/13/2004');
INSERT INTO EmpleadoAerolinea (IdAerolinea, IdEmpleado, Puesto, Salario, FechaIngreso)
VALUES (13, 212, 'Chief Design Engineer', 97, '10/5/1999');
INSERT INTO EmpleadoAerolinea (IdAerolinea, IdEmpleado, Puesto, Salario, FechaIngreso)
VALUES (20, 213, 'Senior Editor', 76, '11/12/1986');
INSERT INTO EmpleadoAerolinea (IdAerolinea, IdEmpleado, Puesto, Salario, FechaIngreso)
VALUES (17, 214, 'Senior Cost Accountant', 65, '10/15/2016');
INSERT INTO EmpleadoAerolinea (IdAerolinea, IdEmpleado, Puesto, Salario, FechaIngreso)
VALUES (1, 215, 'Physical Therapy Assistant', 70, '1/24/1994');
INSERT INTO EmpleadoAerolinea (IdAerolinea, IdEmpleado, Puesto, Salario, FechaIngreso)
VALUES (21, 216, 'Chemical Engineer', 82, '3/17/2008');
INSERT INTO EmpleadoAerolinea (IdAerolinea, IdEmpleado, Puesto, Salario, FechaIngreso)
VALUES (10, 217, 'Programmer III', 69, '7/15/2004');
INSERT INTO EmpleadoAerolinea (IdAerolinea, IdEmpleado, Puesto, Salario, FechaIngreso)
VALUES (1, 218, 'Registered Nurse', 69, '6/12/1993');
INSERT INTO EmpleadoAerolinea (IdAerolinea, IdEmpleado, Puesto, Salario, FechaIngreso)
VALUES (10, 219, 'Developer II', 85, '6/25/1991');
INSERT INTO EmpleadoAerolinea (IdAerolinea, IdEmpleado, Puesto, Salario, FechaIngreso)
VALUES (6, 220, 'Web Designer III', 95, '6/12/1994');
INSERT INTO EmpleadoAerolinea (IdAerolinea, IdEmpleado, Puesto, Salario, FechaIngreso)
VALUES (6, 221, 'Senior Sales Associate', 79, '6/27/2015');
INSERT INTO EmpleadoAerolinea (IdAerolinea, IdEmpleado, Puesto, Salario, FechaIngreso)
VALUES (25, 222, 'Editor', 96, '1/4/1996');
INSERT INTO EmpleadoAerolinea (IdAerolinea, IdEmpleado, Puesto, Salario, FechaIngreso)
VALUES (4, 223, 'Librarian', 64, '5/20/2014');
INSERT INTO EmpleadoAerolinea (IdAerolinea, IdEmpleado, Puesto, Salario, FechaIngreso)
VALUES (5, 224, 'Research Assistant III', 80, '6/26/2009');
INSERT INTO EmpleadoAerolinea (IdAerolinea, IdEmpleado, Puesto, Salario, FechaIngreso)
VALUES (23, 225, 'Technical Writer', 90, '6/14/1999');
INSERT INTO EmpleadoAerolinea (IdAerolinea, IdEmpleado, Puesto, Salario, FechaIngreso)
VALUES (4, 226, 'Marketing Manager', 63, '8/28/2004');
INSERT INTO EmpleadoAerolinea (IdAerolinea, IdEmpleado, Puesto, Salario, FechaIngreso)
VALUES (24, 227, 'Web Developer II', 96, '1/11/1994');
INSERT INTO EmpleadoAerolinea (IdAerolinea, IdEmpleado, Puesto, Salario, FechaIngreso)
VALUES (28, 228, 'Occupational Therapist', 64, '11/5/2003');
INSERT INTO EmpleadoAerolinea (IdAerolinea, IdEmpleado, Puesto, Salario, FechaIngreso)
VALUES (10, 229, 'Budget/Accounting Analyst II', 85, '10/28/2018');
INSERT INTO EmpleadoAerolinea (IdAerolinea, IdEmpleado, Puesto, Salario, FechaIngreso)
VALUES (3, 230, 'Quality Engineer', 65, '8/30/1986');
INSERT INTO EmpleadoAerolinea (IdAerolinea, IdEmpleado, Puesto, Salario, FechaIngreso)
VALUES (29, 231, 'Chief Design Engineer', 92, '4/2/1988');
INSERT INTO EmpleadoAerolinea (IdAerolinea, IdEmpleado, Puesto, Salario, FechaIngreso)
VALUES (22, 232, 'Systems Administrator I', 85, '7/8/2003');
INSERT INTO EmpleadoAerolinea (IdAerolinea, IdEmpleado, Puesto, Salario, FechaIngreso)
VALUES (14, 233, 'Analog Circuit Design manager', 91, '8/17/2006');
INSERT INTO EmpleadoAerolinea (IdAerolinea, IdEmpleado, Puesto, Salario, FechaIngreso)
VALUES (1, 234, 'Tax Accountant', 97, '8/22/2013');
INSERT INTO EmpleadoAerolinea (IdAerolinea, IdEmpleado, Puesto, Salario, FechaIngreso)
VALUES (15, 235, 'Structural Analysis Engineer', 66, '12/31/2017');
INSERT INTO EmpleadoAerolinea (IdAerolinea, IdEmpleado, Puesto, Salario, FechaIngreso)
VALUES (20, 236, 'Physical Therapy Assistant', 81, '6/9/2007');
INSERT INTO EmpleadoAerolinea (IdAerolinea, IdEmpleado, Puesto, Salario, FechaIngreso)
VALUES (15, 237, 'Administrative Assistant II', 87, '11/3/1997');
INSERT INTO EmpleadoAerolinea (IdAerolinea, IdEmpleado, Puesto, Salario, FechaIngreso)
VALUES (20, 238, 'Product Engineer', 85, '6/29/2002');
INSERT INTO EmpleadoAerolinea (IdAerolinea, IdEmpleado, Puesto, Salario, FechaIngreso)
VALUES (4, 239, 'Help Desk Operator', 95, '2/12/2008');
INSERT INTO EmpleadoAerolinea (IdAerolinea, IdEmpleado, Puesto, Salario, FechaIngreso)
VALUES (15, 240, 'Safety Technician I', 50, '11/11/2018');
INSERT INTO EmpleadoAerolinea (IdAerolinea, IdEmpleado, Puesto, Salario, FechaIngreso)
VALUES (1, 241, 'Information Systems Manager', 68, '5/18/2001');
INSERT INTO EmpleadoAerolinea (IdAerolinea, IdEmpleado, Puesto, Salario, FechaIngreso)
VALUES (1, 242, 'Account Representative IV', 79, '9/9/2014');
INSERT INTO EmpleadoAerolinea (IdAerolinea, IdEmpleado, Puesto, Salario, FechaIngreso)
VALUES (26, 243, 'Automation Specialist I', 52, '10/31/2007');
INSERT INTO EmpleadoAerolinea (IdAerolinea, IdEmpleado, Puesto, Salario, FechaIngreso)
VALUES (1, 244, 'Research Nurse', 68, '11/28/1997');
INSERT INTO EmpleadoAerolinea (IdAerolinea, IdEmpleado, Puesto, Salario, FechaIngreso)
VALUES (25, 245, 'Administrative Officer', 92, '7/26/1994');
INSERT INTO EmpleadoAerolinea (IdAerolinea, IdEmpleado, Puesto, Salario, FechaIngreso)
VALUES (17, 246, 'Recruiting Manager', 74, '11/6/2002');
INSERT INTO EmpleadoAerolinea (IdAerolinea, IdEmpleado, Puesto, Salario, FechaIngreso)
VALUES (29, 247, 'Cost Accountant', 65, '5/3/1998');
INSERT INTO EmpleadoAerolinea (IdAerolinea, IdEmpleado, Puesto, Salario, FechaIngreso)
VALUES (5, 248, 'Statistician II', 54, '7/13/2012');
INSERT INTO EmpleadoAerolinea (IdAerolinea, IdEmpleado, Puesto, Salario, FechaIngreso)
VALUES (9, 249, 'Office Assistant I', 74, '3/11/2000');
INSERT INTO EmpleadoAerolinea (IdAerolinea, IdEmpleado, Puesto, Salario, FechaIngreso)
VALUES (17, 250, 'Statistician I', 58, '1/26/2007');
INSERT INTO EmpleadoAerolinea (IdAerolinea, IdEmpleado, Puesto, Salario, FechaIngreso)
VALUES (23, 251, 'Mechanical Systems Engineer', 60, '12/26/2016');
INSERT INTO EmpleadoAerolinea (IdAerolinea, IdEmpleado, Puesto, Salario, FechaIngreso)
VALUES (20, 252, 'Civil Engineer', 90, '11/12/2006');
INSERT INTO EmpleadoAerolinea (IdAerolinea, IdEmpleado, Puesto, Salario, FechaIngreso)
VALUES (13, 253, 'Social Worker', 89, '6/9/1996');
INSERT INTO EmpleadoAerolinea (IdAerolinea, IdEmpleado, Puesto, Salario, FechaIngreso)
VALUES (2, 254, 'Biostatistician I', 99, '10/21/1994');
INSERT INTO EmpleadoAerolinea (IdAerolinea, IdEmpleado, Puesto, Salario, FechaIngreso)
VALUES (13, 255, 'Dental Hygienist', 60, '3/2/1997');
INSERT INTO EmpleadoAerolinea (IdAerolinea, IdEmpleado, Puesto, Salario, FechaIngreso)
VALUES (6, 256, 'Physical Therapy Assistant', 86, '11/4/2007');
INSERT INTO EmpleadoAerolinea (IdAerolinea, IdEmpleado, Puesto, Salario, FechaIngreso)
VALUES (17, 257, 'Business Systems Development Analyst', 50, '7/27/2007');
INSERT INTO EmpleadoAerolinea (IdAerolinea, IdEmpleado, Puesto, Salario, FechaIngreso)
VALUES (2, 258, 'Design Engineer', 81, '7/19/1994');
INSERT INTO EmpleadoAerolinea (IdAerolinea, IdEmpleado, Puesto, Salario, FechaIngreso)
VALUES (2, 259, 'Senior Cost Accountant', 76, '9/17/2005');
INSERT INTO EmpleadoAerolinea (IdAerolinea, IdEmpleado, Puesto, Salario, FechaIngreso)
VALUES (23, 260, 'Operator', 92, '7/20/1998');
INSERT INTO EmpleadoAerolinea (IdAerolinea, IdEmpleado, Puesto, Salario, FechaIngreso)
VALUES (4, 261, 'Design Engineer', 64, '12/1/2014');
INSERT INTO EmpleadoAerolinea (IdAerolinea, IdEmpleado, Puesto, Salario, FechaIngreso)
VALUES (16, 262, 'Chemical Engineer', 88, '5/1/2019');
INSERT INTO EmpleadoAerolinea (IdAerolinea, IdEmpleado, Puesto, Salario, FechaIngreso)
VALUES (6, 263, 'Structural Engineer', 86, '4/21/1996');
INSERT INTO EmpleadoAerolinea (IdAerolinea, IdEmpleado, Puesto, Salario, FechaIngreso)
VALUES (3, 264, 'Pharmacist', 56, '2/8/2007');
INSERT INTO EmpleadoAerolinea (IdAerolinea, IdEmpleado, Puesto, Salario, FechaIngreso)
VALUES (11, 265, 'Graphic Designer', 97, '6/30/2012');
INSERT INTO EmpleadoAerolinea (IdAerolinea, IdEmpleado, Puesto, Salario, FechaIngreso)
VALUES (21, 266, 'VP Marketing', 82, '4/12/1996');
INSERT INTO EmpleadoAerolinea (IdAerolinea, IdEmpleado, Puesto, Salario, FechaIngreso)
VALUES (5, 267, 'Safety Technician IV', 100, '4/26/2001');
INSERT INTO EmpleadoAerolinea (IdAerolinea, IdEmpleado, Puesto, Salario, FechaIngreso)
VALUES (29, 268, 'Quality Engineer', 90, '1/26/2010');
INSERT INTO EmpleadoAerolinea (IdAerolinea, IdEmpleado, Puesto, Salario, FechaIngreso)
VALUES (8, 269, 'Paralegal', 56, '11/25/2004');
INSERT INTO EmpleadoAerolinea (IdAerolinea, IdEmpleado, Puesto, Salario, FechaIngreso)
VALUES (17, 270, 'Senior Financial Analyst', 90, '8/15/2008');
INSERT INTO EmpleadoAerolinea (IdAerolinea, IdEmpleado, Puesto, Salario, FechaIngreso)
VALUES (1, 271, 'Information Systems Manager', 61, '2/11/2018');
INSERT INTO EmpleadoAerolinea (IdAerolinea, IdEmpleado, Puesto, Salario, FechaIngreso)
VALUES (16, 272, 'Environmental Tech', 86, '7/26/2019');
INSERT INTO EmpleadoAerolinea (IdAerolinea, IdEmpleado, Puesto, Salario, FechaIngreso)
VALUES (1, 273, 'Marketing Manager', 80, '2/27/1987');
INSERT INTO EmpleadoAerolinea (IdAerolinea, IdEmpleado, Puesto, Salario, FechaIngreso)
VALUES (8, 274, 'Account Executive', 86, '9/14/2008');
INSERT INTO EmpleadoAerolinea (IdAerolinea, IdEmpleado, Puesto, Salario, FechaIngreso)
VALUES (30, 275, 'Structural Engineer', 95, '7/9/1988');
INSERT INTO EmpleadoAerolinea (IdAerolinea, IdEmpleado, Puesto, Salario, FechaIngreso)
VALUES (3, 276, 'Research Nurse', 54, '8/31/1998');
INSERT INTO EmpleadoAerolinea (IdAerolinea, IdEmpleado, Puesto, Salario, FechaIngreso)
VALUES (12, 277, 'Computer Systems Analyst IV', 100, '7/28/1990');
INSERT INTO EmpleadoAerolinea (IdAerolinea, IdEmpleado, Puesto, Salario, FechaIngreso)
VALUES (6, 278, 'Help Desk Operator', 58, '11/5/1995');
INSERT INTO EmpleadoAerolinea (IdAerolinea, IdEmpleado, Puesto, Salario, FechaIngreso)
VALUES (3, 279, 'Desktop Support Technician', 88, '5/22/2010');
INSERT INTO EmpleadoAerolinea (IdAerolinea, IdEmpleado, Puesto, Salario, FechaIngreso)
VALUES (1, 280, 'Structural Engineer', 56, '3/8/2007');
INSERT INTO EmpleadoAerolinea (IdAerolinea, IdEmpleado, Puesto, Salario, FechaIngreso)
VALUES (24, 281, 'Cost Accountant', 99, '3/8/2012');
INSERT INTO EmpleadoAerolinea (IdAerolinea, IdEmpleado, Puesto, Salario, FechaIngreso)
VALUES (2, 282, 'Associate Professor', 88, '11/8/2001');
INSERT INTO EmpleadoAerolinea (IdAerolinea, IdEmpleado, Puesto, Salario, FechaIngreso)
VALUES (17, 283, 'Senior Cost Accountant', 59, '6/30/1987');
INSERT INTO EmpleadoAerolinea (IdAerolinea, IdEmpleado, Puesto, Salario, FechaIngreso)
VALUES (2, 284, 'Safety Technician III', 56, '7/7/2001');
INSERT INTO EmpleadoAerolinea (IdAerolinea, IdEmpleado, Puesto, Salario, FechaIngreso)
VALUES (2, 285, 'Assistant Professor', 61, '5/5/2002');
INSERT INTO EmpleadoAerolinea (IdAerolinea, IdEmpleado, Puesto, Salario, FechaIngreso)
VALUES (26, 286, 'Community Outreach Specialist', 73, '11/6/2008');
INSERT INTO EmpleadoAerolinea (IdAerolinea, IdEmpleado, Puesto, Salario, FechaIngreso)
VALUES (30, 287, 'Web Developer III', 53, '6/16/1994');
INSERT INTO EmpleadoAerolinea (IdAerolinea, IdEmpleado, Puesto, Salario, FechaIngreso)
VALUES (5, 288, 'Compensation Analyst', 70, '6/16/1997');
INSERT INTO EmpleadoAerolinea (IdAerolinea, IdEmpleado, Puesto, Salario, FechaIngreso)
VALUES (13, 289, 'Geologist II', 58, '8/29/2016');
INSERT INTO EmpleadoAerolinea (IdAerolinea, IdEmpleado, Puesto, Salario, FechaIngreso)
VALUES (17, 290, 'Desktop Support Technician', 98, '5/2/2006');
INSERT INTO EmpleadoAerolinea (IdAerolinea, IdEmpleado, Puesto, Salario, FechaIngreso)
VALUES (18, 291, 'Data Coordiator', 91, '3/7/2008');
INSERT INTO EmpleadoAerolinea (IdAerolinea, IdEmpleado, Puesto, Salario, FechaIngreso)
VALUES (26, 292, 'Geologist I', 98, '4/28/1993');
INSERT INTO EmpleadoAerolinea (IdAerolinea, IdEmpleado, Puesto, Salario, FechaIngreso)
VALUES (11, 293, 'Analyst Programmer', 50, '11/20/1992');
INSERT INTO EmpleadoAerolinea (IdAerolinea, IdEmpleado, Puesto, Salario, FechaIngreso)
VALUES (12, 294, 'Senior Cost Accountant', 88, '9/29/1995');
INSERT INTO EmpleadoAerolinea (IdAerolinea, IdEmpleado, Puesto, Salario, FechaIngreso)
VALUES (28, 295, 'Desktop Support Technician', 90, '11/18/2009');
INSERT INTO EmpleadoAerolinea (IdAerolinea, IdEmpleado, Puesto, Salario, FechaIngreso)
VALUES (4, 296, 'Sales Representative', 94, '3/10/1990');
INSERT INTO EmpleadoAerolinea (IdAerolinea, IdEmpleado, Puesto, Salario, FechaIngreso)
VALUES (15, 297, 'Technical Writer', 83, '9/9/2018');
INSERT INTO EmpleadoAerolinea (IdAerolinea, IdEmpleado, Puesto, Salario, FechaIngreso)
VALUES (25, 298, 'Graphic Designer', 56, '11/11/1991');
INSERT INTO EmpleadoAerolinea (IdAerolinea, IdEmpleado, Puesto, Salario, FechaIngreso)
VALUES (25, 299, 'Safety Technician I', 56, '10/23/1989');
INSERT INTO EmpleadoAerolinea (IdAerolinea, IdEmpleado, Puesto, Salario, FechaIngreso)
VALUES (30, 300, 'Internal Auditor', 59, '3/16/1992');
INSERT INTO EmpleadoAerolinea (IdAerolinea, IdEmpleado, Puesto, Salario, FechaIngreso)
VALUES (22, 301, 'Junior Executive', 68, '6/4/2008');
INSERT INTO EmpleadoAerolinea (IdAerolinea, IdEmpleado, Puesto, Salario, FechaIngreso)
VALUES (10, 302, 'Associate Professor', 93, '6/23/2013');
INSERT INTO EmpleadoAerolinea (IdAerolinea, IdEmpleado, Puesto, Salario, FechaIngreso)
VALUES (26, 303, 'VP Accounting', 58, '1/16/2007');
INSERT INTO EmpleadoAerolinea (IdAerolinea, IdEmpleado, Puesto, Salario, FechaIngreso)
VALUES (11, 304, 'Quality Control Specialist', 69, '2/17/2013');
INSERT INTO EmpleadoAerolinea (IdAerolinea, IdEmpleado, Puesto, Salario, FechaIngreso)
VALUES (6, 305, 'Chemical Engineer', 59, '8/19/1991');
INSERT INTO EmpleadoAerolinea (IdAerolinea, IdEmpleado, Puesto, Salario, FechaIngreso)
VALUES (26, 306, 'Operator', 61, '8/29/2001');
INSERT INTO EmpleadoAerolinea (IdAerolinea, IdEmpleado, Puesto, Salario, FechaIngreso)
VALUES (6, 307, 'Account Coordinator', 77, '11/15/1987');
INSERT INTO EmpleadoAerolinea (IdAerolinea, IdEmpleado, Puesto, Salario, FechaIngreso)
VALUES (13, 308, 'Safety Technician II', 100, '10/13/1993');
INSERT INTO EmpleadoAerolinea (IdAerolinea, IdEmpleado, Puesto, Salario, FechaIngreso)
VALUES (14, 309, 'Information Systems Manager', 70, '5/15/2004');
INSERT INTO EmpleadoAerolinea (IdAerolinea, IdEmpleado, Puesto, Salario, FechaIngreso)
VALUES (18, 310, 'Staff Accountant II', 96, '1/26/2002');
INSERT INTO EmpleadoAerolinea (IdAerolinea, IdEmpleado, Puesto, Salario, FechaIngreso)
VALUES (27, 311, 'Dental Hygienist', 60, '4/28/1991');
INSERT INTO EmpleadoAerolinea (IdAerolinea, IdEmpleado, Puesto, Salario, FechaIngreso)
VALUES (20, 312, 'Environmental Tech', 82, '12/30/2008');
INSERT INTO EmpleadoAerolinea (IdAerolinea, IdEmpleado, Puesto, Salario, FechaIngreso)
VALUES (9, 313, 'Electrical Engineer', 84, '11/10/2008');
INSERT INTO EmpleadoAerolinea (IdAerolinea, IdEmpleado, Puesto, Salario, FechaIngreso)
VALUES (8, 314, 'Accounting Assistant I', 61, '2/1/2005');
INSERT INTO EmpleadoAerolinea (IdAerolinea, IdEmpleado, Puesto, Salario, FechaIngreso)
VALUES (20, 315, 'VP Accounting', 77, '7/15/2012');
INSERT INTO EmpleadoAerolinea (IdAerolinea, IdEmpleado, Puesto, Salario, FechaIngreso)
VALUES (3, 316, 'Account Representative II', 95, '12/6/2003');
INSERT INTO EmpleadoAerolinea (IdAerolinea, IdEmpleado, Puesto, Salario, FechaIngreso)
VALUES (12, 317, 'Electrical Engineer', 59, '3/5/1992');
INSERT INTO EmpleadoAerolinea (IdAerolinea, IdEmpleado, Puesto, Salario, FechaIngreso)
VALUES (27, 318, 'Data Coordiator', 76, '6/17/1991');
INSERT INTO EmpleadoAerolinea (IdAerolinea, IdEmpleado, Puesto, Salario, FechaIngreso)
VALUES (6, 319, 'Operator', 100, '4/3/2013');
INSERT INTO EmpleadoAerolinea (IdAerolinea, IdEmpleado, Puesto, Salario, FechaIngreso)
VALUES (2, 320, 'Office Assistant II', 77, '10/8/2005');
INSERT INTO EmpleadoAerolinea (IdAerolinea, IdEmpleado, Puesto, Salario, FechaIngreso)
VALUES (23, 321, 'Database Administrator IV', 62, '11/6/2018');
INSERT INTO EmpleadoAerolinea (IdAerolinea, IdEmpleado, Puesto, Salario, FechaIngreso)
VALUES (26, 322, 'Teacher', 51, '9/29/2004');
INSERT INTO EmpleadoAerolinea (IdAerolinea, IdEmpleado, Puesto, Salario, FechaIngreso)
VALUES (18, 323, 'Analyst Programmer', 62, '7/8/1999');
INSERT INTO EmpleadoAerolinea (IdAerolinea, IdEmpleado, Puesto, Salario, FechaIngreso)
VALUES (22, 324, 'Recruiting Manager', 93, '12/1/1987');
INSERT INTO EmpleadoAerolinea (IdAerolinea, IdEmpleado, Puesto, Salario, FechaIngreso)
VALUES (16, 325, 'Financial Analyst', 78, '3/13/1998');
INSERT INTO EmpleadoAerolinea (IdAerolinea, IdEmpleado, Puesto, Salario, FechaIngreso)
VALUES (22, 326, 'Marketing Assistant', 60, '3/25/1993');
INSERT INTO EmpleadoAerolinea (IdAerolinea, IdEmpleado, Puesto, Salario, FechaIngreso)
VALUES (10, 327, 'Occupational Therapist', 72, '5/13/1999');
INSERT INTO EmpleadoAerolinea (IdAerolinea, IdEmpleado, Puesto, Salario, FechaIngreso)
VALUES (20, 328, 'Engineer IV', 52, '10/1/1999');
INSERT INTO EmpleadoAerolinea (IdAerolinea, IdEmpleado, Puesto, Salario, FechaIngreso)
VALUES (14, 329, 'Senior Cost Accountant', 71, '10/3/1999');
INSERT INTO EmpleadoAerolinea (IdAerolinea, IdEmpleado, Puesto, Salario, FechaIngreso)
VALUES (8, 330, 'Senior Cost Accountant', 73, '6/24/2011');
INSERT INTO EmpleadoAerolinea (IdAerolinea, IdEmpleado, Puesto, Salario, FechaIngreso)
VALUES (15, 331, 'Programmer III', 94, '3/19/2004');
INSERT INTO EmpleadoAerolinea (IdAerolinea, IdEmpleado, Puesto, Salario, FechaIngreso)
VALUES (15, 332, 'Office Assistant III', 57, '9/18/2004');
INSERT INTO EmpleadoAerolinea (IdAerolinea, IdEmpleado, Puesto, Salario, FechaIngreso)
VALUES (27, 333, 'Operator', 79, '11/8/2002');
INSERT INTO EmpleadoAerolinea (IdAerolinea, IdEmpleado, Puesto, Salario, FechaIngreso)
VALUES (11, 334, 'Quality Engineer', 74, '8/12/2008');
INSERT INTO EmpleadoAerolinea (IdAerolinea, IdEmpleado, Puesto, Salario, FechaIngreso)
VALUES (30, 335, 'Information Systems Manager', 69, '1/10/2004');
INSERT INTO EmpleadoAerolinea (IdAerolinea, IdEmpleado, Puesto, Salario, FechaIngreso)
VALUES (15, 336, 'Civil Engineer', 74, '5/10/2008');
INSERT INTO EmpleadoAerolinea (IdAerolinea, IdEmpleado, Puesto, Salario, FechaIngreso)
VALUES (11, 337, 'Media Manager II', 66, '3/26/2000');
INSERT INTO EmpleadoAerolinea (IdAerolinea, IdEmpleado, Puesto, Salario, FechaIngreso)
VALUES (8, 338, 'Research Nurse', 93, '12/26/2003');
INSERT INTO EmpleadoAerolinea (IdAerolinea, IdEmpleado, Puesto, Salario, FechaIngreso)
VALUES (8, 339, 'Senior Financial Analyst', 58, '4/20/1989');
INSERT INTO EmpleadoAerolinea (IdAerolinea, IdEmpleado, Puesto, Salario, FechaIngreso)
VALUES (11, 340, 'Payment Adjustment Coordinator', 77, '6/24/1988');
INSERT INTO EmpleadoAerolinea (IdAerolinea, IdEmpleado, Puesto, Salario, FechaIngreso)
VALUES (14, 341, 'Information Systems Manager', 89, '10/23/2018');
INSERT INTO EmpleadoAerolinea (IdAerolinea, IdEmpleado, Puesto, Salario, FechaIngreso)
VALUES (17, 342, 'Analog Circuit Design manager', 95, '11/17/2000');
INSERT INTO EmpleadoAerolinea (IdAerolinea, IdEmpleado, Puesto, Salario, FechaIngreso)
VALUES (4, 343, 'Editor', 52, '10/22/1994');
INSERT INTO EmpleadoAerolinea (IdAerolinea, IdEmpleado, Puesto, Salario, FechaIngreso)
VALUES (29, 344, 'Structural Engineer', 73, '10/23/1989');
INSERT INTO EmpleadoAerolinea (IdAerolinea, IdEmpleado, Puesto, Salario, FechaIngreso)
VALUES (14, 345, 'Account Coordinator', 69, '12/9/2010');
INSERT INTO EmpleadoAerolinea (IdAerolinea, IdEmpleado, Puesto, Salario, FechaIngreso)
VALUES (12, 346, 'VP Product Management', 53, '4/30/1987');
INSERT INTO EmpleadoAerolinea (IdAerolinea, IdEmpleado, Puesto, Salario, FechaIngreso)
VALUES (3, 347, 'Community Outreach Specialist', 94, '9/11/1989');
INSERT INTO EmpleadoAerolinea (IdAerolinea, IdEmpleado, Puesto, Salario, FechaIngreso)
VALUES (20, 348, 'Community Outreach Specialist', 72, '6/17/2013');
INSERT INTO EmpleadoAerolinea (IdAerolinea, IdEmpleado, Puesto, Salario, FechaIngreso)
VALUES (8, 349, 'Recruiter', 94, '3/8/2019');
INSERT INTO EmpleadoAerolinea (IdAerolinea, IdEmpleado, Puesto, Salario, FechaIngreso)
VALUES (21, 350, 'Structural Analysis Engineer', 79, '8/26/2001');


INSERT INTO Bodega (IdBodega, IdAeropuerto, IdTaller)
VALUES (1, 1, 1),
       (2, 2, 2),
       (3, 3, 3),
       (4, 4, 4),
       (5, 5, 5),
       (6, 6, 6),
       (7, 7, 7),
       (8, 8, 8),
       (9, 9, 9),
       (10, 10, 10),
       (11, 11, 11),
       (12, 12, 12),
       (13, 13, 13),
       (14, 14, 14),
       (15, 15, 15),
       (16, 16, 16),
       (17, 17, 17),
       (18, 18, 18),
       (19, 19, 19),
       (20, 20, 20),
       (21, 21, 21),
       (22, 22, 22),
       (23, 23, 23);

INSERT INTO AvionAeropuerto (IdAeropuerto, IdAvion, FechaHoraLlegada, FechaHoraSalida)
VALUES (3, 201, '2018-11-19 23:36:43', '2019-08-02 21:04:21');
INSERT INTO AvionAeropuerto (IdAeropuerto, IdAvion, FechaHoraLlegada, FechaHoraSalida)
VALUES (17, 202, '2019-08-30 23:21:08', '2019-08-16 18:51:32');
INSERT INTO AvionAeropuerto (IdAeropuerto, IdAvion, FechaHoraLlegada, FechaHoraSalida)
VALUES (14, 203, '2018-10-01 15:39:41', '2018-11-13 06:25:00');
INSERT INTO AvionAeropuerto (IdAeropuerto, IdAvion, FechaHoraLlegada, FechaHoraSalida)
VALUES (7, 204, '2018-10-21 08:02:15', '2018-10-30 21:31:48');
INSERT INTO AvionAeropuerto (IdAeropuerto, IdAvion, FechaHoraLlegada, FechaHoraSalida)
VALUES (1, 205, '2019-08-06 10:15:53', '2019-07-12 23:43:00');
INSERT INTO AvionAeropuerto (IdAeropuerto, IdAvion, FechaHoraLlegada, FechaHoraSalida)
VALUES (29, 206, '2018-10-23 11:21:07', '2019-09-15 22:56:34');
INSERT INTO AvionAeropuerto (IdAeropuerto, IdAvion, FechaHoraLlegada, FechaHoraSalida)
VALUES (7, 207, '2019-06-18 20:04:20', '2019-02-26 07:03:40');
INSERT INTO AvionAeropuerto (IdAeropuerto, IdAvion, FechaHoraLlegada, FechaHoraSalida)
VALUES (24, 208, '2018-11-07 18:15:17', '2018-12-16 08:50:53');
INSERT INTO AvionAeropuerto (IdAeropuerto, IdAvion, FechaHoraLlegada, FechaHoraSalida)
VALUES (27, 209, '2018-12-16 12:19:40', '2019-03-26 02:56:13');
INSERT INTO AvionAeropuerto (IdAeropuerto, IdAvion, FechaHoraLlegada, FechaHoraSalida)
VALUES (21, 210, '2018-10-03 05:37:33', '2019-06-12 11:11:54');
INSERT INTO AvionAeropuerto (IdAeropuerto, IdAvion, FechaHoraLlegada, FechaHoraSalida)
VALUES (14, 211, '2018-11-02 17:16:24', '2019-07-01 12:33:57');
INSERT INTO AvionAeropuerto (IdAeropuerto, IdAvion, FechaHoraLlegada, FechaHoraSalida)
VALUES (21, 212, '2019-09-01 23:07:47', '2018-09-26 16:07:25');
INSERT INTO AvionAeropuerto (IdAeropuerto, IdAvion, FechaHoraLlegada, FechaHoraSalida)
VALUES (9, 213, '2018-10-07 02:55:38', '2019-07-18 11:45:25');
INSERT INTO AvionAeropuerto (IdAeropuerto, IdAvion, FechaHoraLlegada, FechaHoraSalida)
VALUES (21, 214, '2019-03-28 09:56:54', '2019-01-03 12:53:23');
INSERT INTO AvionAeropuerto (IdAeropuerto, IdAvion, FechaHoraLlegada, FechaHoraSalida)
VALUES (30, 215, '2019-05-21 01:35:08', '2019-03-15 08:05:07');
INSERT INTO AvionAeropuerto (IdAeropuerto, IdAvion, FechaHoraLlegada, FechaHoraSalida)
VALUES (25, 216, '2019-03-25 17:42:34', '2019-01-25 23:34:58');
INSERT INTO AvionAeropuerto (IdAeropuerto, IdAvion, FechaHoraLlegada, FechaHoraSalida)
VALUES (14, 217, '2019-06-27 18:50:14', '2018-12-15 20:27:25');
INSERT INTO AvionAeropuerto (IdAeropuerto, IdAvion, FechaHoraLlegada, FechaHoraSalida)
VALUES (1, 218, '2019-01-31 02:33:17', '2019-03-26 21:59:18');
INSERT INTO AvionAeropuerto (IdAeropuerto, IdAvion, FechaHoraLlegada, FechaHoraSalida)
VALUES (6, 219, '2019-08-08 22:38:49', '2019-05-24 01:02:04');
INSERT INTO AvionAeropuerto (IdAeropuerto, IdAvion, FechaHoraLlegada, FechaHoraSalida)
VALUES (20, 220, '2019-08-14 10:35:08', '2018-10-12 03:42:21');
INSERT INTO AvionAeropuerto (IdAeropuerto, IdAvion, FechaHoraLlegada, FechaHoraSalida)
VALUES (11, 221, '2018-09-24 16:10:50', '2018-09-24 00:19:02');
INSERT INTO AvionAeropuerto (IdAeropuerto, IdAvion, FechaHoraLlegada, FechaHoraSalida)
VALUES (22, 222, '2019-04-01 04:33:08', '2019-08-11 09:21:36');
INSERT INTO AvionAeropuerto (IdAeropuerto, IdAvion, FechaHoraLlegada, FechaHoraSalida)
VALUES (3, 223, '2019-06-04 17:25:00', '2019-02-01 19:30:15');
INSERT INTO AvionAeropuerto (IdAeropuerto, IdAvion, FechaHoraLlegada, FechaHoraSalida)
VALUES (20, 224, '2019-07-29 04:25:39', '2018-12-13 07:44:19');
INSERT INTO AvionAeropuerto (IdAeropuerto, IdAvion, FechaHoraLlegada, FechaHoraSalida)
VALUES (12, 225, '2019-05-21 09:19:19', '2019-08-03 13:37:04');
INSERT INTO AvionAeropuerto (IdAeropuerto, IdAvion, FechaHoraLlegada, FechaHoraSalida)
VALUES (5, 226, '2018-10-10 19:18:46', '2018-11-10 01:36:56');
INSERT INTO AvionAeropuerto (IdAeropuerto, IdAvion, FechaHoraLlegada, FechaHoraSalida)
VALUES (29, 227, '2018-11-26 14:50:20', '2018-09-23 20:57:50');
INSERT INTO AvionAeropuerto (IdAeropuerto, IdAvion, FechaHoraLlegada, FechaHoraSalida)
VALUES (5, 228, '2018-11-29 05:38:53', '2019-07-21 03:30:23');
INSERT INTO AvionAeropuerto (IdAeropuerto, IdAvion, FechaHoraLlegada, FechaHoraSalida)
VALUES (1, 229, '2019-07-08 20:53:58', '2019-03-03 10:19:19');
INSERT INTO AvionAeropuerto (IdAeropuerto, IdAvion, FechaHoraLlegada, FechaHoraSalida)
VALUES (27, 230, '2019-05-28 12:05:07', '2018-10-09 15:51:11');
INSERT INTO AvionAeropuerto (IdAeropuerto, IdAvion, FechaHoraLlegada, FechaHoraSalida)
VALUES (24, 231, '2018-10-19 09:48:31', '2019-04-05 05:46:37');
INSERT INTO AvionAeropuerto (IdAeropuerto, IdAvion, FechaHoraLlegada, FechaHoraSalida)
VALUES (27, 232, '2019-07-12 00:33:42', '2019-04-20 04:09:15');
INSERT INTO AvionAeropuerto (IdAeropuerto, IdAvion, FechaHoraLlegada, FechaHoraSalida)
VALUES (8, 233, '2019-04-02 13:19:36', '2018-10-20 15:36:48');
INSERT INTO AvionAeropuerto (IdAeropuerto, IdAvion, FechaHoraLlegada, FechaHoraSalida)
VALUES (23, 234, '2018-12-23 02:52:57', '2018-10-08 00:04:01');
INSERT INTO AvionAeropuerto (IdAeropuerto, IdAvion, FechaHoraLlegada, FechaHoraSalida)
VALUES (10, 235, '2018-10-02 00:16:59', '2019-07-19 12:35:11');
INSERT INTO AvionAeropuerto (IdAeropuerto, IdAvion, FechaHoraLlegada, FechaHoraSalida)
VALUES (3, 236, '2019-03-30 23:01:08', '2018-09-28 01:38:07');
INSERT INTO AvionAeropuerto (IdAeropuerto, IdAvion, FechaHoraLlegada, FechaHoraSalida)
VALUES (23, 237, '2019-01-14 05:44:38', '2018-11-05 16:06:21');
INSERT INTO AvionAeropuerto (IdAeropuerto, IdAvion, FechaHoraLlegada, FechaHoraSalida)
VALUES (15, 238, '2019-09-09 01:06:13', '2019-06-29 05:59:00');
INSERT INTO AvionAeropuerto (IdAeropuerto, IdAvion, FechaHoraLlegada, FechaHoraSalida)
VALUES (16, 239, '2019-05-29 17:07:20', '2019-09-07 06:44:58');
INSERT INTO AvionAeropuerto (IdAeropuerto, IdAvion, FechaHoraLlegada, FechaHoraSalida)
VALUES (4, 240, '2019-03-23 03:48:30', '2018-12-12 20:29:19');
INSERT INTO AvionAeropuerto (IdAeropuerto, IdAvion, FechaHoraLlegada, FechaHoraSalida)
VALUES (11, 241, '2018-10-11 16:16:52', '2019-06-30 22:26:46');
INSERT INTO AvionAeropuerto (IdAeropuerto, IdAvion, FechaHoraLlegada, FechaHoraSalida)
VALUES (11, 242, '2019-08-22 08:37:40', '2019-06-05 06:21:28');
INSERT INTO AvionAeropuerto (IdAeropuerto, IdAvion, FechaHoraLlegada, FechaHoraSalida)
VALUES (1, 243, '2019-03-09 18:51:04', '2019-04-08 20:20:53');
INSERT INTO AvionAeropuerto (IdAeropuerto, IdAvion, FechaHoraLlegada, FechaHoraSalida)
VALUES (23, 244, '2019-06-22 14:33:46', '2019-06-20 17:11:46');
INSERT INTO AvionAeropuerto (IdAeropuerto, IdAvion, FechaHoraLlegada, FechaHoraSalida)
VALUES (18, 245, '2018-12-02 03:46:51', '2019-02-28 10:49:15');
INSERT INTO AvionAeropuerto (IdAeropuerto, IdAvion, FechaHoraLlegada, FechaHoraSalida)
VALUES (6, 246, '2019-05-01 02:42:28', '2019-04-21 20:57:02');
INSERT INTO AvionAeropuerto (IdAeropuerto, IdAvion, FechaHoraLlegada, FechaHoraSalida)
VALUES (16, 247, '2018-12-15 17:21:39', '2019-08-06 07:56:23');
INSERT INTO AvionAeropuerto (IdAeropuerto, IdAvion, FechaHoraLlegada, FechaHoraSalida)
VALUES (13, 248, '2019-02-14 01:01:10', '2019-02-06 12:09:13');
INSERT INTO AvionAeropuerto (IdAeropuerto, IdAvion, FechaHoraLlegada, FechaHoraSalida)
VALUES (3, 249, '2019-02-23 22:37:40', '2019-05-12 17:03:33');
INSERT INTO AvionAeropuerto (IdAeropuerto, IdAvion, FechaHoraLlegada, FechaHoraSalida)
VALUES (10, 250, '2019-08-17 19:16:16', '2018-10-24 00:19:49');
INSERT INTO AvionAeropuerto (IdAeropuerto, IdAvion, FechaHoraLlegada, FechaHoraSalida)
VALUES (1, 251, '2018-11-10 23:49:48', '2018-12-03 11:45:31');
INSERT INTO AvionAeropuerto (IdAeropuerto, IdAvion, FechaHoraLlegada, FechaHoraSalida)
VALUES (8, 252, '2019-03-28 13:33:35', '2018-10-25 04:23:05');
INSERT INTO AvionAeropuerto (IdAeropuerto, IdAvion, FechaHoraLlegada, FechaHoraSalida)
VALUES (23, 253, '2018-12-04 18:20:33', '2019-07-29 02:30:55');
INSERT INTO AvionAeropuerto (IdAeropuerto, IdAvion, FechaHoraLlegada, FechaHoraSalida)
VALUES (17, 254, '2019-05-18 22:56:45', '2019-05-23 04:06:42');
INSERT INTO AvionAeropuerto (IdAeropuerto, IdAvion, FechaHoraLlegada, FechaHoraSalida)
VALUES (8, 255, '2019-02-20 15:44:17', '2019-06-01 21:51:39');
INSERT INTO AvionAeropuerto (IdAeropuerto, IdAvion, FechaHoraLlegada, FechaHoraSalida)
VALUES (14, 256, '2018-09-30 00:42:52', '2019-04-11 20:59:26');
INSERT INTO AvionAeropuerto (IdAeropuerto, IdAvion, FechaHoraLlegada, FechaHoraSalida)
VALUES (13, 257, '2019-07-29 17:20:33', '2018-11-20 11:17:19');
INSERT INTO AvionAeropuerto (IdAeropuerto, IdAvion, FechaHoraLlegada, FechaHoraSalida)
VALUES (8, 258, '2019-02-03 12:31:51', '2019-01-24 19:52:13');
INSERT INTO AvionAeropuerto (IdAeropuerto, IdAvion, FechaHoraLlegada, FechaHoraSalida)
VALUES (12, 259, '2018-12-05 07:59:38', '2019-04-29 21:05:38');
INSERT INTO AvionAeropuerto (IdAeropuerto, IdAvion, FechaHoraLlegada, FechaHoraSalida)
VALUES (11, 260, '2019-05-03 06:14:18', '2018-12-29 18:10:39');
INSERT INTO AvionAeropuerto (IdAeropuerto, IdAvion, FechaHoraLlegada, FechaHoraSalida)
VALUES (12, 261, '2019-04-19 13:32:31', '2019-07-18 09:13:23');
INSERT INTO AvionAeropuerto (IdAeropuerto, IdAvion, FechaHoraLlegada, FechaHoraSalida)
VALUES (1, 262, '2018-12-04 12:46:32', '2019-05-26 16:15:35');
INSERT INTO AvionAeropuerto (IdAeropuerto, IdAvion, FechaHoraLlegada, FechaHoraSalida)
VALUES (26, 263, '2018-09-23 18:19:56', '2019-07-05 00:59:27');
INSERT INTO AvionAeropuerto (IdAeropuerto, IdAvion, FechaHoraLlegada, FechaHoraSalida)
VALUES (7, 264, '2019-07-24 06:03:19', '2019-05-18 16:51:34');
INSERT INTO AvionAeropuerto (IdAeropuerto, IdAvion, FechaHoraLlegada, FechaHoraSalida)
VALUES (29, 265, '2018-12-23 23:19:30', '2019-02-06 23:24:38');
INSERT INTO AvionAeropuerto (IdAeropuerto, IdAvion, FechaHoraLlegada, FechaHoraSalida)
VALUES (9, 266, '2019-04-06 19:41:22', '2018-10-18 16:33:47');
INSERT INTO AvionAeropuerto (IdAeropuerto, IdAvion, FechaHoraLlegada, FechaHoraSalida)
VALUES (4, 267, '2019-08-07 14:53:43', '2019-01-18 09:36:46');
INSERT INTO AvionAeropuerto (IdAeropuerto, IdAvion, FechaHoraLlegada, FechaHoraSalida)
VALUES (4, 268, '2018-12-16 19:45:04', '2019-04-12 05:34:17');
INSERT INTO AvionAeropuerto (IdAeropuerto, IdAvion, FechaHoraLlegada, FechaHoraSalida)
VALUES (13, 269, '2019-09-18 16:15:00', '2019-03-29 18:42:39');
INSERT INTO AvionAeropuerto (IdAeropuerto, IdAvion, FechaHoraLlegada, FechaHoraSalida)
VALUES (17, 270, '2018-11-01 22:27:16', '2018-12-07 23:23:15');


INSERT INTO Avion (IdAvion, CodigoAvion, Modelo, CapacidadTripulacion, CapacidadItinerario, IdAerolinea, IdFabricante,
                   Posicion, Estado)
VALUES (1, '0268-6183', 'm25', 310, 4, 8, 1, '7.88268, 118.86642', 'inactivo');
INSERT INTO Avion (IdAvion, CodigoAvion, Modelo, CapacidadTripulacion, CapacidadItinerario, IdAerolinea, IdFabricante,
                   Posicion, Estado)
VALUES (2, '0338-0017', 'm22', 361, 3, 8, 8, '25.51949, 165.90146', 'inactivo');
INSERT INTO Avion (IdAvion, CodigoAvion, Modelo, CapacidadTripulacion, CapacidadItinerario, IdAerolinea, IdFabricante,
                   Posicion, Estado)
VALUES (3, '76237-215', 'm17', 412, 4, 3, 7, '35.18687, -68.08823', 'reparacion');
INSERT INTO Avion (IdAvion, CodigoAvion, Modelo, CapacidadTripulacion, CapacidadItinerario, IdAerolinea, IdFabricante,
                   Posicion, Estado)
VALUES (4, '51861-102', 'm5', 424, 3, 6, 19, '62.46359, 109.9891', 'reparacion');
INSERT INTO Avion (IdAvion, CodigoAvion, Modelo, CapacidadTripulacion, CapacidadItinerario, IdAerolinea, IdFabricante,
                   Posicion, Estado)
VALUES (5, '59779-370', 'm15', 315, 1, 7, 14, '74.59414, 94.65963', 'activo');
INSERT INTO Avion (IdAvion, CodigoAvion, Modelo, CapacidadTripulacion, CapacidadItinerario, IdAerolinea, IdFabricante,
                   Posicion, Estado)
VALUES (6, '56062-704', 'm19', 307, 5, 1, 6, '36.78288, -114.63097', 'activo');
INSERT INTO Avion (IdAvion, CodigoAvion, Modelo, CapacidadTripulacion, CapacidadItinerario, IdAerolinea, IdFabricante,
                   Posicion, Estado)
VALUES (7, '65862-605', 'm3', 472, 4, 4, 2, '39.10883, 62.17575', 'inactivo');
INSERT INTO Avion (IdAvion, CodigoAvion, Modelo, CapacidadTripulacion, CapacidadItinerario, IdAerolinea, IdFabricante,
                   Posicion, Estado)
VALUES (8, '53808-0701', 'm29', 430, 5, 6, 4, '-20.03201, -0.61345', 'inactivo');
INSERT INTO Avion (IdAvion, CodigoAvion, Modelo, CapacidadTripulacion, CapacidadItinerario, IdAerolinea, IdFabricante,
                   Posicion, Estado)
VALUES (9, '0143-2422', 'm29', 357, 5, 4, 2, '-42.67903, -45.55604', 'activo');
INSERT INTO Avion (IdAvion, CodigoAvion, Modelo, CapacidadTripulacion, CapacidadItinerario, IdAerolinea, IdFabricante,
                   Posicion, Estado)
VALUES (10, '52685-443', 'm23', 510, 1, 6, 6, '-24.13174, 10.32013', 'reparacion');
INSERT INTO Avion (IdAvion, CodigoAvion, Modelo, CapacidadTripulacion, CapacidadItinerario, IdAerolinea, IdFabricante,
                   Posicion, Estado)
VALUES (11, '42254-295', 'm29', 396, 3, 6, 13, '62.1307, -168.62623', 'activo');
INSERT INTO Avion (IdAvion, CodigoAvion, Modelo, CapacidadTripulacion, CapacidadItinerario, IdAerolinea, IdFabricante,
                   Posicion, Estado)
VALUES (12, '49696-622', 'm6', 381, 4, 1, 16, '82.97549, 71.21097', 'reparacion');
INSERT INTO Avion (IdAvion, CodigoAvion, Modelo, CapacidadTripulacion, CapacidadItinerario, IdAerolinea, IdFabricante,
                   Posicion, Estado)
VALUES (13, '68786-228', 'm16', 518, 5, 6, 4, '-9.53922, 89.81114', 'activo');
INSERT INTO Avion (IdAvion, CodigoAvion, Modelo, CapacidadTripulacion, CapacidadItinerario, IdAerolinea, IdFabricante,
                   Posicion, Estado)
VALUES (14, '53040-993', 'm29', 465, 1, 1, 1, '-24.37504, -118.85622', 'reparacion');
INSERT INTO Avion (IdAvion, CodigoAvion, Modelo, CapacidadTripulacion, CapacidadItinerario, IdAerolinea, IdFabricante,
                   Posicion, Estado)
VALUES (15, '36987-1027', 'm22', 354, 2, 2, 18, '65.14849, -34.37034', 'inactivo');
INSERT INTO Avion (IdAvion, CodigoAvion, Modelo, CapacidadTripulacion, CapacidadItinerario, IdAerolinea, IdFabricante,
                   Posicion, Estado)
VALUES (16, '23155-290', 'm5', 490, 4, 2, 10, '-20.11657, -125.45625', 'inactivo');
INSERT INTO Avion (IdAvion, CodigoAvion, Modelo, CapacidadTripulacion, CapacidadItinerario, IdAerolinea, IdFabricante,
                   Posicion, Estado)
VALUES (17, '49288-0726', 'm28', 394, 2, 8, 4, '-42.67903, -45.55604', 'inactivo');
INSERT INTO Avion (IdAvion, CodigoAvion, Modelo, CapacidadTripulacion, CapacidadItinerario, IdAerolinea, IdFabricante,
                   Posicion, Estado)
VALUES (18, '64117-266', 'm9', 473, 2, 7, 20, '-72.20573, 103.34434', 'reparacion');
INSERT INTO Avion (IdAvion, CodigoAvion, Modelo, CapacidadTripulacion, CapacidadItinerario, IdAerolinea, IdFabricante,
                   Posicion, Estado)
VALUES (19, '55150-116', 'm19', 546, 3, 11, 19, '27.68857, -153.32989', 'activo');
INSERT INTO Avion (IdAvion, CodigoAvion, Modelo, CapacidadTripulacion, CapacidadItinerario, IdAerolinea, IdFabricante,
                   Posicion, Estado)
VALUES (20, '0378-4490', 'm4', 364, 3, 11, 13, '-47.8001, 143.26477', 'reparacion');
INSERT INTO Avion (IdAvion, CodigoAvion, Modelo, CapacidadTripulacion, CapacidadItinerario, IdAerolinea, IdFabricante,
                   Posicion, Estado)
VALUES (21, '99207-466', 'm28', 505, 2, 2, 17, '19.35433, 128.98149', 'reparacion');
INSERT INTO Avion (IdAvion, CodigoAvion, Modelo, CapacidadTripulacion, CapacidadItinerario, IdAerolinea, IdFabricante,
                   Posicion, Estado)
VALUES (22, '8290-3268', 'm3', 523, 1, 6, 15, '11.14654, 18.82832', 'activo');
INSERT INTO Avion (IdAvion, CodigoAvion, Modelo, CapacidadTripulacion, CapacidadItinerario, IdAerolinea, IdFabricante,
                   Posicion, Estado)
VALUES (23, '49349-957', 'm23', 365, 3, 8, 17, '7.84576, 85.03089', 'activo');
INSERT INTO Avion (IdAvion, CodigoAvion, Modelo, CapacidadTripulacion, CapacidadItinerario, IdAerolinea, IdFabricante,
                   Posicion, Estado)
VALUES (24, '67877-272', 'm2', 441, 3, 3, 20, '86.69532, -38.58076', 'inactivo');
INSERT INTO Avion (IdAvion, CodigoAvion, Modelo, CapacidadTripulacion, CapacidadItinerario, IdAerolinea, IdFabricante,
                   Posicion, Estado)
VALUES (25, '48871-006', 'm13', 388, 3, 4, 16, '-0.80358, 131.95282', 'reparacion');
INSERT INTO Avion (IdAvion, CodigoAvion, Modelo, CapacidadTripulacion, CapacidadItinerario, IdAerolinea, IdFabricante,
                   Posicion, Estado)
VALUES (26, '51621-014', 'm14', 491, 5, 6, 11, '39.07323, 161.14918', 'reparacion');
INSERT INTO Avion (IdAvion, CodigoAvion, Modelo, CapacidadTripulacion, CapacidadItinerario, IdAerolinea, IdFabricante,
                   Posicion, Estado)
VALUES (27, '55154-1584', 'm26', 351, 1, 7, 10, '77.20341, 93.94547', 'reparacion');
INSERT INTO Avion (IdAvion, CodigoAvion, Modelo, CapacidadTripulacion, CapacidadItinerario, IdAerolinea, IdFabricante,
                   Posicion, Estado)
VALUES (28, '54868-6167', 'm23', 526, 1, 10, 8, '58.95559, -142.9999', 'inactivo');
INSERT INTO Avion (IdAvion, CodigoAvion, Modelo, CapacidadTripulacion, CapacidadItinerario, IdAerolinea, IdFabricante,
                   Posicion, Estado)
VALUES (29, '0093-6108', 'm22', 385, 1, 5, 7, '-45.97733, 108.33235', 'reparacion');
INSERT INTO Avion (IdAvion, CodigoAvion, Modelo, CapacidadTripulacion, CapacidadItinerario, IdAerolinea, IdFabricante,
                   Posicion, Estado)
VALUES (30, '50462-114', 'm16', 500, 3, 11, 20, '27.98903, 118.75092', 'inactivo');
INSERT INTO Avion (IdAvion, CodigoAvion, Modelo, CapacidadTripulacion, CapacidadItinerario, IdAerolinea, IdFabricante,
                   Posicion, Estado)
VALUES (31, '48951-6055', 'm9', 517, 1, 12, 15, '-65.74644, 8.32095', 'inactivo');
INSERT INTO Avion (IdAvion, CodigoAvion, Modelo, CapacidadTripulacion, CapacidadItinerario, IdAerolinea, IdFabricante,
                   Posicion, Estado)
VALUES (32, '37000-361', 'm29', 447, 4, 4, 19, '-24.65878, 136.34371', 'inactivo');
INSERT INTO Avion (IdAvion, CodigoAvion, Modelo, CapacidadTripulacion, CapacidadItinerario, IdAerolinea, IdFabricante,
                   Posicion, Estado)
VALUES (33, '51138-585', 'm14', 516, 1, 1, 18, '23.00857, 72.06644', 'activo');
INSERT INTO Avion (IdAvion, CodigoAvion, Modelo, CapacidadTripulacion, CapacidadItinerario, IdAerolinea, IdFabricante,
                   Posicion, Estado)
VALUES (34, '10812-836', 'm6', 488, 5, 8, 14, '-1.78913, 52.41769', 'activo');
INSERT INTO Avion (IdAvion, CodigoAvion, Modelo, CapacidadTripulacion, CapacidadItinerario, IdAerolinea, IdFabricante,
                   Posicion, Estado)
VALUES (35, '13668-019', 'm12', 511, 3, 9, 2, '27.09916, 35.67728', 'inactivo');
INSERT INTO Avion (IdAvion, CodigoAvion, Modelo, CapacidadTripulacion, CapacidadItinerario, IdAerolinea, IdFabricante,
                   Posicion, Estado)
VALUES (36, '53645-1141', 'm8', 444, 2, 12, 17, '6.17603, -103.0688', 'inactivo');
INSERT INTO Avion (IdAvion, CodigoAvion, Modelo, CapacidadTripulacion, CapacidadItinerario, IdAerolinea, IdFabricante,
                   Posicion, Estado)
VALUES (37, '0409-7651', 'm15', 355, 1, 4, 3, '44.48885, 71.9936', 'activo');
INSERT INTO Avion (IdAvion, CodigoAvion, Modelo, CapacidadTripulacion, CapacidadItinerario, IdAerolinea, IdFabricante,
                   Posicion, Estado)
VALUES (38, '41163-412', 'm4', 316, 2, 10, 19, '65.56237, 79.39867', 'inactivo');
INSERT INTO Avion (IdAvion, CodigoAvion, Modelo, CapacidadTripulacion, CapacidadItinerario, IdAerolinea, IdFabricante,
                   Posicion, Estado)
VALUES (39, '0264-2202', 'm1', 526, 3, 11, 10, '-46.01913, 98.46795', 'inactivo');
INSERT INTO Avion (IdAvion, CodigoAvion, Modelo, CapacidadTripulacion, CapacidadItinerario, IdAerolinea, IdFabricante,
                   Posicion, Estado)
VALUES (40, '59779-244', 'm9', 354, 5, 2, 3, '-18.12171, -84.1662', 'reparacion');
INSERT INTO Avion (IdAvion, CodigoAvion, Modelo, CapacidadTripulacion, CapacidadItinerario, IdAerolinea, IdFabricante,
                   Posicion, Estado)
VALUES (41, '0338-6304', 'm9', 443, 5, 12, 20, '', 'reparacion');
INSERT INTO Avion (IdAvion, CodigoAvion, Modelo, CapacidadTripulacion, CapacidadItinerario, IdAerolinea, IdFabricante,
                   Posicion, Estado)
VALUES (42, '60512-6436', 'm23', 429, 5, 4, 2, '10.89912, -72.9399', 'reparacion');
INSERT INTO Avion (IdAvion, CodigoAvion, Modelo, CapacidadTripulacion, CapacidadItinerario, IdAerolinea, IdFabricante,
                   Posicion, Estado)
VALUES (43, '50988-192', 'm26', 453, 1, 2, 18, '-14.00903, 41.17652', 'activo');
INSERT INTO Avion (IdAvion, CodigoAvion, Modelo, CapacidadTripulacion, CapacidadItinerario, IdAerolinea, IdFabricante,
                   Posicion, Estado)
VALUES (44, '16590-987', 'm2', 454, 2, 7, 3, '-22.95482, -9.7899', 'reparacion');
INSERT INTO Avion (IdAvion, CodigoAvion, Modelo, CapacidadTripulacion, CapacidadItinerario, IdAerolinea, IdFabricante,
                   Posicion, Estado)
VALUES (45, '54868-6261', 'm4', 469, 2, 2, 9, '46.25438, 108.07352', 'inactivo');
INSERT INTO Avion (IdAvion, CodigoAvion, Modelo, CapacidadTripulacion, CapacidadItinerario, IdAerolinea, IdFabricante,
                   Posicion, Estado)
VALUES (46, '0268-6637', 'm14', 449, 4, 5, 10, '81.79194, -8.07556', 'activo');
INSERT INTO Avion (IdAvion, CodigoAvion, Modelo, CapacidadTripulacion, CapacidadItinerario, IdAerolinea, IdFabricante,
                   Posicion, Estado)
VALUES (47, '59779-840', 'm21', 505, 3, 3, 1, '-64.62183, 16.7632', 'reparacion');
INSERT INTO Avion (IdAvion, CodigoAvion, Modelo, CapacidadTripulacion, CapacidadItinerario, IdAerolinea, IdFabricante,
                   Posicion, Estado)
VALUES (48, '0169-4060', 'm3', 415, 1, 1, 2, '-80.37972, -68.79327', 'inactivo');
INSERT INTO Avion (IdAvion, CodigoAvion, Modelo, CapacidadTripulacion, CapacidadItinerario, IdAerolinea, IdFabricante,
                   Posicion, Estado)
VALUES (49, '61715-105', 'm9', 369, 2, 11, 7, '74.80172, -154.13674', 'activo');
INSERT INTO Avion (IdAvion, CodigoAvion, Modelo, CapacidadTripulacion, CapacidadItinerario, IdAerolinea, IdFabricante,
                   Posicion, Estado)
VALUES (50, '54868-6194', 'm14', 339, 3, 8, 8, '85.68588, 34.2498', 'inactivo');
INSERT INTO Avion (IdAvion, CodigoAvion, Modelo, CapacidadTripulacion, CapacidadItinerario, IdAerolinea, IdFabricante,
                   Posicion, Estado)
VALUES (51, '53808-0786', 'm28', 517, 1, 8, 19, '66.75661, -163.7835', 'inactivo');

INSERT INTO Avion (IdAvion, CodigoAvion, Modelo, CapacidadTripulacion, CapacidadItinerario, IdAerolinea, IdFabricante,
                   Posicion, Estado)
VALUES (52, '63629-1522', 'm4', 359, 5, 7, 7, '18.67321, -112.21068', 'inactivo');
INSERT INTO Avion (IdAvion, CodigoAvion, Modelo, CapacidadTripulacion, CapacidadItinerario, IdAerolinea, IdFabricante,
                   Posicion, Estado)
VALUES (53, '45963-439', 'm6', 437, 1, 10, 5, '40.51616, -158.29829', 'inactivo');
INSERT INTO Avion (IdAvion, CodigoAvion, Modelo, CapacidadTripulacion, CapacidadItinerario, IdAerolinea, IdFabricante,
                   Posicion, Estado)
VALUES (54, '0006-0117', 'm7', 414, 1, 7, 19, '63.78462, -36.39494', 'inactivo');
INSERT INTO Avion (IdAvion, CodigoAvion, Modelo, CapacidadTripulacion, CapacidadItinerario, IdAerolinea, IdFabricante,
                   Posicion, Estado)
VALUES (55, '49288-0214', 'm16', 547, 4, 4, 2, '0.61775, 3.98955', 'reparacion');
INSERT INTO Avion (IdAvion, CodigoAvion, Modelo, CapacidadTripulacion, CapacidadItinerario, IdAerolinea, IdFabricante,
                   Posicion, Estado)
VALUES (56, '58411-173', 'm16', 500, 1, 4, 18, '-88.38751, -163.56674', 'activo');
INSERT INTO Avion (IdAvion, CodigoAvion, Modelo, CapacidadTripulacion, CapacidadItinerario, IdAerolinea, IdFabricante,
                   Posicion, Estado)
VALUES (57, '0456-2220', 'm14', 383, 5, 2, 10, '67.70285, 81.24098', 'reparacion');
INSERT INTO Avion (IdAvion, CodigoAvion, Modelo, CapacidadTripulacion, CapacidadItinerario, IdAerolinea, IdFabricante,
                   Posicion, Estado)
VALUES (58, '43742-0136', 'm20', 458, 2, 3, 15, '86.28188, 138.7941', 'activo');
INSERT INTO Avion (IdAvion, CodigoAvion, Modelo, CapacidadTripulacion, CapacidadItinerario, IdAerolinea, IdFabricante,
                   Posicion, Estado)
VALUES (59, '68084-430', 'm7', 448, 3, 11, 19, '0.7419, -69.51497', 'activo');

INSERT INTO Avion (IdAvion, CodigoAvion, Modelo, CapacidadTripulacion, CapacidadItinerario, IdAerolinea, IdFabricante,
                   Posicion, Estado)
VALUES (60, '55154-9434', 'm3', 394, 3, 8, 17, '82.97549, 71.21097', 'reparacion');
INSERT INTO Avion (IdAvion, CodigoAvion, Modelo, CapacidadTripulacion, CapacidadItinerario, IdAerolinea, IdFabricante,
                   Posicion, Estado)
VALUES (61, '66078-033', 'm14', 450, 4, 10, 15, '-0.80358, 131.95282', 'activo');
INSERT INTO Avion (IdAvion, CodigoAvion, Modelo, CapacidadTripulacion, CapacidadItinerario, IdAerolinea, IdFabricante,
                   Posicion, Estado)
VALUES (62, '51393-7533', 'm27', 407, 3, 2, 17, '23.00857, 72.06644', 'inactivo');
INSERT INTO Avion (IdAvion, CodigoAvion, Modelo, CapacidadTripulacion, CapacidadItinerario, IdAerolinea, IdFabricante,
                   Posicion, Estado)
VALUES (63, '75854-202', 'm17', 407, 2, 8, 13, '50.15866, 3.22938', 'activo');
INSERT INTO Avion (IdAvion, CodigoAvion, Modelo, CapacidadTripulacion, CapacidadItinerario, IdAerolinea, IdFabricante,
                   Posicion, Estado)
VALUES (64, '55154-7777', 'm7', 459, 4, 10, 1, '76.21951, 146.58636', 'activo');
INSERT INTO Avion (IdAvion, CodigoAvion, Modelo, CapacidadTripulacion, CapacidadItinerario, IdAerolinea, IdFabricante,
                   Posicion, Estado)
VALUES (65, '61722-164', 'm3', 315, 4, 1, 20, '25.64045, 164.98045', 'activo');
INSERT INTO Avion (IdAvion, CodigoAvion, Modelo, CapacidadTripulacion, CapacidadItinerario, IdAerolinea, IdFabricante,
                   Posicion, Estado)
VALUES (66, '0615-3527', 'm2', 336, 5, 4, 15, '-61.77206, -110.29629', 'inactivo');
INSERT INTO Avion (IdAvion, CodigoAvion, Modelo, CapacidadTripulacion, CapacidadItinerario, IdAerolinea, IdFabricante,
                   Posicion, Estado)
VALUES (67, '22100-001', 'm15', 454, 5, 7, 12, '-65.6176, 81.39578', 'inactivo');
INSERT INTO Avion (IdAvion, CodigoAvion, Modelo, CapacidadTripulacion, CapacidadItinerario, IdAerolinea, IdFabricante,
                   Posicion, Estado)
VALUES (68, '49288-0389', 'm21', 459, 5, 6, 16, '28.8023, 25.89468', 'activo');
INSERT INTO Avion (IdAvion, CodigoAvion, Modelo, CapacidadTripulacion, CapacidadItinerario, IdAerolinea, IdFabricante,
                   Posicion, Estado)
VALUES (69, '50111-518', 'm13', 540, 1, 4, 4, '33.02762, -62.66558', 'activo');
INSERT INTO Avion (IdAvion, CodigoAvion, Modelo, CapacidadTripulacion, CapacidadItinerario, IdAerolinea, IdFabricante,
                   Posicion, Estado)
VALUES (70, '30142-384', 'm5', 457, 4, 11, 11, '67.70285, 81.24098', 'inactivo');




INSERT INTO Fabricante (IdFabricante, Nombre, CantidadModelos, Telefono)
VALUES (1, 'Koelpin, Purdy and Douglas', 87, '698-420-9199'),
       (2, 'Weissnat Group', 38, '261-118-0271'),
       (3, 'Hauck and Sons', 70, '449-478-5747'),
       (4, 'Grimes LLC', 46, '202-225-7613'),
       (5, 'Mayer Group', 25, '531-925-5036'),
       (6, 'Morar Inc', 35, '776-786-2666'),
       (7, 'Emmerich LLC', 39, '598-960-5504'),
       (8, 'Hilpert, Terry and Olson', 38, '720-593-4541'),
       (9, 'Pouros Inc', 65, '757-213-5453'),
       (10, 'Kuvalis, Grimes and Hayes', 17, '862-330-3804'),
       (11, 'Koelpin LLC', 15, '219-384-9133'),
       (12, 'Wunsch-Jast', 40, '213-660-3776'),
       (13, 'Walker Group', 42, '501-595-4206'),
       (14, 'Kerluke, Spencer and Prohaska', 97, '341-146-9707'),
       (15, 'McDermott and Sons', 82, '804-831-6833'),
       (16, 'Gibson, Wolff and Yost', 64, '710-175-2495'),
       (17, 'Pouros, Hammes and Price', 54, '111-768-6271'),
       (18, 'Pollich, Stroman and Osinski', 73, '172-187-6440'),
       (19, 'Treutel, Smitham and Metz', 43, '650-269-2874'),
       (20, 'Ledner and Sons', 62, '844-890-3601');


INSERT INTO AvionBodega (IdAvion, IdBodega, FechaHoraLlegada, FechaHoraSalida)
VALUES (1, 5, '2019-01-13 01:11:06', '2019-06-29 20:03:27');
INSERT INTO AvionBodega (IdAvion, IdBodega, FechaHoraLlegada, FechaHoraSalida)
VALUES (2, 6, '2018-11-27 17:15:42', '2019-03-15 06:39:20');
INSERT INTO AvionBodega (IdAvion, IdBodega, FechaHoraLlegada, FechaHoraSalida)
VALUES (3, 16, '2019-09-04 01:57:17', '2019-05-25 18:26:17');
INSERT INTO AvionBodega (IdAvion, IdBodega, FechaHoraLlegada, FechaHoraSalida)
VALUES (4, 17, '2019-06-14 02:29:08', '2019-01-02 21:07:07');
INSERT INTO AvionBodega (IdAvion, IdBodega, FechaHoraLlegada, FechaHoraSalida)
VALUES (5, 26, '2019-05-01 05:06:47', '2019-05-21 22:32:17');
INSERT INTO AvionBodega (IdAvion, IdBodega, FechaHoraLlegada, FechaHoraSalida)
VALUES (6, 18, '2019-06-18 01:56:44', '2019-08-04 06:30:22');
INSERT INTO AvionBodega (IdAvion, IdBodega, FechaHoraLlegada, FechaHoraSalida)
VALUES (7, 17, '2019-07-09 03:20:49', '2019-09-15 16:08:35');
INSERT INTO AvionBodega (IdAvion, IdBodega, FechaHoraLlegada, FechaHoraSalida)
VALUES (8, 13, '2018-10-14 06:35:34', '2019-07-22 16:26:15');
INSERT INTO AvionBodega (IdAvion, IdBodega, FechaHoraLlegada, FechaHoraSalida)
VALUES (9, 8, '2018-09-23 03:39:40', '2018-11-18 12:47:55');
INSERT INTO AvionBodega (IdAvion, IdBodega, FechaHoraLlegada, FechaHoraSalida)
VALUES (10, 4, '2018-11-05 07:22:46', '2019-04-06 04:07:38');
INSERT INTO AvionBodega (IdAvion, IdBodega, FechaHoraLlegada, FechaHoraSalida)
VALUES (11, 26, '2019-02-25 06:08:57', '2019-03-04 03:32:40');
INSERT INTO AvionBodega (IdAvion, IdBodega, FechaHoraLlegada, FechaHoraSalida)
VALUES (12, 19, '2018-10-03 02:46:40', '2019-03-09 22:17:37');
INSERT INTO AvionBodega (IdAvion, IdBodega, FechaHoraLlegada, FechaHoraSalida)
VALUES (13, 2, '2019-08-12 00:32:02', '2019-07-06 04:19:54');
INSERT INTO AvionBodega (IdAvion, IdBodega, FechaHoraLlegada, FechaHoraSalida)
VALUES (14, 20, '2019-07-27 02:36:17', '2019-04-20 07:17:42');
INSERT INTO AvionBodega (IdAvion, IdBodega, FechaHoraLlegada, FechaHoraSalida)
VALUES (15, 10, '2019-08-20 10:02:29', '2019-08-06 09:01:27');
INSERT INTO AvionBodega (IdAvion, IdBodega, FechaHoraLlegada, FechaHoraSalida)
VALUES (16, 19, '2019-07-04 12:04:48', '2018-11-26 22:54:43');
INSERT INTO AvionBodega (IdAvion, IdBodega, FechaHoraLlegada, FechaHoraSalida)
VALUES (17, 13, '2019-08-01 04:59:47', '2019-01-10 13:50:52');
INSERT INTO AvionBodega (IdAvion, IdBodega, FechaHoraLlegada, FechaHoraSalida)
VALUES (18, 24, '2019-04-06 23:16:36', '2019-01-12 12:49:19');
INSERT INTO AvionBodega (IdAvion, IdBodega, FechaHoraLlegada, FechaHoraSalida)
VALUES (19, 22, '2018-11-13 13:21:58', '2018-11-19 05:45:04');
INSERT INTO AvionBodega (IdAvion, IdBodega, FechaHoraLlegada, FechaHoraSalida)
VALUES (20, 12, '2019-05-22 22:55:14', '2019-06-01 21:12:47');
INSERT INTO AvionBodega (IdAvion, IdBodega, FechaHoraLlegada, FechaHoraSalida)
VALUES (21, 29, '2019-07-31 19:04:00', '2019-06-25 22:19:42');
INSERT INTO AvionBodega (IdAvion, IdBodega, FechaHoraLlegada, FechaHoraSalida)
VALUES (22, 30, '2019-01-01 15:09:03', '2019-04-24 09:27:44');
INSERT INTO AvionBodega (IdAvion, IdBodega, FechaHoraLlegada, FechaHoraSalida)
VALUES (23, 30, '2018-11-24 12:23:01', '2018-10-31 03:45:02');
INSERT INTO AvionBodega (IdAvion, IdBodega, FechaHoraLlegada, FechaHoraSalida)
VALUES (24, 18, '2019-02-02 20:41:01', '2019-01-08 18:55:41');
INSERT INTO AvionBodega (IdAvion, IdBodega, FechaHoraLlegada, FechaHoraSalida)
VALUES (25, 9, '2019-05-28 05:06:07', '2019-02-19 01:16:18');
INSERT INTO AvionBodega (IdAvion, IdBodega, FechaHoraLlegada, FechaHoraSalida)
VALUES (26, 24, '2019-01-30 07:59:41', '2019-07-26 21:04:20');
INSERT INTO AvionBodega (IdAvion, IdBodega, FechaHoraLlegada, FechaHoraSalida)
VALUES (27, 6, '2018-11-28 20:40:23', '2018-12-18 12:57:05');
INSERT INTO AvionBodega (IdAvion, IdBodega, FechaHoraLlegada, FechaHoraSalida)
VALUES (28, 21, '2019-04-14 17:45:51', '2019-06-06 17:25:21');
INSERT INTO AvionBodega (IdAvion, IdBodega, FechaHoraLlegada, FechaHoraSalida)
VALUES (29, 3, '2019-02-01 02:39:41', '2018-10-20 12:06:40');
INSERT INTO AvionBodega (IdAvion, IdBodega, FechaHoraLlegada, FechaHoraSalida)
VALUES (30, 28, '2019-07-26 02:35:40', '2019-07-15 05:33:41');
INSERT INTO AvionBodega (IdAvion, IdBodega, FechaHoraLlegada, FechaHoraSalida)
VALUES (31, 6, '2019-06-14 09:30:19', '2019-04-03 04:22:20');
INSERT INTO AvionBodega (IdAvion, IdBodega, FechaHoraLlegada, FechaHoraSalida)
VALUES (32, 3, '2018-09-24 20:27:14', '2018-12-18 06:36:05');
INSERT INTO AvionBodega (IdAvion, IdBodega, FechaHoraLlegada, FechaHoraSalida)
VALUES (33, 2, '2019-04-12 01:13:54', '2019-04-06 22:00:31');
INSERT INTO AvionBodega (IdAvion, IdBodega, FechaHoraLlegada, FechaHoraSalida)
VALUES (34, 22, '2019-08-23 01:18:01', '2019-07-01 14:15:25');
INSERT INTO AvionBodega (IdAvion, IdBodega, FechaHoraLlegada, FechaHoraSalida)
VALUES (35, 24, '2018-11-13 12:08:31', '2019-06-11 06:02:05');
INSERT INTO AvionBodega (IdAvion, IdBodega, FechaHoraLlegada, FechaHoraSalida)
VALUES (36, 22, '2019-07-26 16:01:13', '2019-04-10 19:42:56');
INSERT INTO AvionBodega (IdAvion, IdBodega, FechaHoraLlegada, FechaHoraSalida)
VALUES (37, 25, '2018-10-05 01:05:36', '2019-06-02 08:28:55');
INSERT INTO AvionBodega (IdAvion, IdBodega, FechaHoraLlegada, FechaHoraSalida)
VALUES (38, 29, '2019-04-02 18:54:15', '2018-10-18 10:55:06');
INSERT INTO AvionBodega (IdAvion, IdBodega, FechaHoraLlegada, FechaHoraSalida)
VALUES (39, 2, '2018-10-15 01:04:37', '2019-03-11 07:04:50');
INSERT INTO AvionBodega (IdAvion, IdBodega, FechaHoraLlegada, FechaHoraSalida)
VALUES (40, 23, '2018-11-30 21:43:22', '2018-10-05 14:20:56');
INSERT INTO AvionBodega (IdAvion, IdBodega, FechaHoraLlegada, FechaHoraSalida)
VALUES (41, 30, '2019-04-29 01:51:14', '2019-03-13 11:26:59');
INSERT INTO AvionBodega (IdAvion, IdBodega, FechaHoraLlegada, FechaHoraSalida)
VALUES (42, 25, '2019-02-14 17:04:10', '2019-08-27 10:11:50');
INSERT INTO AvionBodega (IdAvion, IdBodega, FechaHoraLlegada, FechaHoraSalida)
VALUES (43, 11, '2019-05-13 19:13:00', '2018-10-03 19:22:17');
INSERT INTO AvionBodega (IdAvion, IdBodega, FechaHoraLlegada, FechaHoraSalida)
VALUES (44, 23, '2019-07-07 21:11:14', '2019-05-15 15:18:15');
INSERT INTO AvionBodega (IdAvion, IdBodega, FechaHoraLlegada, FechaHoraSalida)
VALUES (45, 11, '2019-06-30 20:10:07', '2018-12-31 01:58:00');
INSERT INTO AvionBodega (IdAvion, IdBodega, FechaHoraLlegada, FechaHoraSalida)
VALUES (46, 3, '2019-07-27 19:21:23', '2019-06-03 22:50:30');
INSERT INTO AvionBodega (IdAvion, IdBodega, FechaHoraLlegada, FechaHoraSalida)
VALUES (47, 10, '2019-06-02 01:48:35', '2019-03-30 13:40:36');
INSERT INTO AvionBodega (IdAvion, IdBodega, FechaHoraLlegada, FechaHoraSalida)
VALUES (48, 21, '2019-01-05 02:46:21', '2018-10-28 23:07:47');
INSERT INTO AvionBodega (IdAvion, IdBodega, FechaHoraLlegada, FechaHoraSalida)
VALUES (49, 23, '2019-06-04 21:22:42', '2019-02-13 16:09:07');
INSERT INTO AvionBodega (IdAvion, IdBodega, FechaHoraLlegada, FechaHoraSalida)
VALUES (50, 23, '2019-06-28 10:06:12', '2019-02-14 23:12:23');
INSERT INTO AvionBodega (IdAvion, IdBodega, FechaHoraLlegada, FechaHoraSalida)
VALUES (51, 9, '2018-09-27 19:22:06', '2019-01-01 18:30:13');
INSERT INTO AvionBodega (IdAvion, IdBodega, FechaHoraLlegada, FechaHoraSalida)
VALUES (52, 20, '2019-07-30 03:34:50', '2019-01-01 03:02:10');
INSERT INTO AvionBodega (IdAvion, IdBodega, FechaHoraLlegada, FechaHoraSalida)
VALUES (53, 1, '2019-01-23 04:22:28', '2018-09-27 12:30:28');
INSERT INTO AvionBodega (IdAvion, IdBodega, FechaHoraLlegada, FechaHoraSalida)
VALUES (54, 6, '2018-10-27 18:33:12', '2018-12-10 17:25:18');
INSERT INTO AvionBodega (IdAvion, IdBodega, FechaHoraLlegada, FechaHoraSalida)
VALUES (55, 8, '2019-01-31 06:27:26', '2019-03-11 19:26:26');
INSERT INTO AvionBodega (IdAvion, IdBodega, FechaHoraLlegada, FechaHoraSalida)
VALUES (56, 12, '2018-10-08 20:10:24', '2019-05-15 00:31:44');
INSERT INTO AvionBodega (IdAvion, IdBodega, FechaHoraLlegada, FechaHoraSalida)
VALUES (57, 17, '2018-11-04 09:25:36', '2019-05-01 06:18:22');
INSERT INTO AvionBodega (IdAvion, IdBodega, FechaHoraLlegada, FechaHoraSalida)
VALUES (58, 22, '2019-05-23 15:26:08', '2019-01-10 21:54:58');
INSERT INTO AvionBodega (IdAvion, IdBodega, FechaHoraLlegada, FechaHoraSalida)
VALUES (59, 19, '2018-11-07 10:52:54', '2019-06-29 07:42:26');
INSERT INTO AvionBodega (IdAvion, IdBodega, FechaHoraLlegada, FechaHoraSalida)
VALUES (60, 5, '2019-07-21 09:13:03', '2019-07-07 15:29:18');
INSERT INTO AvionBodega (IdAvion, IdBodega, FechaHoraLlegada, FechaHoraSalida)
VALUES (61, 12, '2019-09-16 17:18:04', '2019-02-11 18:19:17');
INSERT INTO AvionBodega (IdAvion, IdBodega, FechaHoraLlegada, FechaHoraSalida)
VALUES (62, 7, '2019-04-21 19:02:34', '2018-12-04 12:43:32');
INSERT INTO AvionBodega (IdAvion, IdBodega, FechaHoraLlegada, FechaHoraSalida)
VALUES (63, 24, '2019-06-07 23:26:52', '2019-08-29 06:17:56');
INSERT INTO AvionBodega (IdAvion, IdBodega, FechaHoraLlegada, FechaHoraSalida)
VALUES (64, 27, '2019-01-23 04:56:20', '2018-10-02 22:53:42');
INSERT INTO AvionBodega (IdAvion, IdBodega, FechaHoraLlegada, FechaHoraSalida)
VALUES (65, 29, '2019-04-03 16:56:39', '2019-02-01 14:35:18');
INSERT INTO AvionBodega (IdAvion, IdBodega, FechaHoraLlegada, FechaHoraSalida)
VALUES (66, 20, '2019-06-26 17:48:24', '2019-03-23 08:16:23');
INSERT INTO AvionBodega (IdAvion, IdBodega, FechaHoraLlegada, FechaHoraSalida)
VALUES (67, 18, '2018-12-07 17:47:15', '2018-11-11 03:19:45');
INSERT INTO AvionBodega (IdAvion, IdBodega, FechaHoraLlegada, FechaHoraSalida)
VALUES (68, 13, '2019-09-17 13:24:11', '2018-11-13 06:34:59');
INSERT INTO AvionBodega (IdAvion, IdBodega, FechaHoraLlegada, FechaHoraSalida)
VALUES (69, 19, '2019-06-25 22:29:16', '2019-07-17 06:10:19');
INSERT INTO AvionBodega (IdAvion, IdBodega, FechaHoraLlegada, FechaHoraSalida)
VALUES (70, 18, '2019-06-04 04:28:00', '2019-06-27 20:11:43');


INSERT INTO Taller (IdTaller, IdBodega)
VALUES (1, 1);
INSERT INTO Taller (IdTaller, IdBodega)
VALUES (2, 2);
INSERT INTO Taller (IdTaller, IdBodega)
VALUES (3, 3);
INSERT INTO Taller (IdTaller, IdBodega)
VALUES (4, 4);
INSERT INTO Taller (IdTaller, IdBodega)
VALUES (5, 5);
INSERT INTO Taller (IdTaller, IdBodega)
VALUES (6, 6);
INSERT INTO Taller (IdTaller, IdBodega)
VALUES (7, 7);
INSERT INTO Taller (IdTaller, IdBodega)
VALUES (8, 8);
INSERT INTO Taller (IdTaller, IdBodega)
VALUES (9, 9);
INSERT INTO Taller (IdTaller, IdBodega)
VALUES (10, 10);
INSERT INTO Taller (IdTaller, IdBodega)
VALUES (11, 11);
INSERT INTO Taller (IdTaller, IdBodega)
VALUES (12, 12);
INSERT INTO Taller (IdTaller, IdBodega)
VALUES (13, 13);
INSERT INTO Taller (IdTaller, IdBodega)
VALUES (14, 14);
INSERT INTO Taller (IdTaller, IdBodega)
VALUES (15, 15);
INSERT INTO Taller (IdTaller, IdBodega)
VALUES (16, 16);
INSERT INTO Taller (IdTaller, IdBodega)
VALUES (17, 17);
INSERT INTO Taller (IdTaller, IdBodega)
VALUES (18, 18);
INSERT INTO Taller (IdTaller, IdBodega)
VALUES (19, 19);
INSERT INTO Taller (IdTaller, IdBodega)
VALUES (20, 20);
INSERT INTO Taller (IdTaller, IdBodega)
VALUES (21, 21);
INSERT INTO Taller (IdTaller, IdBodega)
VALUES (22, 22);
INSERT INTO Taller (IdTaller, IdBodega)
VALUES (23, 23);
INSERT INTO Taller (IdTaller, IdBodega)
VALUES (24, 24);
INSERT INTO Taller (IdTaller, IdBodega)
VALUES (25, 25);
INSERT INTO Taller (IdTaller, IdBodega)
VALUES (26, 26);
INSERT INTO Taller (IdTaller, IdBodega)
VALUES (27, 27);
INSERT INTO Taller (IdTaller, IdBodega)
VALUES (28, 28);
INSERT INTO Taller (IdTaller, IdBodega)
VALUES (29, 29);
INSERT INTO Taller (IdTaller, IdBodega)
VALUES (30, 30);


INSERT INTO AvionTaller (IdTaller, IdAvion, FechaHoraLlegada, FechaHoraSalida)
VALUES (25, 21, '2018-06-30 22:54:18', '2018-01-13 14:28:59');
INSERT INTO AvionTaller (IdTaller, IdAvion, FechaHoraLlegada, FechaHoraSalida)
VALUES (10, 22, '2019-01-06 13:09:41', '2018-06-23 06:35:10');
INSERT INTO AvionTaller (IdTaller, IdAvion, FechaHoraLlegada, FechaHoraSalida)
VALUES (13, 23, '2019-09-15 22:56:46', '2019-05-28 23:28:04');
INSERT INTO AvionTaller (IdTaller, IdAvion, FechaHoraLlegada, FechaHoraSalida)
VALUES (3, 24, '2018-12-02 12:14:21', '2019-02-17 14:09:15');
INSERT INTO AvionTaller (IdTaller, IdAvion, FechaHoraLlegada, FechaHoraSalida)
VALUES (2, 25, '2018-07-14 09:59:31', '2017-11-23 12:31:09');
INSERT INTO AvionTaller (IdTaller, IdAvion, FechaHoraLlegada, FechaHoraSalida)
VALUES (14, 26, '2019-04-16 03:40:19', '2017-10-31 20:59:26');
INSERT INTO AvionTaller (IdTaller, IdAvion, FechaHoraLlegada, FechaHoraSalida)
VALUES (8, 27, '2018-12-12 22:22:56', '2018-12-08 07:32:27');
INSERT INTO AvionTaller (IdTaller, IdAvion, FechaHoraLlegada, FechaHoraSalida)
VALUES (28, 28, '2018-08-16 08:24:29', '2019-01-28 17:49:06');
INSERT INTO AvionTaller (IdTaller, IdAvion, FechaHoraLlegada, FechaHoraSalida)
VALUES (30, 29, '2017-12-24 10:31:22', '2018-09-30 00:06:04');
INSERT INTO AvionTaller (IdTaller, IdAvion, FechaHoraLlegada, FechaHoraSalida)
VALUES (23, 30, '2017-12-21 03:51:03', '2018-06-18 12:10:07');
INSERT INTO AvionTaller (IdTaller, IdAvion, FechaHoraLlegada, FechaHoraSalida)
VALUES (16, 31, '2017-10-05 13:47:00', '2019-03-07 16:42:30');
INSERT INTO AvionTaller (IdTaller, IdAvion, FechaHoraLlegada, FechaHoraSalida)
VALUES (19, 32, '2018-03-04 03:11:37', '2019-06-12 09:13:32');
INSERT INTO AvionTaller (IdTaller, IdAvion, FechaHoraLlegada, FechaHoraSalida)
VALUES (12, 33, '2019-05-26 18:18:43', '2019-02-14 17:45:12');
INSERT INTO AvionTaller (IdTaller, IdAvion, FechaHoraLlegada, FechaHoraSalida)
VALUES (23, 34, '2019-03-04 02:08:50', '2018-06-10 22:26:31');
INSERT INTO AvionTaller (IdTaller, IdAvion, FechaHoraLlegada, FechaHoraSalida)
VALUES (23, 35, '2019-04-14 01:08:51', '2019-07-31 14:20:43');
INSERT INTO AvionTaller (IdTaller, IdAvion, FechaHoraLlegada, FechaHoraSalida)
VALUES (16, 36, '2017-12-03 02:58:12', '2019-05-01 19:41:13');
INSERT INTO AvionTaller (IdTaller, IdAvion, FechaHoraLlegada, FechaHoraSalida)
VALUES (12, 37, '2018-02-09 18:31:20', '2019-09-18 04:21:33');
INSERT INTO AvionTaller (IdTaller, IdAvion, FechaHoraLlegada, FechaHoraSalida)
VALUES (18, 38, '2019-03-02 16:28:05', '2018-04-02 22:48:33');
INSERT INTO AvionTaller (IdTaller, IdAvion, FechaHoraLlegada, FechaHoraSalida)
VALUES (22, 39, '2019-06-14 05:46:03', '2018-04-28 10:26:53');
INSERT INTO AvionTaller (IdTaller, IdAvion, FechaHoraLlegada, FechaHoraSalida)
VALUES (29, 40, '2018-10-30 10:18:13', '2018-01-26 05:26:14');
INSERT INTO AvionTaller (IdTaller, IdAvion, FechaHoraLlegada, FechaHoraSalida)
VALUES (22, 41, '2017-10-13 05:57:58', '2018-09-26 02:13:55');
INSERT INTO AvionTaller (IdTaller, IdAvion, FechaHoraLlegada, FechaHoraSalida)
VALUES (26, 42, '2018-12-07 15:52:03', '2018-08-22 04:24:43');
INSERT INTO AvionTaller (IdTaller, IdAvion, FechaHoraLlegada, FechaHoraSalida)
VALUES (5, 43, '2019-01-12 16:22:08', '2018-04-14 11:17:52');
INSERT INTO AvionTaller (IdTaller, IdAvion, FechaHoraLlegada, FechaHoraSalida)
VALUES (2, 44, '2018-10-27 16:21:46', '2018-11-28 04:10:13');
INSERT INTO AvionTaller (IdTaller, IdAvion, FechaHoraLlegada, FechaHoraSalida)
VALUES (11, 45, '2018-08-07 13:36:17', '2019-03-30 19:14:31');
INSERT INTO AvionTaller (IdTaller, IdAvion, FechaHoraLlegada, FechaHoraSalida)
VALUES (20, 46, '2018-02-09 21:39:06', '2017-11-03 22:35:14');
INSERT INTO AvionTaller (IdTaller, IdAvion, FechaHoraLlegada, FechaHoraSalida)
VALUES (8, 47, '2019-02-21 01:53:45', '2019-09-18 13:28:28');
INSERT INTO AvionTaller (IdTaller, IdAvion, FechaHoraLlegada, FechaHoraSalida)
VALUES (23, 48, '2019-06-07 17:06:12', '2018-04-29 22:21:18');
INSERT INTO AvionTaller (IdTaller, IdAvion, FechaHoraLlegada, FechaHoraSalida)
VALUES (8, 49, '2017-11-19 01:27:28', '2018-08-10 12:28:10');
INSERT INTO AvionTaller (IdTaller, IdAvion, FechaHoraLlegada, FechaHoraSalida)
VALUES (4, 50, '2018-04-18 04:25:04', '2018-04-29 09:03:05');
INSERT INTO AvionTaller (IdTaller, IdAvion, FechaHoraLlegada, FechaHoraSalida)
VALUES (16, 51, '2018-04-09 21:30:21', '2018-06-18 07:53:00');
INSERT INTO AvionTaller (IdTaller, IdAvion, FechaHoraLlegada, FechaHoraSalida)
VALUES (1, 52, '2018-12-07 19:18:48', '2018-10-26 12:36:10');
INSERT INTO AvionTaller (IdTaller, IdAvion, FechaHoraLlegada, FechaHoraSalida)
VALUES (22, 53, '2018-02-18 00:23:41', '2018-11-10 10:26:43');
INSERT INTO AvionTaller (IdTaller, IdAvion, FechaHoraLlegada, FechaHoraSalida)
VALUES (27, 54, '2019-08-12 19:15:10', '2018-10-04 08:58:59');
INSERT INTO AvionTaller (IdTaller, IdAvion, FechaHoraLlegada, FechaHoraSalida)
VALUES (8, 55, '2019-04-07 17:00:18', '2018-06-18 05:07:23');
INSERT INTO AvionTaller (IdTaller, IdAvion, FechaHoraLlegada, FechaHoraSalida)
VALUES (5, 56, '2018-03-18 14:02:43', '2018-02-04 18:45:41');
INSERT INTO AvionTaller (IdTaller, IdAvion, FechaHoraLlegada, FechaHoraSalida)
VALUES (8, 57, '2017-09-30 11:52:28', '2017-11-20 03:55:25');
INSERT INTO AvionTaller (IdTaller, IdAvion, FechaHoraLlegada, FechaHoraSalida)
VALUES (1, 58, '2018-01-24 16:10:44', '2017-11-22 05:21:48');
INSERT INTO AvionTaller (IdTaller, IdAvion, FechaHoraLlegada, FechaHoraSalida)
VALUES (23, 59, '2018-05-13 21:05:01', '2017-11-08 06:35:33');
INSERT INTO AvionTaller (IdTaller, IdAvion, FechaHoraLlegada, FechaHoraSalida)
VALUES (5, 60, '2018-05-21 17:45:40', '2018-08-07 19:28:56');


INSERT INTO Factura (IdFactura, Repuesto, FechaHoraLlegada, FechaHoraSalida, DescripcionDanos, IdTaller, Costo, IdAvion)
VALUES (1, 'estabilizador', '2018-10-14 20:11:20', '2019-06-07 16:31:23', 'Business Services', 5, 33555.99, 24);
INSERT INTO Factura (IdFactura, Repuesto, FechaHoraLlegada, FechaHoraSalida, DescripcionDanos, IdTaller, Costo, IdAvion)
VALUES (2, 'monomotor', '2019-03-26 20:01:44', '2019-08-04 16:41:13', 'Savings Institutions', 13, 3287.8, 52);
INSERT INTO Factura (IdFactura, Repuesto, FechaHoraLlegada, FechaHoraSalida, DescripcionDanos, IdTaller, Costo, IdAvion)
VALUES (3, 'flapa', '2019-08-08 13:07:10', '2018-12-01 06:46:33', 'Oil & Gas Production', 15, 41944.87, 37);
INSERT INTO Factura (IdFactura, Repuesto, FechaHoraLlegada, FechaHoraSalida, DescripcionDanos, IdTaller, Costo, IdAvion)
VALUES (4, 'monomotor', '2019-01-24 03:32:19', '2018-10-30 00:57:53', 'n/a', 22, 29460.51, 9);
INSERT INTO Factura (IdFactura, Repuesto, FechaHoraLlegada, FechaHoraSalida, DescripcionDanos, IdTaller, Costo, IdAvion)
VALUES (5, 'estabilizador', '2019-03-19 08:08:30', '2019-01-31 09:30:05', 'Telecommunications Equipment', 2, 27237.47,
        18);
INSERT INTO Factura (IdFactura, Repuesto, FechaHoraLlegada, FechaHoraSalida, DescripcionDanos, IdTaller, Costo, IdAvion)
VALUES (6, 'monomotor', '2019-04-09 08:18:05', '2019-07-31 20:12:31', 'n/a', 17, 38454.74, 52);
INSERT INTO Factura (IdFactura, Repuesto, FechaHoraLlegada, FechaHoraSalida, DescripcionDanos, IdTaller, Costo, IdAvion)
VALUES (7, 'estabilizador', '2019-04-15 02:33:50', '2019-04-10 01:50:15', 'Catalog/Specialty Distribution', 17,
        44588.89, 36);
INSERT INTO Factura (IdFactura, Repuesto, FechaHoraLlegada, FechaHoraSalida, DescripcionDanos, IdTaller, Costo, IdAvion)
VALUES (8, 'flapa', '2018-10-03 03:22:05', '2019-03-30 15:49:21', 'n/a', 8, 34254.76, 16);
INSERT INTO Factura (IdFactura, Repuesto, FechaHoraLlegada, FechaHoraSalida, DescripcionDanos, IdTaller, Costo, IdAvion)
VALUES (9, 'flapa', '2019-03-05 18:06:51', '2018-12-28 06:52:11', 'n/a', 23, 32709.57, 36);
INSERT INTO Factura (IdFactura, Repuesto, FechaHoraLlegada, FechaHoraSalida, DescripcionDanos, IdTaller, Costo, IdAvion)
VALUES (10, 'turbina', '2019-03-04 16:21:05', '2019-01-30 08:26:32', 'n/a', 7, 40509.94, 43);
INSERT INTO Factura (IdFactura, Repuesto, FechaHoraLlegada, FechaHoraSalida, DescripcionDanos, IdTaller, Costo, IdAvion)
VALUES (11, 'monomotor', '2019-04-29 07:29:27', '2018-10-07 18:32:47', 'Professional Services', 4, 32189.14, 38);
INSERT INTO Factura (IdFactura, Repuesto, FechaHoraLlegada, FechaHoraSalida, DescripcionDanos, IdTaller, Costo, IdAvion)
VALUES (12, 'flapa', '2019-02-17 03:36:23', '2018-09-19 12:44:22', 'Industrial Machinery/Components', 18, 20205.77, 48);
INSERT INTO Factura (IdFactura, Repuesto, FechaHoraLlegada, FechaHoraSalida, DescripcionDanos, IdTaller, Costo, IdAvion)
VALUES (13, 'flapa', '2019-06-11 06:52:18', '2019-08-08 21:14:08', 'Real Estate', 8, 4214.37, 26);
INSERT INTO Factura (IdFactura, Repuesto, FechaHoraLlegada, FechaHoraSalida, DescripcionDanos, IdTaller, Costo, IdAvion)
VALUES (14, 'flapa', '2018-10-31 17:20:10', '2018-09-20 01:08:42', 'Property-Casualty Insurers', 6, 9689.51, 4);
INSERT INTO Factura (IdFactura, Repuesto, FechaHoraLlegada, FechaHoraSalida, DescripcionDanos, IdTaller, Costo, IdAvion)
VALUES (15, 'monomotor', '2019-04-30 13:45:01', '2018-12-28 05:03:17', 'Major Banks', 17, 24572.32, 26);
INSERT INTO Factura (IdFactura, Repuesto, FechaHoraLlegada, FechaHoraSalida, DescripcionDanos, IdTaller, Costo, IdAvion)
VALUES (16, 'estabilizador', '2019-04-06 02:34:57', '2019-02-12 14:04:05', 'Steel/Iron Ore', 1, 18564.65, 2);
INSERT INTO Factura (IdFactura, Repuesto, FechaHoraLlegada, FechaHoraSalida, DescripcionDanos, IdTaller, Costo, IdAvion)
VALUES (17, 'turbina', '2019-08-12 01:26:16', '2018-11-29 01:50:45', 'Computer Software: Prepackaged Software', 3,
        18765.08, 28);
INSERT INTO Factura (IdFactura, Repuesto, FechaHoraLlegada, FechaHoraSalida, DescripcionDanos, IdTaller, Costo, IdAvion)
VALUES (18, 'flapa', '2018-12-08 07:12:17', '2019-06-11 12:50:50', 'Finance: Consumer Services', 17, 7227.01, 30);
INSERT INTO Factura (IdFactura, Repuesto, FechaHoraLlegada, FechaHoraSalida, DescripcionDanos, IdTaller, Costo, IdAvion)
VALUES (19, 'estabilizador', '2019-01-17 17:35:00', '2019-05-26 19:15:50', 'Major Chemicals', 1, 49179.02, 48);
INSERT INTO Factura (IdFactura, Repuesto, FechaHoraLlegada, FechaHoraSalida, DescripcionDanos, IdTaller, Costo, IdAvion)
VALUES (20, 'monomotor', '2019-06-02 15:22:03', '2019-02-19 04:06:56', 'Beverages (Production/Distribution)', 21,
        17472.11, 8);
INSERT INTO Factura (IdFactura, Repuesto, FechaHoraLlegada, FechaHoraSalida, DescripcionDanos, IdTaller, Costo, IdAvion)
VALUES (21, 'monomotor', '2018-10-02 02:51:43', '2019-07-22 13:19:31', 'Major Banks', 10, 29999.4, 16);
INSERT INTO Factura (IdFactura, Repuesto, FechaHoraLlegada, FechaHoraSalida, DescripcionDanos, IdTaller, Costo, IdAvion)
VALUES (22, 'turbina', '2019-03-22 19:58:08', '2019-01-07 16:04:24', 'Business Services', 9, 12242.85, 68);
INSERT INTO Factura (IdFactura, Repuesto, FechaHoraLlegada, FechaHoraSalida, DescripcionDanos, IdTaller, Costo, IdAvion)
VALUES (23, 'turbina', '2019-03-30 16:43:18', '2019-03-09 23:47:23', 'Real Estate Investment Trusts', 23, 19778.63, 15);
INSERT INTO Factura (IdFactura, Repuesto, FechaHoraLlegada, FechaHoraSalida, DescripcionDanos, IdTaller, Costo, IdAvion)
VALUES (24, 'turbina', '2019-05-04 06:06:32', '2019-05-07 13:45:34', 'Computer Software: Prepackaged Software', 12,
        35702.83, 46);
INSERT INTO Factura (IdFactura, Repuesto, FechaHoraLlegada, FechaHoraSalida, DescripcionDanos, IdTaller, Costo, IdAvion)
VALUES (25, 'flapa', '2019-01-20 20:24:12', '2018-09-30 22:06:24', 'Computer Software: Prepackaged Software', 4,
        7297.74, 17);
INSERT INTO Factura (IdFactura, Repuesto, FechaHoraLlegada, FechaHoraSalida, DescripcionDanos, IdTaller, Costo, IdAvion)
VALUES (26, 'estabilizador', '2019-02-02 17:37:55', '2018-11-18 02:22:16', 'Steel/Iron Ore', 7, 10052.18, 28);
INSERT INTO Factura (IdFactura, Repuesto, FechaHoraLlegada, FechaHoraSalida, DescripcionDanos, IdTaller, Costo, IdAvion)
VALUES (27, 'flapa', '2018-12-23 13:31:18', '2019-04-15 08:50:47', 'Real Estate Investment Trusts', 5, 24514.04, 29);
INSERT INTO Factura (IdFactura, Repuesto, FechaHoraLlegada, FechaHoraSalida, DescripcionDanos, IdTaller, Costo, IdAvion)
VALUES (28, 'monomotor', '2019-07-12 10:41:17', '2019-07-03 00:05:08', 'n/a', 12, 1066.52, 22);
INSERT INTO Factura (IdFactura, Repuesto, FechaHoraLlegada, FechaHoraSalida, DescripcionDanos, IdTaller, Costo, IdAvion)
VALUES (29, 'flapa', '2018-10-26 04:20:02', '2019-02-04 13:53:37', 'Major Pharmaceuticals', 10, 4831.87, 7);
INSERT INTO Factura (IdFactura, Repuesto, FechaHoraLlegada, FechaHoraSalida, DescripcionDanos, IdTaller, Costo, IdAvion)
VALUES (30, 'turbina', '2019-04-28 03:58:23', '2019-08-23 19:22:33', 'Major Pharmaceuticals', 1, 11908.14, 2);
INSERT INTO Factura (IdFactura, Repuesto, FechaHoraLlegada, FechaHoraSalida, DescripcionDanos, IdTaller, Costo, IdAvion)
VALUES (31, 'monomotor', '2019-04-03 18:35:14', '2019-04-29 21:10:42', 'Computer Software: Prepackaged Software', 19,
        20022.9, 30);
INSERT INTO Factura (IdFactura, Repuesto, FechaHoraLlegada, FechaHoraSalida, DescripcionDanos, IdTaller, Costo, IdAvion)
VALUES (32, 'monomotor', '2019-09-03 05:55:05', '2019-03-15 19:04:07', 'Computer peripheral equipment', 15, 42250.23,
        26);
INSERT INTO Factura (IdFactura, Repuesto, FechaHoraLlegada, FechaHoraSalida, DescripcionDanos, IdTaller, Costo, IdAvion)
VALUES (33, 'estabilizador', '2019-08-05 11:06:07', '2019-05-28 07:07:37', 'Natural Gas Distribution', 12, 26205.12,
        35);
INSERT INTO Factura (IdFactura, Repuesto, FechaHoraLlegada, FechaHoraSalida, DescripcionDanos, IdTaller, Costo, IdAvion)
VALUES (34, 'monomotor', '2019-02-17 06:38:07', '2018-09-24 02:42:14', 'Business Services', 12, 10442.99, 27);
INSERT INTO Factura (IdFactura, Repuesto, FechaHoraLlegada, FechaHoraSalida, DescripcionDanos, IdTaller, Costo, IdAvion)
VALUES (35, 'estabilizador', '2018-10-20 07:08:51', '2018-11-19 13:19:46', 'Diversified Commercial Services', 18,
        2784.16, 25);
INSERT INTO Factura (IdFactura, Repuesto, FechaHoraLlegada, FechaHoraSalida, DescripcionDanos, IdTaller, Costo, IdAvion)
VALUES (36, 'estabilizador', '2019-03-04 07:49:21', '2018-12-18 16:08:56', 'Pollution Control Equipment', 23, 22705.25,
        27);
INSERT INTO Factura (IdFactura, Repuesto, FechaHoraLlegada, FechaHoraSalida, DescripcionDanos, IdTaller, Costo, IdAvion)
VALUES (37, 'estabilizador', '2019-08-03 13:03:37', '2019-04-23 04:10:29', 'Major Pharmaceuticals', 17, 32361.0, 47);
INSERT INTO Factura (IdFactura, Repuesto, FechaHoraLlegada, FechaHoraSalida, DescripcionDanos, IdTaller, Costo, IdAvion)
VALUES (38, 'monomotor', '2019-09-17 02:29:05', '2019-05-08 08:57:25', 'n/a', 16, 19740.66, 32);
INSERT INTO Factura (IdFactura, Repuesto, FechaHoraLlegada, FechaHoraSalida, DescripcionDanos, IdTaller, Costo, IdAvion)
VALUES (39, 'flapa', '2019-08-09 10:57:50', '2018-12-17 06:38:40', 'Hospital/Nursing Management', 5, 31149.55, 41);
INSERT INTO Factura (IdFactura, Repuesto, FechaHoraLlegada, FechaHoraSalida, DescripcionDanos, IdTaller, Costo, IdAvion)
VALUES (40, 'monomotor', '2019-04-07 19:41:24', '2019-01-19 16:28:14', 'Water Supply', 17, 14579.04, 68);
INSERT INTO Factura (IdFactura, Repuesto, FechaHoraLlegada, FechaHoraSalida, DescripcionDanos, IdTaller, Costo, IdAvion)
VALUES (41, 'flapa', '2019-08-07 00:40:02', '2019-03-08 22:54:20', 'Medical/Dental Instruments', 5, 42988.28, 18);
INSERT INTO Factura (IdFactura, Repuesto, FechaHoraLlegada, FechaHoraSalida, DescripcionDanos, IdTaller, Costo, IdAvion)
VALUES (42, 'flapa', '2019-03-30 22:47:00', '2018-11-05 10:30:25', 'n/a', 23, 40505.24, 67);
INSERT INTO Factura (IdFactura, Repuesto, FechaHoraLlegada, FechaHoraSalida, DescripcionDanos, IdTaller, Costo, IdAvion)
VALUES (43, 'turbina', '2019-08-17 00:28:22', '2019-06-28 09:52:31', 'Home Furnishings', 9, 43210.28, 43);
INSERT INTO Factura (IdFactura, Repuesto, FechaHoraLlegada, FechaHoraSalida, DescripcionDanos, IdTaller, Costo, IdAvion)
VALUES (44, 'monomotor', '2019-01-02 14:33:58', '2018-11-02 08:23:27',
        'Computer Software: Programming, Data Processing', 7, 22849.16, 53);
INSERT INTO Factura (IdFactura, Repuesto, FechaHoraLlegada, FechaHoraSalida, DescripcionDanos, IdTaller, Costo, IdAvion)
VALUES (45, 'estabilizador', '2018-11-05 13:17:05', '2019-08-02 02:25:16', 'EDP Services', 11, 46414.25, 57);
INSERT INTO Factura (IdFactura, Repuesto, FechaHoraLlegada, FechaHoraSalida, DescripcionDanos, IdTaller, Costo, IdAvion)
VALUES (46, 'flapa', '2019-08-25 06:06:27', '2018-11-04 02:15:32', 'Major Banks', 20, 26499.56, 51);
INSERT INTO Factura (IdFactura, Repuesto, FechaHoraLlegada, FechaHoraSalida, DescripcionDanos, IdTaller, Costo, IdAvion)
VALUES (47, 'monomotor', '2018-12-15 00:12:18', '2019-03-06 00:19:31', 'Major Banks', 1, 12306.22, 59);
INSERT INTO Factura (IdFactura, Repuesto, FechaHoraLlegada, FechaHoraSalida, DescripcionDanos, IdTaller, Costo, IdAvion)
VALUES (48, 'turbina', '2019-06-18 11:36:23', '2019-06-05 07:54:03', 'EDP Services', 16, 19525.48, 22);
INSERT INTO Factura (IdFactura, Repuesto, FechaHoraLlegada, FechaHoraSalida, DescripcionDanos, IdTaller, Costo, IdAvion)
VALUES (49, 'turbina', '2019-01-26 04:35:56', '2019-03-25 09:37:00', 'Computer Software: Prepackaged Software', 12,
        30861.51, 28);
INSERT INTO Factura (IdFactura, Repuesto, FechaHoraLlegada, FechaHoraSalida, DescripcionDanos, IdTaller, Costo, IdAvion)
VALUES (50, 'turbina', '2018-12-12 14:12:23', '2019-08-04 18:18:29', 'Business Services', 5, 6709.75, 40);
INSERT INTO Factura (IdFactura, Repuesto, FechaHoraLlegada, FechaHoraSalida, DescripcionDanos, IdTaller, Costo, IdAvion)
VALUES (51, 'estabilizador', '2018-10-16 22:37:52', '2019-04-03 18:01:34', 'n/a', 11, 13904.42, 27);
INSERT INTO Factura (IdFactura, Repuesto, FechaHoraLlegada, FechaHoraSalida, DescripcionDanos, IdTaller, Costo, IdAvion)
VALUES (52, 'monomotor', '2018-11-18 18:03:58', '2019-04-23 02:13:33', 'n/a', 2, 1750.42, 47);
INSERT INTO Factura (IdFactura, Repuesto, FechaHoraLlegada, FechaHoraSalida, DescripcionDanos, IdTaller, Costo, IdAvion)
VALUES (53, 'monomotor', '2019-01-11 13:34:20', '2019-01-23 02:22:26', 'Business Services', 9, 25190.08, 61);
INSERT INTO Factura (IdFactura, Repuesto, FechaHoraLlegada, FechaHoraSalida, DescripcionDanos, IdTaller, Costo, IdAvion)
VALUES (54, 'turbina', '2019-09-18 01:13:53', '2019-02-10 01:13:15', 'Major Banks', 7, 30489.64, 41);
INSERT INTO Factura (IdFactura, Repuesto, FechaHoraLlegada, FechaHoraSalida, DescripcionDanos, IdTaller, Costo, IdAvion)
VALUES (55, 'flapa', '2019-02-25 13:55:39', '2018-12-18 01:09:27', 'Homebuilding', 22, 23136.04, 32);
INSERT INTO Factura (IdFactura, Repuesto, FechaHoraLlegada, FechaHoraSalida, DescripcionDanos, IdTaller, Costo, IdAvion)
VALUES (56, 'monomotor', '2019-05-30 17:06:06', '2019-07-10 12:00:01', 'Major Pharmaceuticals', 14, 26069.75, 2);
INSERT INTO Factura (IdFactura, Repuesto, FechaHoraLlegada, FechaHoraSalida, DescripcionDanos, IdTaller, Costo, IdAvion)
VALUES (57, 'flapa', '2019-07-10 15:09:11', '2018-11-06 22:37:41', 'Precious Metals', 4, 4534.82, 49);
INSERT INTO Factura (IdFactura, Repuesto, FechaHoraLlegada, FechaHoraSalida, DescripcionDanos, IdTaller, Costo, IdAvion)
VALUES (58, 'turbina', '2018-12-21 07:25:03', '2018-12-09 12:02:39',
        'Radio And Television Broadcasting And Communications Equipment', 10, 4259.84, 46);
INSERT INTO Factura (IdFactura, Repuesto, FechaHoraLlegada, FechaHoraSalida, DescripcionDanos, IdTaller, Costo, IdAvion)
VALUES (59, 'estabilizador', '2019-07-19 02:55:52', '2019-01-10 00:00:13', 'Trucking Freight/Courier Services', 10,
        7196.22, 48);
INSERT INTO Factura (IdFactura, Repuesto, FechaHoraLlegada, FechaHoraSalida, DescripcionDanos, IdTaller, Costo, IdAvion)
VALUES (60, 'turbina', '2019-03-02 07:53:12', '2019-08-09 00:46:17', 'Oil Refining/Marketing', 7, 21185.94, 43);
INSERT INTO Factura (IdFactura, Repuesto, FechaHoraLlegada, FechaHoraSalida, DescripcionDanos, IdTaller, Costo, IdAvion)
VALUES (61, 'estabilizador', '2019-01-21 04:57:09', '2018-10-18 15:14:41', 'Major Pharmaceuticals', 3, 25489.36, 27);
INSERT INTO Factura (IdFactura, Repuesto, FechaHoraLlegada, FechaHoraSalida, DescripcionDanos, IdTaller, Costo, IdAvion)
VALUES (62, 'monomotor', '2019-02-25 07:51:20', '2019-01-23 02:46:09', 'Computer Software: Prepackaged Software', 16,
        48583.85, 61);
INSERT INTO Factura (IdFactura, Repuesto, FechaHoraLlegada, FechaHoraSalida, DescripcionDanos, IdTaller, Costo, IdAvion)
VALUES (63, 'monomotor', '2019-04-25 13:10:36', '2018-11-19 16:02:34', 'n/a', 10, 29011.81, 28);
INSERT INTO Factura (IdFactura, Repuesto, FechaHoraLlegada, FechaHoraSalida, DescripcionDanos, IdTaller, Costo, IdAvion)
VALUES (64, 'flapa', '2019-01-24 08:35:43', '2018-12-23 11:46:41', 'Major Pharmaceuticals', 4, 28278.22, 62);
INSERT INTO Factura (IdFactura, Repuesto, FechaHoraLlegada, FechaHoraSalida, DescripcionDanos, IdTaller, Costo, IdAvion)
VALUES (65, 'estabilizador', '2019-01-12 17:58:26', '2018-10-15 12:10:28', 'Other Consumer Services', 16, 42760.02, 14);
INSERT INTO Factura (IdFactura, Repuesto, FechaHoraLlegada, FechaHoraSalida, DescripcionDanos, IdTaller, Costo, IdAvion)
VALUES (66, 'turbina', '2019-07-20 07:40:22', '2019-05-22 12:34:59', 'Auto Parts:O.E.M.', 21, 35056.99, 31);
INSERT INTO Factura (IdFactura, Repuesto, FechaHoraLlegada, FechaHoraSalida, DescripcionDanos, IdTaller, Costo, IdAvion)
VALUES (67, 'estabilizador', '2019-09-03 15:27:02', '2019-02-18 13:59:31', 'Business Services', 12, 17139.73, 7);
INSERT INTO Factura (IdFactura, Repuesto, FechaHoraLlegada, FechaHoraSalida, DescripcionDanos, IdTaller, Costo, IdAvion)
VALUES (68, 'flapa', '2019-08-18 10:58:54', '2019-07-07 16:40:46', 'n/a', 19, 43541.57, 6);
INSERT INTO Factura (IdFactura, Repuesto, FechaHoraLlegada, FechaHoraSalida, DescripcionDanos, IdTaller, Costo, IdAvion)
VALUES (69, 'monomotor', '2019-05-23 14:45:57', '2018-11-22 21:16:40', 'EDP Services', 21, 33743.98, 41);
INSERT INTO Factura (IdFactura, Repuesto, FechaHoraLlegada, FechaHoraSalida, DescripcionDanos, IdTaller, Costo, IdAvion)
VALUES (70, 'turbina', '2019-03-31 01:24:46', '2018-12-05 19:56:11', 'Savings Institutions', 21, 8617.69, 46);
INSERT INTO Factura (IdFactura, Repuesto, FechaHoraLlegada, FechaHoraSalida, DescripcionDanos, IdTaller, Costo, IdAvion)
VALUES (71, 'monomotor', '2018-11-07 17:51:52', '2019-07-02 00:12:54', 'Commercial Banks', 7, 8254.5, 38);
INSERT INTO Factura (IdFactura, Repuesto, FechaHoraLlegada, FechaHoraSalida, DescripcionDanos, IdTaller, Costo, IdAvion)
VALUES (72, 'turbina', '2019-07-26 06:58:16', '2019-03-13 01:30:15', 'Telecommunications Equipment', 14, 47703.62, 62);
INSERT INTO Factura (IdFactura, Repuesto, FechaHoraLlegada, FechaHoraSalida, DescripcionDanos, IdTaller, Costo, IdAvion)
VALUES (73, 'flapa', '2018-10-22 13:38:08', '2018-11-05 17:18:33', 'n/a', 12, 26404.66, 11);
INSERT INTO Factura (IdFactura, Repuesto, FechaHoraLlegada, FechaHoraSalida, DescripcionDanos, IdTaller, Costo, IdAvion)
VALUES (74, 'turbina', '2019-08-27 00:21:08', '2018-10-14 10:10:45',
        'Biotechnology: Biological Products (No Diagnostic Substances)', 12, 28158.95, 6);
INSERT INTO Factura (IdFactura, Repuesto, FechaHoraLlegada, FechaHoraSalida, DescripcionDanos, IdTaller, Costo, IdAvion)
VALUES (75, 'flapa', '2019-01-11 18:14:41', '2019-07-22 15:47:41', 'RETAIL: Building Materials', 11, 20782.5, 37);
INSERT INTO Factura (IdFactura, Repuesto, FechaHoraLlegada, FechaHoraSalida, DescripcionDanos, IdTaller, Costo, IdAvion)
VALUES (76, 'turbina', '2019-01-30 17:21:26', '2019-09-15 03:11:50', 'Construction/Ag Equipment/Trucks', 17, 35710.77,
        66);
INSERT INTO Factura (IdFactura, Repuesto, FechaHoraLlegada, FechaHoraSalida, DescripcionDanos, IdTaller, Costo, IdAvion)
VALUES (77, 'monomotor', '2018-12-03 06:16:55', '2019-03-27 21:16:36',
        'Biotechnology: Electromedical & Electrotherapeutic Apparatus', 18, 35459.48, 36);
INSERT INTO Factura (IdFactura, Repuesto, FechaHoraLlegada, FechaHoraSalida, DescripcionDanos, IdTaller, Costo, IdAvion)
VALUES (78, 'flapa', '2019-05-19 14:36:06', '2019-02-18 12:01:23', 'Homebuilding', 17, 6380.22, 49);
INSERT INTO Factura (IdFactura, Repuesto, FechaHoraLlegada, FechaHoraSalida, DescripcionDanos, IdTaller, Costo, IdAvion)
VALUES (79, 'flapa', '2019-08-17 16:38:53', '2019-01-07 23:27:20', 'Investment Bankers/Brokers/Service', 11, 32947.58,
        42);
INSERT INTO Factura (IdFactura, Repuesto, FechaHoraLlegada, FechaHoraSalida, DescripcionDanos, IdTaller, Costo, IdAvion)
VALUES (80, 'monomotor', '2018-10-27 16:35:26', '2019-06-28 23:43:57', 'Marine Transportation', 2, 43823.62, 56);
INSERT INTO Factura (IdFactura, Repuesto, FechaHoraLlegada, FechaHoraSalida, DescripcionDanos, IdTaller, Costo, IdAvion)
VALUES (81, 'turbina', '2019-03-03 18:40:24', '2019-04-29 08:28:08', 'Power Generation', 19, 13247.6, 34);
INSERT INTO Factura (IdFactura, Repuesto, FechaHoraLlegada, FechaHoraSalida, DescripcionDanos, IdTaller, Costo, IdAvion)
VALUES (82, 'flapa', '2019-04-02 05:45:13', '2019-04-12 08:45:13', 'Major Banks', 18, 5190.0, 69);
INSERT INTO Factura (IdFactura, Repuesto, FechaHoraLlegada, FechaHoraSalida, DescripcionDanos, IdTaller, Costo, IdAvion)
VALUES (83, 'flapa', '2019-01-09 06:55:07', '2018-12-09 01:50:54', 'n/a', 4, 1669.14, 49);
INSERT INTO Factura (IdFactura, Repuesto, FechaHoraLlegada, FechaHoraSalida, DescripcionDanos, IdTaller, Costo, IdAvion)
VALUES (84, 'flapa', '2018-10-13 22:18:18', '2019-04-05 09:22:54', 'n/a', 18, 40361.31, 69);
INSERT INTO Factura (IdFactura, Repuesto, FechaHoraLlegada, FechaHoraSalida, DescripcionDanos, IdTaller, Costo, IdAvion)
VALUES (85, 'monomotor', '2018-09-26 11:56:09', '2019-07-31 01:01:51', 'n/a', 13, 10540.57, 30);
INSERT INTO Factura (IdFactura, Repuesto, FechaHoraLlegada, FechaHoraSalida, DescripcionDanos, IdTaller, Costo, IdAvion)
VALUES (86, 'monomotor', '2019-02-25 09:54:38', '2019-05-01 18:14:07', 'Investment Bankers/Brokers/Service', 2,
        12231.36, 48);
INSERT INTO Factura (IdFactura, Repuesto, FechaHoraLlegada, FechaHoraSalida, DescripcionDanos, IdTaller, Costo, IdAvion)
VALUES (87, 'flapa', '2018-10-17 04:42:32', '2018-11-17 13:27:41', 'Major Pharmaceuticals', 14, 39809.78, 29);
INSERT INTO Factura (IdFactura, Repuesto, FechaHoraLlegada, FechaHoraSalida, DescripcionDanos, IdTaller, Costo, IdAvion)
VALUES (88, 'monomotor', '2019-02-17 15:35:34', '2018-12-02 01:10:50', 'n/a', 1, 22928.77, 51);
INSERT INTO Factura (IdFactura, Repuesto, FechaHoraLlegada, FechaHoraSalida, DescripcionDanos, IdTaller, Costo, IdAvion)
VALUES (89, 'turbina', '2019-02-22 16:54:25', '2019-01-20 10:14:38', 'Medical Specialities', 1, 34301.76, 9);
INSERT INTO Factura (IdFactura, Repuesto, FechaHoraLlegada, FechaHoraSalida, DescripcionDanos, IdTaller, Costo, IdAvion)
VALUES (90, 'turbina', '2019-05-02 05:05:29', '2019-06-04 22:30:38', 'Catalog/Specialty Distribution', 12, 6768.79, 62);
INSERT INTO Factura (IdFactura, Repuesto, FechaHoraLlegada, FechaHoraSalida, DescripcionDanos, IdTaller, Costo, IdAvion)
VALUES (91, 'monomotor', '2019-01-29 13:20:41', '2019-04-15 07:54:30', 'Auto Parts:O.E.M.', 15, 29516.82, 54);
INSERT INTO Factura (IdFactura, Repuesto, FechaHoraLlegada, FechaHoraSalida, DescripcionDanos, IdTaller, Costo, IdAvion)
VALUES (92, 'estabilizador', '2019-03-08 17:18:52', '2019-05-14 20:27:46', 'Industrial Machinery/Components', 9, 2289.7,
        29);
INSERT INTO Factura (IdFactura, Repuesto, FechaHoraLlegada, FechaHoraSalida, DescripcionDanos, IdTaller, Costo, IdAvion)
VALUES (93, 'flapa', '2019-08-30 11:22:55', '2019-06-12 22:28:10', 'Marine Transportation', 12, 27584.17, 37);
INSERT INTO Factura (IdFactura, Repuesto, FechaHoraLlegada, FechaHoraSalida, DescripcionDanos, IdTaller, Costo, IdAvion)
VALUES (94, 'flapa', '2018-12-09 05:21:07', '2018-12-12 15:04:07', 'Movies/Entertainment', 20, 33601.74, 40);
INSERT INTO Factura (IdFactura, Repuesto, FechaHoraLlegada, FechaHoraSalida, DescripcionDanos, IdTaller, Costo, IdAvion)
VALUES (95, 'flapa', '2018-10-14 13:18:34', '2018-09-21 16:15:56', 'Telecommunications Equipment', 10, 4551.68, 28);
INSERT INTO Factura (IdFactura, Repuesto, FechaHoraLlegada, FechaHoraSalida, DescripcionDanos, IdTaller, Costo, IdAvion)
VALUES (96, 'turbina', '2019-01-08 21:33:49', '2018-11-23 00:36:13', 'Major Banks', 2, 31652.16, 24);
INSERT INTO Factura (IdFactura, Repuesto, FechaHoraLlegada, FechaHoraSalida, DescripcionDanos, IdTaller, Costo, IdAvion)
VALUES (97, 'estabilizador', '2019-08-28 14:04:19', '2019-06-17 07:51:51', 'Integrated oil Companies', 10, 6167.51, 28);
INSERT INTO Factura (IdFactura, Repuesto, FechaHoraLlegada, FechaHoraSalida, DescripcionDanos, IdTaller, Costo, IdAvion)
VALUES (98, 'monomotor', '2019-01-08 23:18:36', '2019-02-26 13:07:46', 'Multi-Sector Companies', 21, 19119.12, 28);
INSERT INTO Factura (IdFactura, Repuesto, FechaHoraLlegada, FechaHoraSalida, DescripcionDanos, IdTaller, Costo, IdAvion)
VALUES (99, 'monomotor', '2018-11-14 17:13:12', '2019-01-11 04:47:09', 'n/a', 23, 13650.55, 14);
INSERT INTO Factura (IdFactura, Repuesto, FechaHoraLlegada, FechaHoraSalida, DescripcionDanos, IdTaller, Costo, IdAvion)
VALUES (100, 'turbina', '2019-07-20 19:00:09', '2019-06-26 11:51:53',
        'Biotechnology: Biological Products (No Diagnostic Substances)', 21, 17748.2, 34);

INSERT INTO Pasajero (IdPasajero, CodigoPasajero, Nombre, Apellido, Telefono)
VALUES (1, 'qhPotqaW', 'Miller', 'Stonebridge', '260-444-3727');
INSERT INTO Pasajero (IdPasajero, CodigoPasajero, Nombre, Apellido, Telefono)
VALUES (2, 'OGtq5hr0LI', 'Cyril', 'Jacobsz', '723-928-8575');
INSERT INTO Pasajero (IdPasajero, CodigoPasajero, Nombre, Apellido, Telefono)
VALUES (3, 'Cnc0LW', 'Kit', 'Maving', '930-296-9748');
INSERT INTO Pasajero (IdPasajero, CodigoPasajero, Nombre, Apellido, Telefono)
VALUES (4, 'wwBrdgbpQ3', 'Darren', 'Bosdet', '909-531-9644');
INSERT INTO Pasajero (IdPasajero, CodigoPasajero, Nombre, Apellido, Telefono)
VALUES (5, '4PD9syen', 'Sayre', 'Bohden', '209-519-8471');
INSERT INTO Pasajero (IdPasajero, CodigoPasajero, Nombre, Apellido, Telefono)
VALUES (6, 'YE23E52q49', 'Ada', 'Aylett', '158-955-2175');
INSERT INTO Pasajero (IdPasajero, CodigoPasajero, Nombre, Apellido, Telefono)
VALUES (7, 'kmfP1tH8yLd', 'Roxie', 'Fernan', '909-334-3542');
INSERT INTO Pasajero (IdPasajero, CodigoPasajero, Nombre, Apellido, Telefono)
VALUES (8, 'bGmjY6XB', 'Tobiah', 'Delleschi', '531-772-0857');
INSERT INTO Pasajero (IdPasajero, CodigoPasajero, Nombre, Apellido, Telefono)
VALUES (9, 'JdeBIBSRNfE', 'Esme', 'Sheran', '548-684-9955');
INSERT INTO Pasajero (IdPasajero, CodigoPasajero, Nombre, Apellido, Telefono)
VALUES (10, 'tlSjT1r3Do', 'Garvin', 'Aleveque', '280-232-7779');
INSERT INTO Pasajero (IdPasajero, CodigoPasajero, Nombre, Apellido, Telefono)
VALUES (11, 'hPSL9XVbGV', 'Ginger', 'Brisley', '593-566-5432');
INSERT INTO Pasajero (IdPasajero, CodigoPasajero, Nombre, Apellido, Telefono)
VALUES (12, 'jPlCSVAgx', 'Baxie', 'Burdis', '445-365-6451');
INSERT INTO Pasajero (IdPasajero, CodigoPasajero, Nombre, Apellido, Telefono)
VALUES (13, 'i0wFpjcT', 'Tiphanie', 'Embery', '932-688-5080');
INSERT INTO Pasajero (IdPasajero, CodigoPasajero, Nombre, Apellido, Telefono)
VALUES (14, 'hCMuok', 'Hildegarde', 'Downgate', '566-815-2993');
INSERT INTO Pasajero (IdPasajero, CodigoPasajero, Nombre, Apellido, Telefono)
VALUES (15, 'IGjlVAdLiypG', 'Christoffer', 'Mangeot', '699-189-7096');
INSERT INTO Pasajero (IdPasajero, CodigoPasajero, Nombre, Apellido, Telefono)
VALUES (16, '5tLD0zskybld', 'Yehudit', 'Bawcock', '543-126-7639');
INSERT INTO Pasajero (IdPasajero, CodigoPasajero, Nombre, Apellido, Telefono)
VALUES (17, 'FWIBMZu', 'Raye', 'Farlowe', '396-939-7992');
INSERT INTO Pasajero (IdPasajero, CodigoPasajero, Nombre, Apellido, Telefono)
VALUES (18, 'R9JPHSZBH', 'Robbi', 'Cantillon', '238-175-2269');
INSERT INTO Pasajero (IdPasajero, CodigoPasajero, Nombre, Apellido, Telefono)
VALUES (19, '0Kz11NRYS8d', 'Hebert', 'Fiddymont', '502-567-0414');
INSERT INTO Pasajero (IdPasajero, CodigoPasajero, Nombre, Apellido, Telefono)
VALUES (20, 'KNLOWdR', 'Gilles', 'Newcombe', '178-939-3725');
INSERT INTO Pasajero (IdPasajero, CodigoPasajero, Nombre, Apellido, Telefono)
VALUES (21, 'lB33TpXbY', 'Tam', 'Guillond', '431-437-6645');
INSERT INTO Pasajero (IdPasajero, CodigoPasajero, Nombre, Apellido, Telefono)
VALUES (22, 'SXrQiBOyrUyI', 'Adelaide', 'Karolovsky', '817-654-9728');
INSERT INTO Pasajero (IdPasajero, CodigoPasajero, Nombre, Apellido, Telefono)
VALUES (23, 'lgVq4vzqZCjf', 'Tessy', 'Abreheart', '258-319-0608');
INSERT INTO Pasajero (IdPasajero, CodigoPasajero, Nombre, Apellido, Telefono)
VALUES (24, 'XdFe5kHe0hnp', 'Minnaminnie', 'Grestie', '394-294-1143');
INSERT INTO Pasajero (IdPasajero, CodigoPasajero, Nombre, Apellido, Telefono)
VALUES (25, 'Rz2Jgiuec', 'Donn', 'Bloomfield', '474-705-7168');
INSERT INTO Pasajero (IdPasajero, CodigoPasajero, Nombre, Apellido, Telefono)
VALUES (26, 'pemHKUT8v', 'Jeramie', 'Amiranda', '366-733-8694');
INSERT INTO Pasajero (IdPasajero, CodigoPasajero, Nombre, Apellido, Telefono)
VALUES (27, 'Sp2Cghmeo', 'Yvor', 'Boxhall', '743-854-9538');
INSERT INTO Pasajero (IdPasajero, CodigoPasajero, Nombre, Apellido, Telefono)
VALUES (28, 'OfDxegN6xAg', 'Barbara-anne', 'McMickan', '464-926-2883');
INSERT INTO Pasajero (IdPasajero, CodigoPasajero, Nombre, Apellido, Telefono)
VALUES (29, 'VKxMvBFD', 'Nydia', 'Reichert', '779-311-6299');
INSERT INTO Pasajero (IdPasajero, CodigoPasajero, Nombre, Apellido, Telefono)
VALUES (30, 'b81ROY', 'Rosalinde', 'McTeague', '226-260-8862');
INSERT INTO Pasajero (IdPasajero, CodigoPasajero, Nombre, Apellido, Telefono)
VALUES (31, 'IwcRUSB5', 'Shanta', 'Waddingham', '671-724-6129');
INSERT INTO Pasajero (IdPasajero, CodigoPasajero, Nombre, Apellido, Telefono)
VALUES (32, 'yHcEab2If0v', 'Andy', 'O''Leahy', '599-553-3998');
INSERT INTO Pasajero (IdPasajero, CodigoPasajero, Nombre, Apellido, Telefono)
VALUES (33, 'WiVI1acMSi9Y', 'Tabb', 'Georges', '714-592-5508');
INSERT INTO Pasajero (IdPasajero, CodigoPasajero, Nombre, Apellido, Telefono)
VALUES (34, 'kdGWW2eTcc4a', 'Astra', 'Dallison', '622-272-5462');
INSERT INTO Pasajero (IdPasajero, CodigoPasajero, Nombre, Apellido, Telefono)
VALUES (35, 'mjcra3lJAvD', 'Madelle', 'Presshaugh', '375-973-6784');
INSERT INTO Pasajero (IdPasajero, CodigoPasajero, Nombre, Apellido, Telefono)
VALUES (36, 'avqcMW', 'Viviene', 'Schulz', '633-110-0661');
INSERT INTO Pasajero (IdPasajero, CodigoPasajero, Nombre, Apellido, Telefono)
VALUES (37, 'BBTdtAkC', 'Dawn', 'Saldler', '914-856-3547');
INSERT INTO Pasajero (IdPasajero, CodigoPasajero, Nombre, Apellido, Telefono)
VALUES (38, 'aV3M1Toa9', 'Electra', 'Diment', '373-429-4718');
INSERT INTO Pasajero (IdPasajero, CodigoPasajero, Nombre, Apellido, Telefono)
VALUES (39, '574CHX', 'Alvan', 'Grabbam', '313-287-1559');
INSERT INTO Pasajero (IdPasajero, CodigoPasajero, Nombre, Apellido, Telefono)
VALUES (40, 'h49qp5', 'Norah', 'Mitkcov', '598-905-0271');
INSERT INTO Pasajero (IdPasajero, CodigoPasajero, Nombre, Apellido, Telefono)
VALUES (41, 'XQZuhnEEs', 'Jodie', 'D''Ambrogi', '424-240-2031');
INSERT INTO Pasajero (IdPasajero, CodigoPasajero, Nombre, Apellido, Telefono)
VALUES (42, 'udZb5NCvt7', 'Gianna', 'Boutellier', '879-499-7054');
INSERT INTO Pasajero (IdPasajero, CodigoPasajero, Nombre, Apellido, Telefono)
VALUES (43, '7pvQZj0jWY7q', 'Shena', 'Ackeroyd', '410-767-5669');
INSERT INTO Pasajero (IdPasajero, CodigoPasajero, Nombre, Apellido, Telefono)
VALUES (44, 'u46zLoPn6', 'Sean', 'Dawnay', '305-925-0127');
INSERT INTO Pasajero (IdPasajero, CodigoPasajero, Nombre, Apellido, Telefono)
VALUES (45, 'QAg7R2f6GdI', 'Corrine', 'Turbern', '533-536-0465');
INSERT INTO Pasajero (IdPasajero, CodigoPasajero, Nombre, Apellido, Telefono)
VALUES (46, 'gUG7NI8VLkP0', 'Alwyn', 'Hamberstone', '925-870-4673');
INSERT INTO Pasajero (IdPasajero, CodigoPasajero, Nombre, Apellido, Telefono)
VALUES (47, 'zDMYZkzsH', 'Michaella', 'Klemencic', '248-868-5928');
INSERT INTO Pasajero (IdPasajero, CodigoPasajero, Nombre, Apellido, Telefono)
VALUES (48, 'e3KQYkFg', 'Ewen', 'Stenson', '784-878-9687');
INSERT INTO Pasajero (IdPasajero, CodigoPasajero, Nombre, Apellido, Telefono)
VALUES (49, 'LRfmELB', 'Carlie', 'Focke', '724-846-7444');
INSERT INTO Pasajero (IdPasajero, CodigoPasajero, Nombre, Apellido, Telefono)
VALUES (50, 'ykRpiu0p0OPq', 'Joscelin', 'Satterley', '174-495-8266');
INSERT INTO Pasajero (IdPasajero, CodigoPasajero, Nombre, Apellido, Telefono)
VALUES (51, 'A4jf98L5FbHC', 'Lani', 'Walden', '812-506-9863');
INSERT INTO Pasajero (IdPasajero, CodigoPasajero, Nombre, Apellido, Telefono)
VALUES (52, '5xgqbBg4o', 'Peterus', 'Wickey', '945-687-3911');
INSERT INTO Pasajero (IdPasajero, CodigoPasajero, Nombre, Apellido, Telefono)
VALUES (53, '6u4bgnra', 'Myrta', 'Chazelle', '311-388-4035');
INSERT INTO Pasajero (IdPasajero, CodigoPasajero, Nombre, Apellido, Telefono)
VALUES (54, 'RfUGeBXphk', 'Colly', 'Yter', '425-794-2837');
INSERT INTO Pasajero (IdPasajero, CodigoPasajero, Nombre, Apellido, Telefono)
VALUES (55, 'AJUSoBhJwLIL', 'Tracy', 'Klimus', '520-955-9753');
INSERT INTO Pasajero (IdPasajero, CodigoPasajero, Nombre, Apellido, Telefono)
VALUES (56, 'ZVr4pOGcXT8Y', 'Elsi', 'Bittany', '799-868-8429');
INSERT INTO Pasajero (IdPasajero, CodigoPasajero, Nombre, Apellido, Telefono)
VALUES (57, '4rqBvfmyonMN', 'Torrance', 'Penketh', '727-218-1665');
INSERT INTO Pasajero (IdPasajero, CodigoPasajero, Nombre, Apellido, Telefono)
VALUES (58, 'qVkOZXg', 'Jacynth', 'Merington', '486-835-2880');
INSERT INTO Pasajero (IdPasajero, CodigoPasajero, Nombre, Apellido, Telefono)
VALUES (59, 'AL4y1QeFc5', 'Kristopher', 'Defty', '469-193-8606');
INSERT INTO Pasajero (IdPasajero, CodigoPasajero, Nombre, Apellido, Telefono)
VALUES (60, '7yLFcM', 'Querida', 'Barker', '907-561-5404');
INSERT INTO Pasajero (IdPasajero, CodigoPasajero, Nombre, Apellido, Telefono)
VALUES (61, 'nQJ8jPn4Y', 'Sky', 'Horder', '316-269-3418');
INSERT INTO Pasajero (IdPasajero, CodigoPasajero, Nombre, Apellido, Telefono)
VALUES (62, 'dba2M4B31B', 'Sayre', 'Barwack', '319-295-4063');
INSERT INTO Pasajero (IdPasajero, CodigoPasajero, Nombre, Apellido, Telefono)
VALUES (63, 'vhkTogR2', 'Xavier', 'Dixsee', '715-337-2975');
INSERT INTO Pasajero (IdPasajero, CodigoPasajero, Nombre, Apellido, Telefono)
VALUES (64, 'ofgp5HriIth', 'Roma', 'Bernaciak', '481-825-8128');
INSERT INTO Pasajero (IdPasajero, CodigoPasajero, Nombre, Apellido, Telefono)
VALUES (65, 'JiAyJzmz9ie', 'Carline', 'Lamba', '910-414-9455');
INSERT INTO Pasajero (IdPasajero, CodigoPasajero, Nombre, Apellido, Telefono)
VALUES (66, 'BRng90h', 'Thaxter', 'Thirkettle', '358-350-7600');
INSERT INTO Pasajero (IdPasajero, CodigoPasajero, Nombre, Apellido, Telefono)
VALUES (67, 'si4NPpG', 'Johan', 'Osmint', '519-456-6758');
INSERT INTO Pasajero (IdPasajero, CodigoPasajero, Nombre, Apellido, Telefono)
VALUES (68, '5b2IQoww', 'Lucina', 'World', '414-848-4111');
INSERT INTO Pasajero (IdPasajero, CodigoPasajero, Nombre, Apellido, Telefono)
VALUES (69, 'yLOcLGBH', 'Wendi', 'Adlington', '467-987-5056');
INSERT INTO Pasajero (IdPasajero, CodigoPasajero, Nombre, Apellido, Telefono)
VALUES (70, 'TU8S0c2cEBX', 'Fields', 'Sictornes', '328-289-4487');
INSERT INTO Pasajero (IdPasajero, CodigoPasajero, Nombre, Apellido, Telefono)
VALUES (71, 'm5DoLYr', 'Mia', 'Ferns', '690-247-7680');
INSERT INTO Pasajero (IdPasajero, CodigoPasajero, Nombre, Apellido, Telefono)
VALUES (72, '9asGafssgY', 'Leanna', 'Joannet', '801-931-1480');
INSERT INTO Pasajero (IdPasajero, CodigoPasajero, Nombre, Apellido, Telefono)
VALUES (73, '1Ugt1n', 'Natale', 'Attewill', '214-883-0310');
INSERT INTO Pasajero (IdPasajero, CodigoPasajero, Nombre, Apellido, Telefono)
VALUES (74, 'xy4Reary', 'Romonda', 'Zuppa', '809-659-9239');
INSERT INTO Pasajero (IdPasajero, CodigoPasajero, Nombre, Apellido, Telefono)
VALUES (75, 'oIEqouceXD', 'Melessa', 'Hundal', '915-951-5331');
INSERT INTO Pasajero (IdPasajero, CodigoPasajero, Nombre, Apellido, Telefono)
VALUES (76, 'dqSDmKGb', 'Marcy', 'Basketfield', '515-392-2119');
INSERT INTO Pasajero (IdPasajero, CodigoPasajero, Nombre, Apellido, Telefono)
VALUES (77, 'YWWl5vdlX', 'Noreen', 'Fenney', '144-703-7145');
INSERT INTO Pasajero (IdPasajero, CodigoPasajero, Nombre, Apellido, Telefono)
VALUES (78, 'wtC4oRQ', 'Zach', 'Norcutt', '985-686-8854');
INSERT INTO Pasajero (IdPasajero, CodigoPasajero, Nombre, Apellido, Telefono)
VALUES (79, 'f4FXsz', 'Farley', 'Taill', '674-850-3140');
INSERT INTO Pasajero (IdPasajero, CodigoPasajero, Nombre, Apellido, Telefono)
VALUES (80, 'Vp8M0OSoe', 'Dorise', 'Northey', '811-810-9221');
INSERT INTO Pasajero (IdPasajero, CodigoPasajero, Nombre, Apellido, Telefono)
VALUES (81, 'IG9sP2yXE', 'Dael', 'Ardern', '648-985-7528');
INSERT INTO Pasajero (IdPasajero, CodigoPasajero, Nombre, Apellido, Telefono)
VALUES (82, 'HU45Qc', 'Torrie', 'Zanetto', '637-398-1083');
INSERT INTO Pasajero (IdPasajero, CodigoPasajero, Nombre, Apellido, Telefono)
VALUES (83, '6CQ5LFJ5', 'Anabal', 'Haney', '981-131-6505');
INSERT INTO Pasajero (IdPasajero, CodigoPasajero, Nombre, Apellido, Telefono)
VALUES (84, '0JXKCtfVscK', 'Alphonse', 'Branton', '170-964-0388');
INSERT INTO Pasajero (IdPasajero, CodigoPasajero, Nombre, Apellido, Telefono)
VALUES (85, 'riJK1vD56l', 'Lia', 'Prichet', '854-917-1744');
INSERT INTO Pasajero (IdPasajero, CodigoPasajero, Nombre, Apellido, Telefono)
VALUES (86, 'GSrox3x', 'Nonah', 'Hackly', '416-635-3961');
INSERT INTO Pasajero (IdPasajero, CodigoPasajero, Nombre, Apellido, Telefono)
VALUES (87, 'm9nKao', 'Madison', 'Laybourne', '243-141-8727');
INSERT INTO Pasajero (IdPasajero, CodigoPasajero, Nombre, Apellido, Telefono)
VALUES (88, 'gOxzbkKWzk', 'Noble', 'Lauchlan', '637-275-8472');
INSERT INTO Pasajero (IdPasajero, CodigoPasajero, Nombre, Apellido, Telefono)
VALUES (89, 'kN3LJ5ioYF', 'Kayne', 'Jzhakov', '956-959-0087');
INSERT INTO Pasajero (IdPasajero, CodigoPasajero, Nombre, Apellido, Telefono)
VALUES (90, '2hNv5WUCYMni', 'Art', 'Eggleson', '236-120-4273');
INSERT INTO Pasajero (IdPasajero, CodigoPasajero, Nombre, Apellido, Telefono)
VALUES (91, 'qOinhn33HhV', 'Neill', 'Dyka', '120-395-9554');
INSERT INTO Pasajero (IdPasajero, CodigoPasajero, Nombre, Apellido, Telefono)
VALUES (92, 'JoPd2EM6knUK', 'Ericha', 'Gueinn', '959-279-8012');
INSERT INTO Pasajero (IdPasajero, CodigoPasajero, Nombre, Apellido, Telefono)
VALUES (93, 'vtfahA', 'Ammamaria', 'Yushankin', '640-757-9771');
INSERT INTO Pasajero (IdPasajero, CodigoPasajero, Nombre, Apellido, Telefono)
VALUES (94, 'EcdAPRDjg4UK', 'Bud', 'Duinbleton', '684-490-6835');
INSERT INTO Pasajero (IdPasajero, CodigoPasajero, Nombre, Apellido, Telefono)
VALUES (95, '0CcdiZYxR1', 'Karisa', 'Keasley', '687-691-3828');
INSERT INTO Pasajero (IdPasajero, CodigoPasajero, Nombre, Apellido, Telefono)
VALUES (96, 'VEuSPRa', 'Isiahi', 'Cosstick', '478-662-8035');
INSERT INTO Pasajero (IdPasajero, CodigoPasajero, Nombre, Apellido, Telefono)
VALUES (97, 'NixZbRSNL', 'Maryanne', 'Bellon', '327-493-9416');
INSERT INTO Pasajero (IdPasajero, CodigoPasajero, Nombre, Apellido, Telefono)
VALUES (98, '4ygCILYMiQk1', 'Chelsea', 'Barts', '117-986-8576');
INSERT INTO Pasajero (IdPasajero, CodigoPasajero, Nombre, Apellido, Telefono)
VALUES (99, 'rn8fWzLNe', 'Vilhelmina', 'Doble', '591-273-8593');
INSERT INTO Pasajero (IdPasajero, CodigoPasajero, Nombre, Apellido, Telefono)
VALUES (100, 'dvo268fMUtYr', 'Hyacinthia', 'Chainey', '595-317-9425');
INSERT INTO Pasajero (IdPasajero, CodigoPasajero, Nombre, Apellido, Telefono)
VALUES (101, 'eJNwhC', 'Jemie', 'Deesly', '944-600-7636');
INSERT INTO Pasajero (IdPasajero, CodigoPasajero, Nombre, Apellido, Telefono)
VALUES (102, 'frJZ4HniMw', 'Nicola', 'Duthie', '240-688-2379');
INSERT INTO Pasajero (IdPasajero, CodigoPasajero, Nombre, Apellido, Telefono)
VALUES (103, 'gPF8mkhjAm4', 'Keefe', 'Ubee', '458-825-1145');
INSERT INTO Pasajero (IdPasajero, CodigoPasajero, Nombre, Apellido, Telefono)
VALUES (104, '5rn4fYzdh', 'Rachel', 'Brisley', '793-799-2163');
INSERT INTO Pasajero (IdPasajero, CodigoPasajero, Nombre, Apellido, Telefono)
VALUES (105, '1a1ln2', 'Ainslee', 'Richarz', '553-750-7908');
INSERT INTO Pasajero (IdPasajero, CodigoPasajero, Nombre, Apellido, Telefono)
VALUES (106, 'ByTw80', 'Dido', 'Negri', '268-770-0318');
INSERT INTO Pasajero (IdPasajero, CodigoPasajero, Nombre, Apellido, Telefono)
VALUES (107, 'YpEYo7', 'Raquela', 'Reddin', '797-166-4637');
INSERT INTO Pasajero (IdPasajero, CodigoPasajero, Nombre, Apellido, Telefono)
VALUES (108, 'iRf9yYBFk1dG', 'Beitris', 'Perot', '970-337-5901');
INSERT INTO Pasajero (IdPasajero, CodigoPasajero, Nombre, Apellido, Telefono)
VALUES (109, 'S8Kkha3', 'Theda', 'Seedhouse', '562-479-1802');
INSERT INTO Pasajero (IdPasajero, CodigoPasajero, Nombre, Apellido, Telefono)
VALUES (110, '81xvPIdJKID', 'Othilie', 'Durek', '780-133-2634');
INSERT INTO Pasajero (IdPasajero, CodigoPasajero, Nombre, Apellido, Telefono)
VALUES (111, 'Ndpus3XVc', 'Kaitlyn', 'Bohling', '676-356-0262');
INSERT INTO Pasajero (IdPasajero, CodigoPasajero, Nombre, Apellido, Telefono)
VALUES (112, '32fwnhQE5', 'Lazare', 'Mylan', '725-531-6212');
INSERT INTO Pasajero (IdPasajero, CodigoPasajero, Nombre, Apellido, Telefono)
VALUES (113, 'q59diPgqdlNc', 'Muffin', 'Dabourne', '702-148-2872');
INSERT INTO Pasajero (IdPasajero, CodigoPasajero, Nombre, Apellido, Telefono)
VALUES (114, 'ODBV1cxjV7rl', 'Jervis', 'Muldownie', '655-306-8954');
INSERT INTO Pasajero (IdPasajero, CodigoPasajero, Nombre, Apellido, Telefono)
VALUES (115, 'RRLJvn', 'Stephani', 'Baldocci', '688-756-3619');
INSERT INTO Pasajero (IdPasajero, CodigoPasajero, Nombre, Apellido, Telefono)
VALUES (116, 'H7lymuW1', 'Loleta', 'Thomsson', '451-435-5735');
INSERT INTO Pasajero (IdPasajero, CodigoPasajero, Nombre, Apellido, Telefono)
VALUES (117, '0ESX8AY', 'Web', 'Sizey', '733-595-9934');
INSERT INTO Pasajero (IdPasajero, CodigoPasajero, Nombre, Apellido, Telefono)
VALUES (118, 'fruvt7kVAdkC', 'Freddy', 'Beaby', '748-609-7152');
INSERT INTO Pasajero (IdPasajero, CodigoPasajero, Nombre, Apellido, Telefono)
VALUES (119, 'pVFLbOrs', 'Keeley', 'Hallmark', '487-381-5855');
INSERT INTO Pasajero (IdPasajero, CodigoPasajero, Nombre, Apellido, Telefono)
VALUES (120, 'TLiBz6s', 'Davidde', 'Merring', '906-198-2429');
INSERT INTO Pasajero (IdPasajero, CodigoPasajero, Nombre, Apellido, Telefono)
VALUES (121, '7wZRg7CXqB', 'Beverlie', 'Peterkin', '561-956-1412');
INSERT INTO Pasajero (IdPasajero, CodigoPasajero, Nombre, Apellido, Telefono)
VALUES (122, 'kveGhbYSBy', 'Milly', 'Domek', '508-812-5876');
INSERT INTO Pasajero (IdPasajero, CodigoPasajero, Nombre, Apellido, Telefono)
VALUES (123, 'mrXnH4', 'Murielle', 'Mc Meekan', '214-472-7954');
INSERT INTO Pasajero (IdPasajero, CodigoPasajero, Nombre, Apellido, Telefono)
VALUES (124, '1E6TMK', 'Nehemiah', 'Giovanni', '148-385-5306');
INSERT INTO Pasajero (IdPasajero, CodigoPasajero, Nombre, Apellido, Telefono)
VALUES (125, 'ODJTQzBYF', 'Elita', 'Halleday', '903-470-7246');
INSERT INTO Pasajero (IdPasajero, CodigoPasajero, Nombre, Apellido, Telefono)
VALUES (126, '3dZ2U17eJq2', 'Davita', 'Cinavas', '636-960-1752');
INSERT INTO Pasajero (IdPasajero, CodigoPasajero, Nombre, Apellido, Telefono)
VALUES (127, '6NEJpCasomR', 'Timmie', 'Poe', '356-799-1926');
INSERT INTO Pasajero (IdPasajero, CodigoPasajero, Nombre, Apellido, Telefono)
VALUES (128, 'ojarDph1mxN', 'Rosaleen', 'Hemms', '913-432-1796');
INSERT INTO Pasajero (IdPasajero, CodigoPasajero, Nombre, Apellido, Telefono)
VALUES (129, 'nkBwDdneWK', 'Mirna', 'Iacobini', '463-977-0609');
INSERT INTO Pasajero (IdPasajero, CodigoPasajero, Nombre, Apellido, Telefono)
VALUES (130, 'uWdRxjnrHK', 'Robinet', 'Iannuzzelli', '551-712-7755');
INSERT INTO Pasajero (IdPasajero, CodigoPasajero, Nombre, Apellido, Telefono)
VALUES (131, 'AqU7Ck9EEf', 'Tobiah', 'Gremain', '848-892-1374');
INSERT INTO Pasajero (IdPasajero, CodigoPasajero, Nombre, Apellido, Telefono)
VALUES (132, 'cmoZio9HN9b', 'Filide', 'Rosendahl', '918-282-9898');
INSERT INTO Pasajero (IdPasajero, CodigoPasajero, Nombre, Apellido, Telefono)
VALUES (133, 'Fd2hdi', 'Myrvyn', 'Swinburn', '506-886-6420');
INSERT INTO Pasajero (IdPasajero, CodigoPasajero, Nombre, Apellido, Telefono)
VALUES (134, 'NIiHDxRI', 'Mora', 'Goldes', '699-117-3427');
INSERT INTO Pasajero (IdPasajero, CodigoPasajero, Nombre, Apellido, Telefono)
VALUES (135, 'N2u3TuI', 'Yard', 'Stickney', '916-762-9081');
INSERT INTO Pasajero (IdPasajero, CodigoPasajero, Nombre, Apellido, Telefono)
VALUES (136, 'n3up5G5gc1R', 'Latrena', 'Walkling', '505-164-9207');
INSERT INTO Pasajero (IdPasajero, CodigoPasajero, Nombre, Apellido, Telefono)
VALUES (137, 'DX3wTGxA7R', 'Cece', 'Caselli', '736-672-1394');
INSERT INTO Pasajero (IdPasajero, CodigoPasajero, Nombre, Apellido, Telefono)
VALUES (138, 'ZffUXZ', 'Denni', 'Elsley', '916-173-9177');
INSERT INTO Pasajero (IdPasajero, CodigoPasajero, Nombre, Apellido, Telefono)
VALUES (139, 'xpVzarAZ', 'Forrest', 'Batkin', '679-440-1879');
INSERT INTO Pasajero (IdPasajero, CodigoPasajero, Nombre, Apellido, Telefono)
VALUES (140, '3r4bqJ0225f', 'Kamila', 'Dowty', '278-469-2164');
INSERT INTO Pasajero (IdPasajero, CodigoPasajero, Nombre, Apellido, Telefono)
VALUES (141, 'dovWoVqUYqGW', 'Reube', 'Melmeth', '383-486-9442');
INSERT INTO Pasajero (IdPasajero, CodigoPasajero, Nombre, Apellido, Telefono)
VALUES (142, 'Tgop7IktM9S', 'Carlye', 'Piddlehinton', '700-486-5650');
INSERT INTO Pasajero (IdPasajero, CodigoPasajero, Nombre, Apellido, Telefono)
VALUES (143, 'zQsnE1iB', 'Ally', 'Budd', '371-695-4230');
INSERT INTO Pasajero (IdPasajero, CodigoPasajero, Nombre, Apellido, Telefono)
VALUES (144, 'G05n759u', 'Odette', 'Edgin', '936-516-4443');
INSERT INTO Pasajero (IdPasajero, CodigoPasajero, Nombre, Apellido, Telefono)
VALUES (145, 'igIR5lDYXRVV', 'Adham', 'Pembery', '849-516-8244');
INSERT INTO Pasajero (IdPasajero, CodigoPasajero, Nombre, Apellido, Telefono)
VALUES (146, '87wbi0zi8s', 'Biddy', 'Ramsbottom', '688-830-3732');
INSERT INTO Pasajero (IdPasajero, CodigoPasajero, Nombre, Apellido, Telefono)
VALUES (147, 'YWSVwCPC0', 'Harwell', 'Storrah', '693-774-0342');
INSERT INTO Pasajero (IdPasajero, CodigoPasajero, Nombre, Apellido, Telefono)
VALUES (148, '5yxWkwj', 'Ebonee', 'Haborn', '139-361-1769');
INSERT INTO Pasajero (IdPasajero, CodigoPasajero, Nombre, Apellido, Telefono)
VALUES (149, 'n1FsLSKyYQ', 'Jilleen', 'De Vile', '441-917-5971');
INSERT INTO Pasajero (IdPasajero, CodigoPasajero, Nombre, Apellido, Telefono)
VALUES (150, 'DAqNDo2NJ', 'Selestina', 'Brinicombe', '947-966-1881');
INSERT INTO Pasajero (IdPasajero, CodigoPasajero, Nombre, Apellido, Telefono)
VALUES (151, 'u6qY5kMTPxuc', 'Hamnet', 'Verrall', '258-435-8610');
INSERT INTO Pasajero (IdPasajero, CodigoPasajero, Nombre, Apellido, Telefono)
VALUES (152, 'nJeTrT', 'Leopold', 'Fayre', '501-342-8584');
INSERT INTO Pasajero (IdPasajero, CodigoPasajero, Nombre, Apellido, Telefono)
VALUES (153, 'SmPXk2w68', 'Suzie', 'Roath', '895-107-1367');
INSERT INTO Pasajero (IdPasajero, CodigoPasajero, Nombre, Apellido, Telefono)
VALUES (154, '53LybJp5o', 'Jennine', 'Laxon', '405-673-2685');
INSERT INTO Pasajero (IdPasajero, CodigoPasajero, Nombre, Apellido, Telefono)
VALUES (155, 'FEIm8cdt', 'Catharina', 'Flucker', '808-148-8862');
INSERT INTO Pasajero (IdPasajero, CodigoPasajero, Nombre, Apellido, Telefono)
VALUES (156, 'guqmQX', 'Demetrius', 'Swinden', '701-207-0708');
INSERT INTO Pasajero (IdPasajero, CodigoPasajero, Nombre, Apellido, Telefono)
VALUES (157, 'sNE8tMzbqk', 'Bartholomew', 'Leinster', '254-665-5099');
INSERT INTO Pasajero (IdPasajero, CodigoPasajero, Nombre, Apellido, Telefono)
VALUES (158, 'HDZAi5f8noHR', 'Larry', 'Porter', '377-774-2702');
INSERT INTO Pasajero (IdPasajero, CodigoPasajero, Nombre, Apellido, Telefono)
VALUES (159, 'FKZBQd0D', 'Delila', 'Layhe', '190-295-8889');
INSERT INTO Pasajero (IdPasajero, CodigoPasajero, Nombre, Apellido, Telefono)
VALUES (160, 'PFD83G', 'Almira', 'Kingzett', '251-630-0219');
INSERT INTO Pasajero (IdPasajero, CodigoPasajero, Nombre, Apellido, Telefono)
VALUES (161, 'Ew3NAVOl', 'Twila', 'Batson', '593-317-1035');
INSERT INTO Pasajero (IdPasajero, CodigoPasajero, Nombre, Apellido, Telefono)
VALUES (162, 'qosH3j0QPHHb', 'Lucy', 'Brignall', '857-145-0977');
INSERT INTO Pasajero (IdPasajero, CodigoPasajero, Nombre, Apellido, Telefono)
VALUES (163, 'BAf0sfZW', 'Ulric', 'Scholtis', '797-947-6721');
INSERT INTO Pasajero (IdPasajero, CodigoPasajero, Nombre, Apellido, Telefono)
VALUES (164, 'ekYbhtj2q', 'Ermanno', 'Croughan', '994-686-7998');
INSERT INTO Pasajero (IdPasajero, CodigoPasajero, Nombre, Apellido, Telefono)
VALUES (165, 'ldp3eFfaOy', 'Madelyn', 'McIlhagga', '680-625-2221');
INSERT INTO Pasajero (IdPasajero, CodigoPasajero, Nombre, Apellido, Telefono)
VALUES (166, 'DvxqH5zR', 'Rosana', 'Deverall', '771-972-6873');
INSERT INTO Pasajero (IdPasajero, CodigoPasajero, Nombre, Apellido, Telefono)
VALUES (167, 'ANRzP0mSWFmk', 'Verna', 'Laws', '354-452-1232');
INSERT INTO Pasajero (IdPasajero, CodigoPasajero, Nombre, Apellido, Telefono)
VALUES (168, 'sdjL3S', 'Fern', 'Friman', '515-193-9415');
INSERT INTO Pasajero (IdPasajero, CodigoPasajero, Nombre, Apellido, Telefono)
VALUES (169, 'Hmw6R1im', 'Lilah', 'Paulin', '305-288-8683');
INSERT INTO Pasajero (IdPasajero, CodigoPasajero, Nombre, Apellido, Telefono)
VALUES (170, 'm6VKMSfezNK', 'Mariejeanne', 'Karlmann', '604-827-6962');
INSERT INTO Pasajero (IdPasajero, CodigoPasajero, Nombre, Apellido, Telefono)
VALUES (171, 'WgjQburqmXe', 'Cart', 'Rossin', '879-222-9380');
INSERT INTO Pasajero (IdPasajero, CodigoPasajero, Nombre, Apellido, Telefono)
VALUES (172, 'AK0b1EU3bUgh', 'Lari', 'Corss', '247-479-6995');
INSERT INTO Pasajero (IdPasajero, CodigoPasajero, Nombre, Apellido, Telefono)
VALUES (173, 'bBN2nX7INrmp', 'Alberik', 'Cutts', '357-638-6565');
INSERT INTO Pasajero (IdPasajero, CodigoPasajero, Nombre, Apellido, Telefono)
VALUES (174, 'HKOgDaGoN', 'Moina', 'Mowle', '615-606-5970');
INSERT INTO Pasajero (IdPasajero, CodigoPasajero, Nombre, Apellido, Telefono)
VALUES (175, '7XLDELG9tj', 'Benjamen', 'Bumford', '309-195-7281');
INSERT INTO Pasajero (IdPasajero, CodigoPasajero, Nombre, Apellido, Telefono)
VALUES (176, 'pTvSioje', 'Bertrando', 'Hazeldine', '427-789-6235');
INSERT INTO Pasajero (IdPasajero, CodigoPasajero, Nombre, Apellido, Telefono)
VALUES (177, '2kaWbpCct2', 'Ned', 'MacMeekan', '801-955-4650');
INSERT INTO Pasajero (IdPasajero, CodigoPasajero, Nombre, Apellido, Telefono)
VALUES (178, 'zMLADwnXJ', 'Fernandina', 'Trimble', '855-936-1421');
INSERT INTO Pasajero (IdPasajero, CodigoPasajero, Nombre, Apellido, Telefono)
VALUES (179, 'A5dOCP9', 'Traci', 'Mills', '342-378-4044');
INSERT INTO Pasajero (IdPasajero, CodigoPasajero, Nombre, Apellido, Telefono)
VALUES (180, 'Ova4T0IOge9L', 'Ettore', 'Tucknutt', '409-624-9452');
INSERT INTO Pasajero (IdPasajero, CodigoPasajero, Nombre, Apellido, Telefono)
VALUES (181, 'JuiMUYApV', 'Mikaela', 'Signoret', '526-825-3565');
INSERT INTO Pasajero (IdPasajero, CodigoPasajero, Nombre, Apellido, Telefono)
VALUES (182, 'gVNfs6QO', 'Trenna', 'McBeath', '270-935-6907');
INSERT INTO Pasajero (IdPasajero, CodigoPasajero, Nombre, Apellido, Telefono)
VALUES (183, 'h8oTZFvL', 'Marc', 'Denison', '626-672-3451');
INSERT INTO Pasajero (IdPasajero, CodigoPasajero, Nombre, Apellido, Telefono)
VALUES (184, 'TonOBcHn7KE', 'Moss', 'Aspel', '871-676-5346');
INSERT INTO Pasajero (IdPasajero, CodigoPasajero, Nombre, Apellido, Telefono)
VALUES (185, '2a7PPHMZF', 'Lark', 'Beek', '628-250-2700');
INSERT INTO Pasajero (IdPasajero, CodigoPasajero, Nombre, Apellido, Telefono)
VALUES (186, 'X1JOuCXDR', 'Mason', 'Cottage', '202-256-1675');
INSERT INTO Pasajero (IdPasajero, CodigoPasajero, Nombre, Apellido, Telefono)
VALUES (187, '7YFyt6uygbQk', 'Shell', 'Gregorowicz', '658-355-2451');
INSERT INTO Pasajero (IdPasajero, CodigoPasajero, Nombre, Apellido, Telefono)
VALUES (188, '9OiJNiLETS', 'Liv', 'Tinan', '680-503-0952');
INSERT INTO Pasajero (IdPasajero, CodigoPasajero, Nombre, Apellido, Telefono)
VALUES (189, 'gt0Ib4O0Kp6', 'Marybeth', 'Rickman', '747-639-5844');
INSERT INTO Pasajero (IdPasajero, CodigoPasajero, Nombre, Apellido, Telefono)
VALUES (190, '8P65u0Gjw3', 'Kris', 'Callington', '911-998-3471');
INSERT INTO Pasajero (IdPasajero, CodigoPasajero, Nombre, Apellido, Telefono)
VALUES (191, 'H7gHgh1WJ', 'Jeth', 'Cyster', '183-877-6443');
INSERT INTO Pasajero (IdPasajero, CodigoPasajero, Nombre, Apellido, Telefono)
VALUES (192, 'Eg3P2cInkC', 'Thea', 'Chelsom', '985-466-7826');
INSERT INTO Pasajero (IdPasajero, CodigoPasajero, Nombre, Apellido, Telefono)
VALUES (193, '4Mj2cfY', 'Eddie', 'Senchenko', '222-879-2828');
INSERT INTO Pasajero (IdPasajero, CodigoPasajero, Nombre, Apellido, Telefono)
VALUES (194, 'tQtOIFmFfPN', 'Shaine', 'Badrock', '249-777-1330');
INSERT INTO Pasajero (IdPasajero, CodigoPasajero, Nombre, Apellido, Telefono)
VALUES (195, 'qc2jNB', 'Clea', 'Cowling', '994-479-1495');
INSERT INTO Pasajero (IdPasajero, CodigoPasajero, Nombre, Apellido, Telefono)
VALUES (196, 'dyFWzRGHM0V', 'Emmery', 'Dodwell', '301-574-3435');
INSERT INTO Pasajero (IdPasajero, CodigoPasajero, Nombre, Apellido, Telefono)
VALUES (197, 'x67j75wzCeI', 'Jammal', 'Tailby', '492-537-9602');
INSERT INTO Pasajero (IdPasajero, CodigoPasajero, Nombre, Apellido, Telefono)
VALUES (198, 'tsAff7wwv', 'Bill', 'Fidgeon', '441-867-9028');
INSERT INTO Pasajero (IdPasajero, CodigoPasajero, Nombre, Apellido, Telefono)
VALUES (199, 'MYcNdDtrCU', 'Rachele', 'Schlagh', '739-499-8895');
INSERT INTO Pasajero (IdPasajero, CodigoPasajero, Nombre, Apellido, Telefono)
VALUES (200, 'RTuUwv2', 'Victoir', 'Pareman', '239-616-6204');
INSERT INTO Pasajero (IdPasajero, CodigoPasajero, Nombre, Apellido, Telefono)
VALUES (201, 'IkmB5liqG', 'Harli', 'Redfern', '399-919-0749');
INSERT INTO Pasajero (IdPasajero, CodigoPasajero, Nombre, Apellido, Telefono)
VALUES (202, 'EDqERq3I3', 'Alfy', 'Iacovini', '870-796-9381');
INSERT INTO Pasajero (IdPasajero, CodigoPasajero, Nombre, Apellido, Telefono)
VALUES (203, 'LTl7tE', 'Buddy', 'Claisse', '618-678-8088');
INSERT INTO Pasajero (IdPasajero, CodigoPasajero, Nombre, Apellido, Telefono)
VALUES (204, 'vDF1ofRg1I4Q', 'Jacinthe', 'Drable', '871-424-7623');
INSERT INTO Pasajero (IdPasajero, CodigoPasajero, Nombre, Apellido, Telefono)
VALUES (205, 'pXszImRa', 'Alidia', 'Hebdon', '384-724-9216');
INSERT INTO Pasajero (IdPasajero, CodigoPasajero, Nombre, Apellido, Telefono)
VALUES (206, 'jnidUvdltu', 'Josias', 'Redihalgh', '130-886-4815');
INSERT INTO Pasajero (IdPasajero, CodigoPasajero, Nombre, Apellido, Telefono)
VALUES (207, 'xoJrBYoU', 'Thornton', 'Trevear', '763-394-8705');
INSERT INTO Pasajero (IdPasajero, CodigoPasajero, Nombre, Apellido, Telefono)
VALUES (208, 'Rih9zZ3VDQp', 'Tailor', 'Bevington', '347-246-9417');
INSERT INTO Pasajero (IdPasajero, CodigoPasajero, Nombre, Apellido, Telefono)
VALUES (209, 'U1Ty0T9ThO', 'Amanda', 'Gaskin', '681-755-4690');
INSERT INTO Pasajero (IdPasajero, CodigoPasajero, Nombre, Apellido, Telefono)
VALUES (210, 'KXHuou', 'Wit', 'Winney', '534-117-9490');
INSERT INTO Pasajero (IdPasajero, CodigoPasajero, Nombre, Apellido, Telefono)
VALUES (211, 'iFpwYBikJgG', 'Agretha', 'Glennard', '899-762-8740');
INSERT INTO Pasajero (IdPasajero, CodigoPasajero, Nombre, Apellido, Telefono)
VALUES (212, 'MEpOcAA1', 'Dion', 'Lissaman', '622-928-9417');
INSERT INTO Pasajero (IdPasajero, CodigoPasajero, Nombre, Apellido, Telefono)
VALUES (213, 'XyGUTjPgF', 'Octavia', 'Burle', '316-419-2963');
INSERT INTO Pasajero (IdPasajero, CodigoPasajero, Nombre, Apellido, Telefono)
VALUES (214, 'E3BANc2WxWT', 'Marcello', 'Mennear', '674-309-4534');
INSERT INTO Pasajero (IdPasajero, CodigoPasajero, Nombre, Apellido, Telefono)
VALUES (215, 'WkR7Ex2k0X', 'Domingo', 'Wooddisse', '712-888-7724');
INSERT INTO Pasajero (IdPasajero, CodigoPasajero, Nombre, Apellido, Telefono)
VALUES (216, 'nngWwbX2', 'Marthena', 'Cantwell', '628-695-2956');
INSERT INTO Pasajero (IdPasajero, CodigoPasajero, Nombre, Apellido, Telefono)
VALUES (217, 'hUt3T07NsV', 'Thaine', 'Yuill', '326-463-6573');
INSERT INTO Pasajero (IdPasajero, CodigoPasajero, Nombre, Apellido, Telefono)
VALUES (218, 'LIjdpxK', 'Wiley', 'Rougier', '573-842-1690');
INSERT INTO Pasajero (IdPasajero, CodigoPasajero, Nombre, Apellido, Telefono)
VALUES (219, '1gbjhXoc', 'Everard', 'Shawley', '304-308-4555');
INSERT INTO Pasajero (IdPasajero, CodigoPasajero, Nombre, Apellido, Telefono)
VALUES (220, 'NS5hKTKFVAR', 'Gavan', 'Luxon', '327-847-7442');
INSERT INTO Pasajero (IdPasajero, CodigoPasajero, Nombre, Apellido, Telefono)
VALUES (221, 'EfAFJy7UDVxO', 'Laughton', 'Burnitt', '159-644-9681');
INSERT INTO Pasajero (IdPasajero, CodigoPasajero, Nombre, Apellido, Telefono)
VALUES (222, 'qlSqNE1YuDQ', 'Aldous', 'Drayton', '683-395-3899');
INSERT INTO Pasajero (IdPasajero, CodigoPasajero, Nombre, Apellido, Telefono)
VALUES (223, 'MSooShYnIz7', 'Moshe', 'Moggie', '437-659-7428');
INSERT INTO Pasajero (IdPasajero, CodigoPasajero, Nombre, Apellido, Telefono)
VALUES (224, 'G1n6gGqjw6f', 'Anica', 'Bane', '188-358-5112');
INSERT INTO Pasajero (IdPasajero, CodigoPasajero, Nombre, Apellido, Telefono)
VALUES (225, 'ilm2eFx', 'Siward', 'Caseborne', '915-364-7520');
INSERT INTO Pasajero (IdPasajero, CodigoPasajero, Nombre, Apellido, Telefono)
VALUES (226, '8F6Nzlth', 'Leese', 'Stive', '674-552-8564');
INSERT INTO Pasajero (IdPasajero, CodigoPasajero, Nombre, Apellido, Telefono)
VALUES (227, 'P9pmUY', 'Earl', 'Carlesi', '219-117-3998');
INSERT INTO Pasajero (IdPasajero, CodigoPasajero, Nombre, Apellido, Telefono)
VALUES (228, 'mc6IimQg', 'Staford', 'Orneblow', '616-952-1839');
INSERT INTO Pasajero (IdPasajero, CodigoPasajero, Nombre, Apellido, Telefono)
VALUES (229, 'rFGbcBnnTnm', 'Kit', 'Labrone', '446-825-8559');
INSERT INTO Pasajero (IdPasajero, CodigoPasajero, Nombre, Apellido, Telefono)
VALUES (230, 'iH5PwQTSTdZn', 'Shay', 'Veld', '306-943-1485');
INSERT INTO Pasajero (IdPasajero, CodigoPasajero, Nombre, Apellido, Telefono)
VALUES (231, 'FMldzXgZ3', 'Ellary', 'Polon', '563-215-3974');
INSERT INTO Pasajero (IdPasajero, CodigoPasajero, Nombre, Apellido, Telefono)
VALUES (232, 'kBwQpckA', 'Marlene', 'Lawlie', '763-795-0196');
INSERT INTO Pasajero (IdPasajero, CodigoPasajero, Nombre, Apellido, Telefono)
VALUES (233, '5GjTsLajdi6I', 'Jonis', 'Baldrick', '489-700-7107');
INSERT INTO Pasajero (IdPasajero, CodigoPasajero, Nombre, Apellido, Telefono)
VALUES (234, 'T42nRa9E29', 'Milty', 'Cornelleau', '115-893-7495');
INSERT INTO Pasajero (IdPasajero, CodigoPasajero, Nombre, Apellido, Telefono)
VALUES (235, 'XuSHiKIFa', 'Aubine', 'Lepoidevin', '641-885-0630');
INSERT INTO Pasajero (IdPasajero, CodigoPasajero, Nombre, Apellido, Telefono)
VALUES (236, 'J9iG0NThiS', 'Jen', 'Bradneck', '823-366-8073');
INSERT INTO Pasajero (IdPasajero, CodigoPasajero, Nombre, Apellido, Telefono)
VALUES (237, 'Y3zyK0Ibo5kJ', 'Ella', 'Petriello', '890-781-0295');
INSERT INTO Pasajero (IdPasajero, CodigoPasajero, Nombre, Apellido, Telefono)
VALUES (238, 'O2A41fXRV', 'Beltran', 'Badsworth', '444-861-9505');
INSERT INTO Pasajero (IdPasajero, CodigoPasajero, Nombre, Apellido, Telefono)
VALUES (239, 'tXNH5Wo', 'Kathlin', 'Marklow', '159-919-9328');
INSERT INTO Pasajero (IdPasajero, CodigoPasajero, Nombre, Apellido, Telefono)
VALUES (240, 'FW4Wodx', 'Phillis', 'Bradburn', '691-519-1401');
INSERT INTO Pasajero (IdPasajero, CodigoPasajero, Nombre, Apellido, Telefono)
VALUES (241, 'H3BaJrqo', 'Molly', 'Faragan', '128-415-3212');
INSERT INTO Pasajero (IdPasajero, CodigoPasajero, Nombre, Apellido, Telefono)
VALUES (242, 'mlN6wiev33', 'Celine', 'Augustus', '624-117-8979');
INSERT INTO Pasajero (IdPasajero, CodigoPasajero, Nombre, Apellido, Telefono)
VALUES (243, 'eWBwvbyX3', 'Aurelia', 'Lawtey', '348-406-1134');
INSERT INTO Pasajero (IdPasajero, CodigoPasajero, Nombre, Apellido, Telefono)
VALUES (244, '2eRHoV', 'Ginger', 'Bayldon', '601-211-3325');
INSERT INTO Pasajero (IdPasajero, CodigoPasajero, Nombre, Apellido, Telefono)
VALUES (245, 'NOKVg89U', 'Garvy', 'Leaf', '921-262-5843');
INSERT INTO Pasajero (IdPasajero, CodigoPasajero, Nombre, Apellido, Telefono)
VALUES (246, 'PPNtOCvO', 'Perle', 'Vass', '395-122-6840');
INSERT INTO Pasajero (IdPasajero, CodigoPasajero, Nombre, Apellido, Telefono)
VALUES (247, 'coDnXvG0F', 'Tedman', 'Moggan', '538-377-9536');
INSERT INTO Pasajero (IdPasajero, CodigoPasajero, Nombre, Apellido, Telefono)
VALUES (248, 'aplJDRhUaBP', 'Phillip', 'Klos', '282-501-4083');
INSERT INTO Pasajero (IdPasajero, CodigoPasajero, Nombre, Apellido, Telefono)
VALUES (249, 'pqKBjMIW', 'Willi', 'Merkle', '293-295-0955');
INSERT INTO Pasajero (IdPasajero, CodigoPasajero, Nombre, Apellido, Telefono)
VALUES (250, '2IYjNCN', 'Hubert', 'Danslow', '439-306-9841');
INSERT INTO Pasajero (IdPasajero, CodigoPasajero, Nombre, Apellido, Telefono)
VALUES (251, 'FWBFGaT7c', 'Bay', 'Acory', '914-585-4806');
INSERT INTO Pasajero (IdPasajero, CodigoPasajero, Nombre, Apellido, Telefono)
VALUES (252, 'GaPipvD5tvq', 'Milt', 'Loidl', '765-907-4563');
INSERT INTO Pasajero (IdPasajero, CodigoPasajero, Nombre, Apellido, Telefono)
VALUES (253, 'SEdqBeGs', 'Carroll', 'Ligoe', '525-690-4605');
INSERT INTO Pasajero (IdPasajero, CodigoPasajero, Nombre, Apellido, Telefono)
VALUES (254, 'RJfMYZ3', 'Rollins', 'Beric', '806-164-2716');
INSERT INTO Pasajero (IdPasajero, CodigoPasajero, Nombre, Apellido, Telefono)
VALUES (255, 'Cl0078E', 'Corena', 'Dowd', '977-384-5032');
INSERT INTO Pasajero (IdPasajero, CodigoPasajero, Nombre, Apellido, Telefono)
VALUES (256, 'OkAKU2', 'Ammamaria', 'Mangeot', '128-127-7885');
INSERT INTO Pasajero (IdPasajero, CodigoPasajero, Nombre, Apellido, Telefono)
VALUES (257, 'MpCYwLZ', 'Antonella', 'Ricson', '430-602-3170');
INSERT INTO Pasajero (IdPasajero, CodigoPasajero, Nombre, Apellido, Telefono)
VALUES (258, 'uIvAIxJ', 'Mildred', 'Spennock', '826-803-7854');
INSERT INTO Pasajero (IdPasajero, CodigoPasajero, Nombre, Apellido, Telefono)
VALUES (259, 'VXOSvOMSUWcA', 'Aleece', 'Weare', '136-589-5032');
INSERT INTO Pasajero (IdPasajero, CodigoPasajero, Nombre, Apellido, Telefono)
VALUES (260, 'qbmVzeI', 'Ryun', 'Blaine', '552-439-6341');
INSERT INTO Pasajero (IdPasajero, CodigoPasajero, Nombre, Apellido, Telefono)
VALUES (261, 'UGSEIJk', 'Kristoforo', 'Wattam', '200-519-8261');
INSERT INTO Pasajero (IdPasajero, CodigoPasajero, Nombre, Apellido, Telefono)
VALUES (262, 'KBB8gC', 'Bette-ann', 'Howard - Gater', '815-420-6966');
INSERT INTO Pasajero (IdPasajero, CodigoPasajero, Nombre, Apellido, Telefono)
VALUES (263, 'KTGY9f8', 'Patrizius', 'Mival', '276-923-7070');
INSERT INTO Pasajero (IdPasajero, CodigoPasajero, Nombre, Apellido, Telefono)
VALUES (264, 'LoXgymbRNG', 'Krishna', 'Newport', '626-538-1868');
INSERT INTO Pasajero (IdPasajero, CodigoPasajero, Nombre, Apellido, Telefono)
VALUES (265, 'oMz2m2LL', 'Sly', 'Buckby', '203-636-0817');
INSERT INTO Pasajero (IdPasajero, CodigoPasajero, Nombre, Apellido, Telefono)
VALUES (266, 'PXgLiKPNjwg', 'Dav', 'Crone', '445-134-6814');
INSERT INTO Pasajero (IdPasajero, CodigoPasajero, Nombre, Apellido, Telefono)
VALUES (267, 'vKPy8iEx', 'Lenci', 'Meaders', '359-110-8661');
INSERT INTO Pasajero (IdPasajero, CodigoPasajero, Nombre, Apellido, Telefono)
VALUES (268, 'LT56VC7Xw6g', 'Paige', 'Fishleigh', '715-373-7288');
INSERT INTO Pasajero (IdPasajero, CodigoPasajero, Nombre, Apellido, Telefono)
VALUES (269, 'a5CsFAylF', 'Damian', 'Werendell', '277-270-5092');
INSERT INTO Pasajero (IdPasajero, CodigoPasajero, Nombre, Apellido, Telefono)
VALUES (270, 'kCdtyoiRSw9r', 'Kellina', 'Rudledge', '403-467-9414');
INSERT INTO Pasajero (IdPasajero, CodigoPasajero, Nombre, Apellido, Telefono)
VALUES (271, '2pVcf3cKZ3s', 'Osborn', 'Iiannone', '661-453-7123');
INSERT INTO Pasajero (IdPasajero, CodigoPasajero, Nombre, Apellido, Telefono)
VALUES (272, 'hh1KOvxyrLg', 'Briana', 'Seward', '805-890-5491');
INSERT INTO Pasajero (IdPasajero, CodigoPasajero, Nombre, Apellido, Telefono)
VALUES (273, 'Io379Ry55', 'Lurlene', 'Bye', '879-871-9516');
INSERT INTO Pasajero (IdPasajero, CodigoPasajero, Nombre, Apellido, Telefono)
VALUES (274, 'gyEEsdR2k', 'Hali', 'Lapides', '740-588-3255');
INSERT INTO Pasajero (IdPasajero, CodigoPasajero, Nombre, Apellido, Telefono)
VALUES (275, 'tyHQnSNwtAF', 'Bobina', 'Druery', '434-778-1269');
INSERT INTO Pasajero (IdPasajero, CodigoPasajero, Nombre, Apellido, Telefono)
VALUES (276, 'IVBzbFyiA8v', 'Graham', 'Scandrite', '664-340-1134');
INSERT INTO Pasajero (IdPasajero, CodigoPasajero, Nombre, Apellido, Telefono)
VALUES (277, '6iYSPGlVBHCb', 'Ethelind', 'Heeps', '753-382-6681');
INSERT INTO Pasajero (IdPasajero, CodigoPasajero, Nombre, Apellido, Telefono)
VALUES (278, '0mUYAS', 'Lucais', 'Cordey', '361-291-3131');
INSERT INTO Pasajero (IdPasajero, CodigoPasajero, Nombre, Apellido, Telefono)
VALUES (279, 'epMj6sd', 'Ford', 'Berzins', '205-527-1480');
INSERT INTO Pasajero (IdPasajero, CodigoPasajero, Nombre, Apellido, Telefono)
VALUES (280, 'adLkYJpmc', 'Levy', 'Avrahm', '828-849-3434');
INSERT INTO Pasajero (IdPasajero, CodigoPasajero, Nombre, Apellido, Telefono)
VALUES (281, 'GyEoKwl4f', 'Chas', 'Gove', '517-515-0042');
INSERT INTO Pasajero (IdPasajero, CodigoPasajero, Nombre, Apellido, Telefono)
VALUES (282, 'JmsW4ppM', 'Danica', 'Mettrick', '856-196-4708');
INSERT INTO Pasajero (IdPasajero, CodigoPasajero, Nombre, Apellido, Telefono)
VALUES (283, 'PRPyqzRQ', 'Maximo', 'Dalinder', '805-565-0723');
INSERT INTO Pasajero (IdPasajero, CodigoPasajero, Nombre, Apellido, Telefono)
VALUES (284, 'id9uGfB3j6', 'Beatriz', 'Mattisson', '315-390-3627');
INSERT INTO Pasajero (IdPasajero, CodigoPasajero, Nombre, Apellido, Telefono)
VALUES (285, 'rCtxDi6Y2f', 'Clarie', 'O''Kielt', '748-616-2998');
INSERT INTO Pasajero (IdPasajero, CodigoPasajero, Nombre, Apellido, Telefono)
VALUES (286, 'brZ8X1sRWk', 'Read', 'Lyfield', '241-168-9425');
INSERT INTO Pasajero (IdPasajero, CodigoPasajero, Nombre, Apellido, Telefono)
VALUES (287, 'AbgpNwfqrWfS', 'Eveline', 'McKall', '752-419-6105');
INSERT INTO Pasajero (IdPasajero, CodigoPasajero, Nombre, Apellido, Telefono)
VALUES (288, 'lqwUWC4Lou', 'Bryce', 'Chazerand', '177-840-0616');
INSERT INTO Pasajero (IdPasajero, CodigoPasajero, Nombre, Apellido, Telefono)
VALUES (289, 'lfVNWST', 'Gerda', 'Jump', '912-272-9545');
INSERT INTO Pasajero (IdPasajero, CodigoPasajero, Nombre, Apellido, Telefono)
VALUES (290, 'XiDTOklDbEu', 'Loise', 'Esselen', '180-363-7409');
INSERT INTO Pasajero (IdPasajero, CodigoPasajero, Nombre, Apellido, Telefono)
VALUES (291, 'lZmhwUuCoJQ5', 'Flinn', 'Mabb', '453-742-8707');
INSERT INTO Pasajero (IdPasajero, CodigoPasajero, Nombre, Apellido, Telefono)
VALUES (292, '0qUNR0Y1', 'Allister', 'Pollastrino', '718-453-8055');
INSERT INTO Pasajero (IdPasajero, CodigoPasajero, Nombre, Apellido, Telefono)
VALUES (293, '9tIEvQv', 'Averyl', 'Luetkemeyer', '515-985-4242');
INSERT INTO Pasajero (IdPasajero, CodigoPasajero, Nombre, Apellido, Telefono)
VALUES (294, 'rahG5Pw', 'Nikkie', 'Fludgate', '570-537-4646');
INSERT INTO Pasajero (IdPasajero, CodigoPasajero, Nombre, Apellido, Telefono)
VALUES (295, 'EsgegaRq', 'Tatiana', 'Labarre', '340-734-7089');
INSERT INTO Pasajero (IdPasajero, CodigoPasajero, Nombre, Apellido, Telefono)
VALUES (296, 'oLjDkTjAxju', 'Birch', 'Filintsev', '636-118-5238');
INSERT INTO Pasajero (IdPasajero, CodigoPasajero, Nombre, Apellido, Telefono)
VALUES (297, 'KpT6hPDHg8', 'Mellisa', 'Merioth', '697-295-4319');
INSERT INTO Pasajero (IdPasajero, CodigoPasajero, Nombre, Apellido, Telefono)
VALUES (298, 'rNtD4FD', 'Nedda', 'Ferneyhough', '204-514-9773');
INSERT INTO Pasajero (IdPasajero, CodigoPasajero, Nombre, Apellido, Telefono)
VALUES (299, 'Jq6Z80ZlWCj', 'Vicki', 'Hamon', '939-973-8905');
INSERT INTO Pasajero (IdPasajero, CodigoPasajero, Nombre, Apellido, Telefono)
VALUES (300, 'QuxbqFH', 'Davita', 'Glavias', '768-721-1039');
INSERT INTO Pasajero (IdPasajero, CodigoPasajero, Nombre, Apellido, Telefono)
VALUES (301, 'DULos6hEeW8d', 'Dean', 'Jeaffreson', '983-193-5807');
INSERT INTO Pasajero (IdPasajero, CodigoPasajero, Nombre, Apellido, Telefono)
VALUES (302, 'dIxARW8iV', 'Lizbeth', 'Brideau', '324-211-1015');
INSERT INTO Pasajero (IdPasajero, CodigoPasajero, Nombre, Apellido, Telefono)
VALUES (303, 'U6U6K6hajpTe', 'Wren', 'Zorro', '251-394-8686');
INSERT INTO Pasajero (IdPasajero, CodigoPasajero, Nombre, Apellido, Telefono)
VALUES (304, 'Zsb1hO7x03j', 'Berthe', 'Garroway', '407-168-5812');
INSERT INTO Pasajero (IdPasajero, CodigoPasajero, Nombre, Apellido, Telefono)
VALUES (305, 'HBtr4COy', 'Torey', 'Lusty', '364-347-1928');
INSERT INTO Pasajero (IdPasajero, CodigoPasajero, Nombre, Apellido, Telefono)
VALUES (306, 'A940dIn59XEB', 'Karlotta', 'Starzaker', '550-202-2940');
INSERT INTO Pasajero (IdPasajero, CodigoPasajero, Nombre, Apellido, Telefono)
VALUES (307, '3v2nI7XCqwKP', 'Bat', 'Winkell', '841-379-3709');
INSERT INTO Pasajero (IdPasajero, CodigoPasajero, Nombre, Apellido, Telefono)
VALUES (308, 'd3Hd74', 'Nicki', 'Molineux', '552-933-2858');
INSERT INTO Pasajero (IdPasajero, CodigoPasajero, Nombre, Apellido, Telefono)
VALUES (309, 'Ns7CTbo', 'Gris', 'Francescuccio', '457-509-7741');
INSERT INTO Pasajero (IdPasajero, CodigoPasajero, Nombre, Apellido, Telefono)
VALUES (310, 'ORkiMzrb2X1', 'Billye', 'McKevin', '159-684-0638');
INSERT INTO Pasajero (IdPasajero, CodigoPasajero, Nombre, Apellido, Telefono)
VALUES (311, 'Fa3GC3Aj6FA', 'James', 'Bruckstein', '966-469-6906');
INSERT INTO Pasajero (IdPasajero, CodigoPasajero, Nombre, Apellido, Telefono)
VALUES (312, 'POJdZO', 'Betteann', 'Liven', '469-663-2168');
INSERT INTO Pasajero (IdPasajero, CodigoPasajero, Nombre, Apellido, Telefono)
VALUES (313, 'Nny8ih', 'Ellene', 'Theyer', '437-312-4266');
INSERT INTO Pasajero (IdPasajero, CodigoPasajero, Nombre, Apellido, Telefono)
VALUES (314, 'pSvbY1DZjw', 'Anny', 'Umbers', '837-770-0152');
INSERT INTO Pasajero (IdPasajero, CodigoPasajero, Nombre, Apellido, Telefono)
VALUES (315, 'fCw12PqYBQ7', 'Aeriell', 'Larkings', '835-464-0073');
INSERT INTO Pasajero (IdPasajero, CodigoPasajero, Nombre, Apellido, Telefono)
VALUES (316, 'UzY5kDBeus1', 'Axe', 'Care', '381-992-4270');
INSERT INTO Pasajero (IdPasajero, CodigoPasajero, Nombre, Apellido, Telefono)
VALUES (317, 'PsYAmQdCo', 'Albina', 'Michele', '269-487-4613');
INSERT INTO Pasajero (IdPasajero, CodigoPasajero, Nombre, Apellido, Telefono)
VALUES (318, '9Vbhht', 'Irma', 'Josefsen', '675-780-2725');
INSERT INTO Pasajero (IdPasajero, CodigoPasajero, Nombre, Apellido, Telefono)
VALUES (319, 'vwGY9e0y', 'Daphne', 'Toohey', '481-662-3984');
INSERT INTO Pasajero (IdPasajero, CodigoPasajero, Nombre, Apellido, Telefono)
VALUES (320, '1kTqTlxB9bM', 'Jesselyn', 'Medina', '142-564-5306');
INSERT INTO Pasajero (IdPasajero, CodigoPasajero, Nombre, Apellido, Telefono)
VALUES (321, 'S8RdTPErT', 'Luce', 'Ielden', '958-863-7679');
INSERT INTO Pasajero (IdPasajero, CodigoPasajero, Nombre, Apellido, Telefono)
VALUES (322, 'Rudcgd0L', 'Clemmie', 'Dottrell', '274-365-3911');
INSERT INTO Pasajero (IdPasajero, CodigoPasajero, Nombre, Apellido, Telefono)
VALUES (323, 'DYihDFJaQ', 'Kelcy', 'Brentnall', '340-751-5785');
INSERT INTO Pasajero (IdPasajero, CodigoPasajero, Nombre, Apellido, Telefono)
VALUES (324, 'Fcrxtwt', 'Joey', 'Croce', '560-190-4477');
INSERT INTO Pasajero (IdPasajero, CodigoPasajero, Nombre, Apellido, Telefono)
VALUES (325, 'uKCJn9kSvQ', 'Rania', 'Sharper', '218-603-1162');
INSERT INTO Pasajero (IdPasajero, CodigoPasajero, Nombre, Apellido, Telefono)
VALUES (326, 'uCFzrk4UlW', 'Illa', 'Glasbey', '261-376-2728');
INSERT INTO Pasajero (IdPasajero, CodigoPasajero, Nombre, Apellido, Telefono)
VALUES (327, '8SYsUkJ', 'Bar', 'Gerson', '187-272-8555');
INSERT INTO Pasajero (IdPasajero, CodigoPasajero, Nombre, Apellido, Telefono)
VALUES (328, '6SdZaSPKeQ', 'Lilias', 'Browse', '460-531-7865');
INSERT INTO Pasajero (IdPasajero, CodigoPasajero, Nombre, Apellido, Telefono)
VALUES (329, 'kgnFoYA', 'Hamnet', 'Labdon', '820-670-6530');
INSERT INTO Pasajero (IdPasajero, CodigoPasajero, Nombre, Apellido, Telefono)
VALUES (330, 'QA1id4a', 'Tobit', 'Blaxland', '922-646-1373');
INSERT INTO Pasajero (IdPasajero, CodigoPasajero, Nombre, Apellido, Telefono)
VALUES (331, '5LwVK3', 'Graham', 'Billitteri', '556-477-7527');
INSERT INTO Pasajero (IdPasajero, CodigoPasajero, Nombre, Apellido, Telefono)
VALUES (332, 'IKmRaNbqVl', 'Annora', 'Simenel', '433-613-8408');
INSERT INTO Pasajero (IdPasajero, CodigoPasajero, Nombre, Apellido, Telefono)
VALUES (333, 't7tlykx0Ym', 'Nikkie', 'Bagot', '198-685-7463');
INSERT INTO Pasajero (IdPasajero, CodigoPasajero, Nombre, Apellido, Telefono)
VALUES (334, 'bFken0TZ', 'Celeste', 'Darrigoe', '509-350-3147');
INSERT INTO Pasajero (IdPasajero, CodigoPasajero, Nombre, Apellido, Telefono)
VALUES (335, 'rR0083uVn', 'Lexi', 'Domenc', '353-550-9659');
INSERT INTO Pasajero (IdPasajero, CodigoPasajero, Nombre, Apellido, Telefono)
VALUES (336, 'JVqNYIZ', 'Ad', 'Petti', '131-183-6864');
INSERT INTO Pasajero (IdPasajero, CodigoPasajero, Nombre, Apellido, Telefono)
VALUES (337, '2br7PC8ck', 'Stanly', 'Keave', '768-229-0676');
INSERT INTO Pasajero (IdPasajero, CodigoPasajero, Nombre, Apellido, Telefono)
VALUES (338, 'BfHT7Liwx', 'Zola', 'Stuckes', '164-420-4380');
INSERT INTO Pasajero (IdPasajero, CodigoPasajero, Nombre, Apellido, Telefono)
VALUES (339, 'A4i3RlQhXg', 'Vivien', 'Serris', '492-453-1407');
INSERT INTO Pasajero (IdPasajero, CodigoPasajero, Nombre, Apellido, Telefono)
VALUES (340, 'nyR5rhH7', 'Kayley', 'Fritschmann', '474-324-4180');
INSERT INTO Pasajero (IdPasajero, CodigoPasajero, Nombre, Apellido, Telefono)
VALUES (341, 'hSv8WA021', 'Mary', 'Baughn', '529-661-3529');
INSERT INTO Pasajero (IdPasajero, CodigoPasajero, Nombre, Apellido, Telefono)
VALUES (342, 'cEL0Fwee', 'Weider', 'Northcliffe', '991-191-0063');
INSERT INTO Pasajero (IdPasajero, CodigoPasajero, Nombre, Apellido, Telefono)
VALUES (343, 'RtOf7a', 'Wynn', 'Vacher', '510-323-6659');
INSERT INTO Pasajero (IdPasajero, CodigoPasajero, Nombre, Apellido, Telefono)
VALUES (344, 'f47WIVEPj', 'Bari', 'Alans', '320-325-5987');
INSERT INTO Pasajero (IdPasajero, CodigoPasajero, Nombre, Apellido, Telefono)
VALUES (345, 'otqzltC4wX7K', 'Clea', 'Catcherside', '311-368-2611');
INSERT INTO Pasajero (IdPasajero, CodigoPasajero, Nombre, Apellido, Telefono)
VALUES (346, 'WBcqxVMv', 'Mickey', 'Drogan', '763-395-5923');
INSERT INTO Pasajero (IdPasajero, CodigoPasajero, Nombre, Apellido, Telefono)
VALUES (347, '91SqI40aqUXy', 'Elliott', 'McPhilip', '898-146-9113');
INSERT INTO Pasajero (IdPasajero, CodigoPasajero, Nombre, Apellido, Telefono)
VALUES (348, '9pdRGT8', 'Lynsey', 'McKibbin', '914-811-7160');
INSERT INTO Pasajero (IdPasajero, CodigoPasajero, Nombre, Apellido, Telefono)
VALUES (349, 'Bt37u8SiNU', 'Frederich', 'Graine', '722-873-7353');
INSERT INTO Pasajero (IdPasajero, CodigoPasajero, Nombre, Apellido, Telefono)
VALUES (350, 'PzArrrHCJCv', 'Emelita', 'Dysert', '350-248-7485');
INSERT INTO Pasajero (IdPasajero, CodigoPasajero, Nombre, Apellido, Telefono)
VALUES (351, 'nJfM7t9h', 'Godiva', 'Hartropp', '631-946-5552');
INSERT INTO Pasajero (IdPasajero, CodigoPasajero, Nombre, Apellido, Telefono)
VALUES (352, 'QAd2lrd', 'Aimee', 'Scarce', '455-671-0213');
INSERT INTO Pasajero (IdPasajero, CodigoPasajero, Nombre, Apellido, Telefono)
VALUES (353, 'en0tfh', 'Hailey', 'Worland', '704-964-6848');
INSERT INTO Pasajero (IdPasajero, CodigoPasajero, Nombre, Apellido, Telefono)
VALUES (354, 'ZRiWYcP3YemI', 'Web', 'Deavin', '828-587-4185');
INSERT INTO Pasajero (IdPasajero, CodigoPasajero, Nombre, Apellido, Telefono)
VALUES (355, '9232SWnzBrQJ', 'Lorilee', 'Crease', '869-384-8103');
INSERT INTO Pasajero (IdPasajero, CodigoPasajero, Nombre, Apellido, Telefono)
VALUES (356, '2R3k2aAZZ', 'Delora', 'McCoy', '357-352-9236');
INSERT INTO Pasajero (IdPasajero, CodigoPasajero, Nombre, Apellido, Telefono)
VALUES (357, 'uC6UZVb', 'Kennan', 'Louis', '289-738-8697');
INSERT INTO Pasajero (IdPasajero, CodigoPasajero, Nombre, Apellido, Telefono)
VALUES (358, '9tauQ8', 'Mahala', 'Acory', '967-997-8628');
INSERT INTO Pasajero (IdPasajero, CodigoPasajero, Nombre, Apellido, Telefono)
VALUES (359, 'kutn8B3RiE', 'Derrek', 'Andretti', '403-602-5803');
INSERT INTO Pasajero (IdPasajero, CodigoPasajero, Nombre, Apellido, Telefono)
VALUES (360, 'IIMMmOYUb', 'Blair', 'Slateford', '523-174-7516');
INSERT INTO Pasajero (IdPasajero, CodigoPasajero, Nombre, Apellido, Telefono)
VALUES (361, 'GSqTZ9', 'Linea', 'Dafforne', '379-931-2213');
INSERT INTO Pasajero (IdPasajero, CodigoPasajero, Nombre, Apellido, Telefono)
VALUES (362, 'vqThsh94Puw', 'Wenonah', 'McTrustam', '596-209-4257');
INSERT INTO Pasajero (IdPasajero, CodigoPasajero, Nombre, Apellido, Telefono)
VALUES (363, 'M5DKXEdlU', 'Hally', 'Bartkiewicz', '857-225-6331');
INSERT INTO Pasajero (IdPasajero, CodigoPasajero, Nombre, Apellido, Telefono)
VALUES (364, 'Vqfe6p', 'Barbaraanne', 'Guido', '861-242-1784');
INSERT INTO Pasajero (IdPasajero, CodigoPasajero, Nombre, Apellido, Telefono)
VALUES (365, 'q2MsKj', 'Latrina', 'Munkley', '495-905-6555');
INSERT INTO Pasajero (IdPasajero, CodigoPasajero, Nombre, Apellido, Telefono)
VALUES (366, 'TND8ulJe5Fx', 'Dorey', 'Gibbett', '949-651-9005');
INSERT INTO Pasajero (IdPasajero, CodigoPasajero, Nombre, Apellido, Telefono)
VALUES (367, 'CpesoHQm', 'Elizabet', 'Wollard', '608-771-7025');
INSERT INTO Pasajero (IdPasajero, CodigoPasajero, Nombre, Apellido, Telefono)
VALUES (368, 'TXJV3ZK9S', 'Jacobo', 'Cutmare', '961-787-6821');
INSERT INTO Pasajero (IdPasajero, CodigoPasajero, Nombre, Apellido, Telefono)
VALUES (369, 'IpZiYvmZlZR', 'Nonie', 'Olenichev', '617-449-3734');
INSERT INTO Pasajero (IdPasajero, CodigoPasajero, Nombre, Apellido, Telefono)
VALUES (370, 'DtxAAn', 'Lon', 'Blinde', '495-943-5528');
INSERT INTO Pasajero (IdPasajero, CodigoPasajero, Nombre, Apellido, Telefono)
VALUES (371, '8x3K94wIZOlf', 'Sheelagh', 'Cremen', '767-602-2196');
INSERT INTO Pasajero (IdPasajero, CodigoPasajero, Nombre, Apellido, Telefono)
VALUES (372, 'HWnLH3', 'Lauralee', 'Cabell', '191-515-2583');
INSERT INTO Pasajero (IdPasajero, CodigoPasajero, Nombre, Apellido, Telefono)
VALUES (373, '4vU33BPWeUvm', 'Talyah', 'Jakovijevic', '537-435-0742');
INSERT INTO Pasajero (IdPasajero, CodigoPasajero, Nombre, Apellido, Telefono)
VALUES (374, '99otqhC7nV8l', 'Hillyer', 'Spurryer', '543-173-8696');
INSERT INTO Pasajero (IdPasajero, CodigoPasajero, Nombre, Apellido, Telefono)
VALUES (375, 'sthAax', 'Emlynne', 'Peiser', '327-778-1819');
INSERT INTO Pasajero (IdPasajero, CodigoPasajero, Nombre, Apellido, Telefono)
VALUES (376, 'yNwxlVo', 'Pietro', 'Ferrulli', '401-561-7692');
INSERT INTO Pasajero (IdPasajero, CodigoPasajero, Nombre, Apellido, Telefono)
VALUES (377, 'tofs2G5EzvSu', 'Karena', 'Nilges', '543-794-0638');
INSERT INTO Pasajero (IdPasajero, CodigoPasajero, Nombre, Apellido, Telefono)
VALUES (378, 'evV21g', 'Lydia', 'Droogan', '831-294-8238');
INSERT INTO Pasajero (IdPasajero, CodigoPasajero, Nombre, Apellido, Telefono)
VALUES (379, 'yQDYs1oNe', 'Joey', 'Chisolm', '628-365-4613');
INSERT INTO Pasajero (IdPasajero, CodigoPasajero, Nombre, Apellido, Telefono)
VALUES (380, 'nJZz6JGDX', 'Maegan', 'Hockell', '873-709-0472');
INSERT INTO Pasajero (IdPasajero, CodigoPasajero, Nombre, Apellido, Telefono)
VALUES (381, 'hBomNj', 'Nataline', 'Orpyne', '164-324-7356');
INSERT INTO Pasajero (IdPasajero, CodigoPasajero, Nombre, Apellido, Telefono)
VALUES (382, 'B0RIBMEEOOLT', 'Bary', 'Philips', '851-552-2791');
INSERT INTO Pasajero (IdPasajero, CodigoPasajero, Nombre, Apellido, Telefono)
VALUES (383, 'Vh3olluq4A6O', 'Wang', 'Filde', '435-685-8068');
INSERT INTO Pasajero (IdPasajero, CodigoPasajero, Nombre, Apellido, Telefono)
VALUES (384, 'K80kxte8MHg', 'Mady', 'Penddreth', '456-670-7858');
INSERT INTO Pasajero (IdPasajero, CodigoPasajero, Nombre, Apellido, Telefono)
VALUES (385, 'a7OH4Se', 'Care', 'Broggio', '143-492-9345');
INSERT INTO Pasajero (IdPasajero, CodigoPasajero, Nombre, Apellido, Telefono)
VALUES (386, '7l0eiqZFxn', 'Irena', 'Amesbury', '247-277-8822');
INSERT INTO Pasajero (IdPasajero, CodigoPasajero, Nombre, Apellido, Telefono)
VALUES (387, 'NS4Qm1', 'Fletch', 'Skingle', '428-463-9292');
INSERT INTO Pasajero (IdPasajero, CodigoPasajero, Nombre, Apellido, Telefono)
VALUES (388, 'G8PI8lJ', 'Brandais', 'Mc Trusty', '851-814-7466');
INSERT INTO Pasajero (IdPasajero, CodigoPasajero, Nombre, Apellido, Telefono)
VALUES (389, 'M0mH8en5L', 'Blanche', 'Goare', '977-864-3111');
INSERT INTO Pasajero (IdPasajero, CodigoPasajero, Nombre, Apellido, Telefono)
VALUES (390, 'sV553Hb', 'Arley', 'Yeoland', '984-430-7114');
INSERT INTO Pasajero (IdPasajero, CodigoPasajero, Nombre, Apellido, Telefono)
VALUES (391, 'WJ0W5yFWdq3F', 'Rosalinda', 'Karpman', '719-263-6252');
INSERT INTO Pasajero (IdPasajero, CodigoPasajero, Nombre, Apellido, Telefono)
VALUES (392, 'p5Ri3lb', 'Lilias', 'Wodham', '960-175-6040');
INSERT INTO Pasajero (IdPasajero, CodigoPasajero, Nombre, Apellido, Telefono)
VALUES (393, '2JwXvjLtmOIS', 'Farrah', 'Munslow', '190-900-6917');
INSERT INTO Pasajero (IdPasajero, CodigoPasajero, Nombre, Apellido, Telefono)
VALUES (394, 'J7zqIR', 'Nevins', 'Morley', '982-722-4878');
INSERT INTO Pasajero (IdPasajero, CodigoPasajero, Nombre, Apellido, Telefono)
VALUES (395, 'pLCS9P', 'Silva', 'Netherwood', '379-270-3650');
INSERT INTO Pasajero (IdPasajero, CodigoPasajero, Nombre, Apellido, Telefono)
VALUES (396, 'z56qdO5q', 'Tedie', 'Cattenach', '830-309-6745');
INSERT INTO Pasajero (IdPasajero, CodigoPasajero, Nombre, Apellido, Telefono)
VALUES (397, '18r9eFSukf3', 'Conroy', 'Abbison', '829-601-0564');
INSERT INTO Pasajero (IdPasajero, CodigoPasajero, Nombre, Apellido, Telefono)
VALUES (398, 'v5y1x8uKbr', 'Scarface', 'Cardus', '793-670-4044');
INSERT INTO Pasajero (IdPasajero, CodigoPasajero, Nombre, Apellido, Telefono)
VALUES (399, 'MBo430', 'Nina', 'Rubin', '957-673-8998');
INSERT INTO Pasajero (IdPasajero, CodigoPasajero, Nombre, Apellido, Telefono)
VALUES (400, 'FasyXhoaSBF', 'Barnie', 'Tunno', '625-717-2975');
INSERT INTO Pasajero (IdPasajero, CodigoPasajero, Nombre, Apellido, Telefono)
VALUES (401, 'HW1v1S6D', 'Sim', 'Hamsson', '284-676-7464');
INSERT INTO Pasajero (IdPasajero, CodigoPasajero, Nombre, Apellido, Telefono)
VALUES (402, 'DtP4J8VVXQn', 'Otes', 'Cato', '321-875-2711');
INSERT INTO Pasajero (IdPasajero, CodigoPasajero, Nombre, Apellido, Telefono)
VALUES (403, 'oqB3V0QtOI', 'Hyacintha', 'Tuck', '893-738-9105');
INSERT INTO Pasajero (IdPasajero, CodigoPasajero, Nombre, Apellido, Telefono)
VALUES (404, 'rLE6nno6KB', 'Harwilll', 'Ruffle', '646-782-5478');
INSERT INTO Pasajero (IdPasajero, CodigoPasajero, Nombre, Apellido, Telefono)
VALUES (405, 'zGv3hMI1', 'Otha', 'Bradburn', '665-833-2715');
INSERT INTO Pasajero (IdPasajero, CodigoPasajero, Nombre, Apellido, Telefono)
VALUES (406, '2Q2lKDg', 'Cloe', 'Bernuzzi', '292-209-3667');
INSERT INTO Pasajero (IdPasajero, CodigoPasajero, Nombre, Apellido, Telefono)
VALUES (407, 'jKq0ETS', 'Cissy', 'Castelletto', '352-423-1974');
INSERT INTO Pasajero (IdPasajero, CodigoPasajero, Nombre, Apellido, Telefono)
VALUES (408, 'ZPZPtRW', 'Raynard', 'Hought', '607-206-9722');
INSERT INTO Pasajero (IdPasajero, CodigoPasajero, Nombre, Apellido, Telefono)
VALUES (409, 'Lops5dPfjl8Z', 'Dalton', 'Payn', '310-329-0075');
INSERT INTO Pasajero (IdPasajero, CodigoPasajero, Nombre, Apellido, Telefono)
VALUES (410, 'GWQCSW', 'Toinette', 'McGraith', '580-220-0161');
INSERT INTO Pasajero (IdPasajero, CodigoPasajero, Nombre, Apellido, Telefono)
VALUES (411, 'tRuxpbZqV5N', 'Sunny', 'Safhill', '790-225-8472');
INSERT INTO Pasajero (IdPasajero, CodigoPasajero, Nombre, Apellido, Telefono)
VALUES (412, 'o1r5a2h', 'Blondy', 'Presdie', '254-952-3180');
INSERT INTO Pasajero (IdPasajero, CodigoPasajero, Nombre, Apellido, Telefono)
VALUES (413, '3H4FIBX', 'Johannah', 'Cornock', '197-917-0812');
INSERT INTO Pasajero (IdPasajero, CodigoPasajero, Nombre, Apellido, Telefono)
VALUES (414, 'VpUUbqW', 'Ronda', 'Brandoni', '936-791-0246');
INSERT INTO Pasajero (IdPasajero, CodigoPasajero, Nombre, Apellido, Telefono)
VALUES (415, 'PzcQtLF3Ef', 'Alameda', 'Bullock', '914-182-8009');
INSERT INTO Pasajero (IdPasajero, CodigoPasajero, Nombre, Apellido, Telefono)
VALUES (416, 'n9GOsfMtmzPk', 'Antoine', 'Ortsmann', '223-670-8313');
INSERT INTO Pasajero (IdPasajero, CodigoPasajero, Nombre, Apellido, Telefono)
VALUES (417, 'YFtGg1BE', 'Gerhardine', 'Baford', '534-274-7255');
INSERT INTO Pasajero (IdPasajero, CodigoPasajero, Nombre, Apellido, Telefono)
VALUES (418, 'gpgkpgatcMN', 'Hagan', 'Brim', '820-914-6843');
INSERT INTO Pasajero (IdPasajero, CodigoPasajero, Nombre, Apellido, Telefono)
VALUES (419, 'nVeDZBpuY', 'Jeffry', 'Asquez', '295-958-3147');
INSERT INTO Pasajero (IdPasajero, CodigoPasajero, Nombre, Apellido, Telefono)
VALUES (420, 'Ixge68EM3oN9', 'Gabriello', 'Danielkiewicz', '258-957-5549');
INSERT INTO Pasajero (IdPasajero, CodigoPasajero, Nombre, Apellido, Telefono)
VALUES (421, 'AnwUGQ', 'Thorny', 'Inott', '877-855-4999');
INSERT INTO Pasajero (IdPasajero, CodigoPasajero, Nombre, Apellido, Telefono)
VALUES (422, '6heMfdO', 'Udale', 'Wales', '985-581-7256');
INSERT INTO Pasajero (IdPasajero, CodigoPasajero, Nombre, Apellido, Telefono)
VALUES (423, 'BbxmqD9DM', 'Tabitha', 'Gunthorp', '958-342-3531');
INSERT INTO Pasajero (IdPasajero, CodigoPasajero, Nombre, Apellido, Telefono)
VALUES (424, 'aVfaMdyg', 'Brion', 'Edwin', '859-205-9865');
INSERT INTO Pasajero (IdPasajero, CodigoPasajero, Nombre, Apellido, Telefono)
VALUES (425, 'xgMxKYH', 'Peterus', 'Novis', '352-640-8971');
INSERT INTO Pasajero (IdPasajero, CodigoPasajero, Nombre, Apellido, Telefono)
VALUES (426, 'BDYlkgP305', 'Ly', 'Goult', '892-637-8089');
INSERT INTO Pasajero (IdPasajero, CodigoPasajero, Nombre, Apellido, Telefono)
VALUES (427, 'vVEtd09', 'Barth', 'Spensly', '324-626-8917');
INSERT INTO Pasajero (IdPasajero, CodigoPasajero, Nombre, Apellido, Telefono)
VALUES (428, 'nhHeO0jY', 'Ailey', 'Pero', '439-445-6278');
INSERT INTO Pasajero (IdPasajero, CodigoPasajero, Nombre, Apellido, Telefono)
VALUES (429, '7VnAUJt5xx', 'Reube', 'Lethardy', '616-434-2817');
INSERT INTO Pasajero (IdPasajero, CodigoPasajero, Nombre, Apellido, Telefono)
VALUES (430, '3S9Wyv', 'Balduin', 'Waind', '263-958-7673');
INSERT INTO Pasajero (IdPasajero, CodigoPasajero, Nombre, Apellido, Telefono)
VALUES (431, 'O1m1jBps', 'Sibyl', 'Mertel', '912-448-4002');
INSERT INTO Pasajero (IdPasajero, CodigoPasajero, Nombre, Apellido, Telefono)
VALUES (432, '2ZEHIqCd6', 'Karylin', 'McVicar', '307-485-0943');
INSERT INTO Pasajero (IdPasajero, CodigoPasajero, Nombre, Apellido, Telefono)
VALUES (433, 'IURMwaTSCmis', 'Jeannette', 'O'' Mullane', '432-538-8856');
INSERT INTO Pasajero (IdPasajero, CodigoPasajero, Nombre, Apellido, Telefono)
VALUES (434, 'ZrHJgUwM', 'Gustavus', 'Shirt', '650-744-7135');
INSERT INTO Pasajero (IdPasajero, CodigoPasajero, Nombre, Apellido, Telefono)
VALUES (435, 'jtM4Q5J1sy', 'Sharlene', 'Gallelli', '654-915-8301');
INSERT INTO Pasajero (IdPasajero, CodigoPasajero, Nombre, Apellido, Telefono)
VALUES (436, 'Hya0nJDU', 'Kellyann', 'Martyntsev', '724-813-0511');
INSERT INTO Pasajero (IdPasajero, CodigoPasajero, Nombre, Apellido, Telefono)
VALUES (437, '3XJywPUJ', 'Durward', 'Fairbrother', '559-621-6842');
INSERT INTO Pasajero (IdPasajero, CodigoPasajero, Nombre, Apellido, Telefono)
VALUES (438, 'z9oh5dBrqt', 'Sibel', 'Delos', '734-771-6414');
INSERT INTO Pasajero (IdPasajero, CodigoPasajero, Nombre, Apellido, Telefono)
VALUES (439, 'xGbPgbGnSXFs', 'Cristine', 'Mallabar', '267-926-1484');
INSERT INTO Pasajero (IdPasajero, CodigoPasajero, Nombre, Apellido, Telefono)
VALUES (440, 'Q9SUUie6g', 'Herbert', 'Alban', '546-344-5034');
INSERT INTO Pasajero (IdPasajero, CodigoPasajero, Nombre, Apellido, Telefono)
VALUES (441, 'mzjG4zQaXxkl', 'Micky', 'Beagen', '540-727-9220');
INSERT INTO Pasajero (IdPasajero, CodigoPasajero, Nombre, Apellido, Telefono)
VALUES (442, 'Z2J94oqv1i', 'Ellyn', 'Jeaneau', '653-959-4703');
INSERT INTO Pasajero (IdPasajero, CodigoPasajero, Nombre, Apellido, Telefono)
VALUES (443, 'SfhRPo2wcC', 'Noby', 'Barnish', '368-715-9594');
INSERT INTO Pasajero (IdPasajero, CodigoPasajero, Nombre, Apellido, Telefono)
VALUES (444, 'Zg5ujAQAgFN', 'Cassie', 'Tongue', '144-585-7434');
INSERT INTO Pasajero (IdPasajero, CodigoPasajero, Nombre, Apellido, Telefono)
VALUES (445, 'zCt5DuZoHv', 'Gayle', 'Clamp', '646-274-6335');
INSERT INTO Pasajero (IdPasajero, CodigoPasajero, Nombre, Apellido, Telefono)
VALUES (446, 'kh3MUFEE', 'Marlon', 'Hatfield', '392-912-3882');
INSERT INTO Pasajero (IdPasajero, CodigoPasajero, Nombre, Apellido, Telefono)
VALUES (447, 'zLFGODgKvCa', 'Adair', 'Biesinger', '789-719-3552');
INSERT INTO Pasajero (IdPasajero, CodigoPasajero, Nombre, Apellido, Telefono)
VALUES (448, 'kjUIuWEF', 'Tedie', 'Danels', '118-738-3862');
INSERT INTO Pasajero (IdPasajero, CodigoPasajero, Nombre, Apellido, Telefono)
VALUES (449, '2GSLUymW8', 'Tabbie', 'Livingston', '868-540-1453');
INSERT INTO Pasajero (IdPasajero, CodigoPasajero, Nombre, Apellido, Telefono)
VALUES (450, 'OjVcepQ4pq', 'Swen', 'Zavattiero', '736-181-2705');
INSERT INTO Pasajero (IdPasajero, CodigoPasajero, Nombre, Apellido, Telefono)
VALUES (451, 'dXXjbMN6H', 'Geordie', 'Walters', '745-860-4354');
INSERT INTO Pasajero (IdPasajero, CodigoPasajero, Nombre, Apellido, Telefono)
VALUES (452, 'pOzmsijFX', 'Marlene', 'Chasmer', '567-247-9989');
INSERT INTO Pasajero (IdPasajero, CodigoPasajero, Nombre, Apellido, Telefono)
VALUES (453, 'kL9qBarD', 'Eveleen', 'Farre', '895-485-7721');
INSERT INTO Pasajero (IdPasajero, CodigoPasajero, Nombre, Apellido, Telefono)
VALUES (454, 'AUXIRwEG', 'Christoph', 'De Atta', '146-691-6284');
INSERT INTO Pasajero (IdPasajero, CodigoPasajero, Nombre, Apellido, Telefono)
VALUES (455, 'zeK0vJCEtqSs', 'Blanca', 'Ridwood', '410-250-9344');
INSERT INTO Pasajero (IdPasajero, CodigoPasajero, Nombre, Apellido, Telefono)
VALUES (456, 'w308fQ', 'Marne', 'Backwell', '197-809-8357');
INSERT INTO Pasajero (IdPasajero, CodigoPasajero, Nombre, Apellido, Telefono)
VALUES (457, 'SVCpJz', 'Bridie', 'Langdridge', '268-495-8269');
INSERT INTO Pasajero (IdPasajero, CodigoPasajero, Nombre, Apellido, Telefono)
VALUES (458, 'Pm6yXIk5mO', 'Larissa', 'Ovendon', '344-972-1319');
INSERT INTO Pasajero (IdPasajero, CodigoPasajero, Nombre, Apellido, Telefono)
VALUES (459, 'UwhaVT2OKV', 'Neda', 'Calbreath', '401-408-1766');
INSERT INTO Pasajero (IdPasajero, CodigoPasajero, Nombre, Apellido, Telefono)
VALUES (460, 'huDDfRdiF', 'Zonnya', 'Van Dijk', '902-657-5422');
INSERT INTO Pasajero (IdPasajero, CodigoPasajero, Nombre, Apellido, Telefono)
VALUES (461, 'NVc6e8Ja', 'Lanny', 'Hakking', '845-357-5933');
INSERT INTO Pasajero (IdPasajero, CodigoPasajero, Nombre, Apellido, Telefono)
VALUES (462, 'MYNFDCgZO', 'Leeann', 'Laurenceau', '684-104-4291');
INSERT INTO Pasajero (IdPasajero, CodigoPasajero, Nombre, Apellido, Telefono)
VALUES (463, 'GPqLEQjy4', 'Emilio', 'Basey', '176-869-5800');
INSERT INTO Pasajero (IdPasajero, CodigoPasajero, Nombre, Apellido, Telefono)
VALUES (464, 'DcjCZXS', 'Mady', 'Rocco', '692-153-1576');
INSERT INTO Pasajero (IdPasajero, CodigoPasajero, Nombre, Apellido, Telefono)
VALUES (465, 'Qctz3z', 'Cicily', 'Brompton', '928-658-1599');
INSERT INTO Pasajero (IdPasajero, CodigoPasajero, Nombre, Apellido, Telefono)
VALUES (466, 'zPtTm7fu', 'Katuscha', 'Pinor', '293-821-9992');
INSERT INTO Pasajero (IdPasajero, CodigoPasajero, Nombre, Apellido, Telefono)
VALUES (467, 'ckj95rJS', 'See', 'MacGorley', '214-284-1894');
INSERT INTO Pasajero (IdPasajero, CodigoPasajero, Nombre, Apellido, Telefono)
VALUES (468, 'ij5ZiCgqu5', 'Derril', 'Closs', '937-645-0765');
INSERT INTO Pasajero (IdPasajero, CodigoPasajero, Nombre, Apellido, Telefono)
VALUES (469, 'W24wxS', 'Wilhelmine', 'August', '279-194-5432');
INSERT INTO Pasajero (IdPasajero, CodigoPasajero, Nombre, Apellido, Telefono)
VALUES (470, 'Uuzgua10lFU', 'Bette', 'Klimpke', '563-331-6156');
INSERT INTO Pasajero (IdPasajero, CodigoPasajero, Nombre, Apellido, Telefono)
VALUES (471, '67wfwg', 'Ario', 'Pawellek', '144-545-1204');
INSERT INTO Pasajero (IdPasajero, CodigoPasajero, Nombre, Apellido, Telefono)
VALUES (472, 'rs4aFvpgQT8', 'Lalo', 'Mayberry', '949-559-1358');
INSERT INTO Pasajero (IdPasajero, CodigoPasajero, Nombre, Apellido, Telefono)
VALUES (473, 'pxitqKMYoA', 'Sheila-kathryn', 'Unwins', '323-998-9063');
INSERT INTO Pasajero (IdPasajero, CodigoPasajero, Nombre, Apellido, Telefono)
VALUES (474, 'EoSB0S', 'Fayette', 'Middler', '138-208-3958');
INSERT INTO Pasajero (IdPasajero, CodigoPasajero, Nombre, Apellido, Telefono)
VALUES (475, 'Ozk0IhdkV', 'Mady', 'Bonnyson', '317-798-9895');
INSERT INTO Pasajero (IdPasajero, CodigoPasajero, Nombre, Apellido, Telefono)
VALUES (476, 'N1IqCRPvhEd', 'Tybi', 'Ruegg', '532-589-4540');
INSERT INTO Pasajero (IdPasajero, CodigoPasajero, Nombre, Apellido, Telefono)
VALUES (477, 'StTOMmmQz', 'Courtney', 'Luttger', '688-761-2337');
INSERT INTO Pasajero (IdPasajero, CodigoPasajero, Nombre, Apellido, Telefono)
VALUES (478, 'DZijfn', 'Shina', 'Signoret', '654-324-1616');
INSERT INTO Pasajero (IdPasajero, CodigoPasajero, Nombre, Apellido, Telefono)
VALUES (479, 'Qgp62t4Tw5xo', 'Danie', 'Speeding', '503-610-5141');
INSERT INTO Pasajero (IdPasajero, CodigoPasajero, Nombre, Apellido, Telefono)
VALUES (480, 'IBU0BOGj0xoJ', 'Mackenzie', 'Finlan', '123-624-5518');
INSERT INTO Pasajero (IdPasajero, CodigoPasajero, Nombre, Apellido, Telefono)
VALUES (481, 'iFS91SgD', 'Sam', 'Hathaway', '209-522-4606');
INSERT INTO Pasajero (IdPasajero, CodigoPasajero, Nombre, Apellido, Telefono)
VALUES (482, 'ta5HG8Cu7s6C', 'Katharyn', 'Gallant', '487-833-4770');
INSERT INTO Pasajero (IdPasajero, CodigoPasajero, Nombre, Apellido, Telefono)
VALUES (483, 'S6Cp1r', 'Jeanna', 'Grishin', '646-374-9188');
INSERT INTO Pasajero (IdPasajero, CodigoPasajero, Nombre, Apellido, Telefono)
VALUES (484, 'OjpYa3ZoOYeo', 'Nerissa', 'Paszak', '255-296-4898');
INSERT INTO Pasajero (IdPasajero, CodigoPasajero, Nombre, Apellido, Telefono)
VALUES (485, '39Hwi9HC', 'Jobey', 'Starmer', '385-614-4762');
INSERT INTO Pasajero (IdPasajero, CodigoPasajero, Nombre, Apellido, Telefono)
VALUES (486, 'pnLbbF', 'Emmalyn', 'Skirvin', '250-432-0592');
INSERT INTO Pasajero (IdPasajero, CodigoPasajero, Nombre, Apellido, Telefono)
VALUES (487, 'FIj0ORCR', 'Benedetta', 'Meiklem', '254-575-1154');
INSERT INTO Pasajero (IdPasajero, CodigoPasajero, Nombre, Apellido, Telefono)
VALUES (488, 'd3Vo1E5A3WS', 'Jimmy', 'Breydin', '625-400-3706');
INSERT INTO Pasajero (IdPasajero, CodigoPasajero, Nombre, Apellido, Telefono)
VALUES (489, '7BxS7NgDjy', 'Chiarra', 'Valsler', '908-299-0575');
INSERT INTO Pasajero (IdPasajero, CodigoPasajero, Nombre, Apellido, Telefono)
VALUES (490, 'EDLYLcpnf2Fv', 'Hansiain', 'Baysting', '109-987-3974');
INSERT INTO Pasajero (IdPasajero, CodigoPasajero, Nombre, Apellido, Telefono)
VALUES (491, 'qGY4IiD5b', 'Stevena', 'Impett', '933-166-6464');
INSERT INTO Pasajero (IdPasajero, CodigoPasajero, Nombre, Apellido, Telefono)
VALUES (492, 'MXGI440wmJs', 'Bearnard', 'Munt', '129-802-4216');
INSERT INTO Pasajero (IdPasajero, CodigoPasajero, Nombre, Apellido, Telefono)
VALUES (493, 'BBeUnP0', 'Creight', 'Iacovino', '687-665-1170');
INSERT INTO Pasajero (IdPasajero, CodigoPasajero, Nombre, Apellido, Telefono)
VALUES (494, 'zpfSfCRgvWO', 'Sascha', 'Bottjer', '216-978-1635');
INSERT INTO Pasajero (IdPasajero, CodigoPasajero, Nombre, Apellido, Telefono)
VALUES (495, 'QBOQuqq2', 'Noble', 'Caslane', '336-539-2410');
INSERT INTO Pasajero (IdPasajero, CodigoPasajero, Nombre, Apellido, Telefono)
VALUES (496, 'EeQ0JTBf', 'Helena', 'Sibery', '210-647-7315');
INSERT INTO Pasajero (IdPasajero, CodigoPasajero, Nombre, Apellido, Telefono)
VALUES (497, 'RNOVszPq6weZ', 'Chrystal', 'Olenchikov', '145-918-9139');
INSERT INTO Pasajero (IdPasajero, CodigoPasajero, Nombre, Apellido, Telefono)
VALUES (498, 'jhEmYCDv', 'Pren', 'Hasel', '741-925-4358');
INSERT INTO Pasajero (IdPasajero, CodigoPasajero, Nombre, Apellido, Telefono)
VALUES (499, 'ayGKYTVeO', 'Cameron', 'Breinl', '545-559-5499');
INSERT INTO Pasajero (IdPasajero, CodigoPasajero, Nombre, Apellido, Telefono)
VALUES (500, 'Fs7kXOgPUn', 'Karie', 'Sommerton', '575-788-0125');

INSERT INTO Boleto (IdBoleto, NumeroAsiento, IdVuelo, IdPasajero)
VALUES (1, 16, 8, 1);
INSERT INTO Boleto (IdBoleto, NumeroAsiento, IdVuelo, IdPasajero)
VALUES (2, 43, 11, 2);
INSERT INTO Boleto (IdBoleto, NumeroAsiento, IdVuelo, IdPasajero)
VALUES (3, 135, 14, 3);
INSERT INTO Boleto (IdBoleto, NumeroAsiento, IdVuelo, IdPasajero)
VALUES (4, 31, 4, 4);
INSERT INTO Boleto (IdBoleto, NumeroAsiento, IdVuelo, IdPasajero)
VALUES (5, 2, 11, 5);
INSERT INTO Boleto (IdBoleto, NumeroAsiento, IdVuelo, IdPasajero)
VALUES (6, 196, 3, 6);
INSERT INTO Boleto (IdBoleto, NumeroAsiento, IdVuelo, IdPasajero)
VALUES (7, 332, 14, 7);
INSERT INTO Boleto (IdBoleto, NumeroAsiento, IdVuelo, IdPasajero)
VALUES (8, 31, 9, 8);
INSERT INTO Boleto (IdBoleto, NumeroAsiento, IdVuelo, IdPasajero)
VALUES (9, 32, 17, 9);
INSERT INTO Boleto (IdBoleto, NumeroAsiento, IdVuelo, IdPasajero)
VALUES (10, 121, 19, 10);
INSERT INTO Boleto (IdBoleto, NumeroAsiento, IdVuelo, IdPasajero)
VALUES (11, 39, 4, 11);
INSERT INTO Boleto (IdBoleto, NumeroAsiento, IdVuelo, IdPasajero)
VALUES (12, 199, 13, 12);
INSERT INTO Boleto (IdBoleto, NumeroAsiento, IdVuelo, IdPasajero)
VALUES (13, 39, 13, 13);
INSERT INTO Boleto (IdBoleto, NumeroAsiento, IdVuelo, IdPasajero)
VALUES (14, 169, 14, 14);
INSERT INTO Boleto (IdBoleto, NumeroAsiento, IdVuelo, IdPasajero)
VALUES (15, 5, 12, 15);
INSERT INTO Boleto (IdBoleto, NumeroAsiento, IdVuelo, IdPasajero)
VALUES (16, 239, 9, 16);
INSERT INTO Boleto (IdBoleto, NumeroAsiento, IdVuelo, IdPasajero)
VALUES (17, 19, 17, 17);
INSERT INTO Boleto (IdBoleto, NumeroAsiento, IdVuelo, IdPasajero)
VALUES (18, 165, 6, 18);
INSERT INTO Boleto (IdBoleto, NumeroAsiento, IdVuelo, IdPasajero)
VALUES (19, 169, 15, 19);
INSERT INTO Boleto (IdBoleto, NumeroAsiento, IdVuelo, IdPasajero)
VALUES (20, 89, 5, 20);
INSERT INTO Boleto (IdBoleto, NumeroAsiento, IdVuelo, IdPasajero)
VALUES (21, 57, 19, 21);
INSERT INTO Boleto (IdBoleto, NumeroAsiento, IdVuelo, IdPasajero)
VALUES (22, 332, 11, 22);
INSERT INTO Boleto (IdBoleto, NumeroAsiento, IdVuelo, IdPasajero)
VALUES (23, 213, 14, 23);
INSERT INTO Boleto (IdBoleto, NumeroAsiento, IdVuelo, IdPasajero)
VALUES (24, 86, 23, 24);
INSERT INTO Boleto (IdBoleto, NumeroAsiento, IdVuelo, IdPasajero)
VALUES (25, 134, 22, 25);
INSERT INTO Boleto (IdBoleto, NumeroAsiento, IdVuelo, IdPasajero)
VALUES (26, 221, 7, 26);
INSERT INTO Boleto (IdBoleto, NumeroAsiento, IdVuelo, IdPasajero)
VALUES (27, 202, 23, 27);
INSERT INTO Boleto (IdBoleto, NumeroAsiento, IdVuelo, IdPasajero)
VALUES (28, 334, 22, 28);
INSERT INTO Boleto (IdBoleto, NumeroAsiento, IdVuelo, IdPasajero)
VALUES (29, 289, 4, 29);
INSERT INTO Boleto (IdBoleto, NumeroAsiento, IdVuelo, IdPasajero)
VALUES (30, 177, 22, 30);
INSERT INTO Boleto (IdBoleto, NumeroAsiento, IdVuelo, IdPasajero)
VALUES (31, 258, 4, 31);
INSERT INTO Boleto (IdBoleto, NumeroAsiento, IdVuelo, IdPasajero)
VALUES (32, 248, 18, 32);
INSERT INTO Boleto (IdBoleto, NumeroAsiento, IdVuelo, IdPasajero)
VALUES (33, 20, 17, 33);
INSERT INTO Boleto (IdBoleto, NumeroAsiento, IdVuelo, IdPasajero)
VALUES (34, 319, 6, 34);
INSERT INTO Boleto (IdBoleto, NumeroAsiento, IdVuelo, IdPasajero)
VALUES (35, 320, 14, 35);
INSERT INTO Boleto (IdBoleto, NumeroAsiento, IdVuelo, IdPasajero)
VALUES (36, 36, 6, 36);
INSERT INTO Boleto (IdBoleto, NumeroAsiento, IdVuelo, IdPasajero)
VALUES (37, 341, 3, 37);
INSERT INTO Boleto (IdBoleto, NumeroAsiento, IdVuelo, IdPasajero)
VALUES (38, 292, 8, 38);
INSERT INTO Boleto (IdBoleto, NumeroAsiento, IdVuelo, IdPasajero)
VALUES (39, 89, 1, 39);
INSERT INTO Boleto (IdBoleto, NumeroAsiento, IdVuelo, IdPasajero)
VALUES (40, 329, 10, 40);
INSERT INTO Boleto (IdBoleto, NumeroAsiento, IdVuelo, IdPasajero)
VALUES (41, 311, 10, 41);
INSERT INTO Boleto (IdBoleto, NumeroAsiento, IdVuelo, IdPasajero)
VALUES (42, 142, 20, 42);
INSERT INTO Boleto (IdBoleto, NumeroAsiento, IdVuelo, IdPasajero)
VALUES (43, 20, 4, 43);
INSERT INTO Boleto (IdBoleto, NumeroAsiento, IdVuelo, IdPasajero)
VALUES (44, 85, 7, 44);
INSERT INTO Boleto (IdBoleto, NumeroAsiento, IdVuelo, IdPasajero)
VALUES (45, 24, 19, 45);
INSERT INTO Boleto (IdBoleto, NumeroAsiento, IdVuelo, IdPasajero)
VALUES (46, 9, 1, 46);
INSERT INTO Boleto (IdBoleto, NumeroAsiento, IdVuelo, IdPasajero)
VALUES (47, 261, 3, 47);
INSERT INTO Boleto (IdBoleto, NumeroAsiento, IdVuelo, IdPasajero)
VALUES (48, 333, 12, 48);
INSERT INTO Boleto (IdBoleto, NumeroAsiento, IdVuelo, IdPasajero)
VALUES (49, 170, 14, 49);
INSERT INTO Boleto (IdBoleto, NumeroAsiento, IdVuelo, IdPasajero)
VALUES (50, 51, 18, 50);
INSERT INTO Boleto (IdBoleto, NumeroAsiento, IdVuelo, IdPasajero)
VALUES (51, 303, 23, 51);
INSERT INTO Boleto (IdBoleto, NumeroAsiento, IdVuelo, IdPasajero)
VALUES (52, 277, 13, 52);
INSERT INTO Boleto (IdBoleto, NumeroAsiento, IdVuelo, IdPasajero)
VALUES (53, 117, 15, 53);
INSERT INTO Boleto (IdBoleto, NumeroAsiento, IdVuelo, IdPasajero)
VALUES (54, 179, 8, 54);
INSERT INTO Boleto (IdBoleto, NumeroAsiento, IdVuelo, IdPasajero)
VALUES (55, 342, 1, 55);
INSERT INTO Boleto (IdBoleto, NumeroAsiento, IdVuelo, IdPasajero)
VALUES (56, 343, 18, 56);
INSERT INTO Boleto (IdBoleto, NumeroAsiento, IdVuelo, IdPasajero)
VALUES (57, 274, 23, 57);
INSERT INTO Boleto (IdBoleto, NumeroAsiento, IdVuelo, IdPasajero)
VALUES (58, 171, 17, 58);
INSERT INTO Boleto (IdBoleto, NumeroAsiento, IdVuelo, IdPasajero)
VALUES (59, 321, 9, 59);
INSERT INTO Boleto (IdBoleto, NumeroAsiento, IdVuelo, IdPasajero)
VALUES (60, 290, 6, 60);
INSERT INTO Boleto (IdBoleto, NumeroAsiento, IdVuelo, IdPasajero)
VALUES (61, 173, 11, 61);
INSERT INTO Boleto (IdBoleto, NumeroAsiento, IdVuelo, IdPasajero)
VALUES (62, 46, 3, 62);
INSERT INTO Boleto (IdBoleto, NumeroAsiento, IdVuelo, IdPasajero)
VALUES (63, 236, 16, 63);
INSERT INTO Boleto (IdBoleto, NumeroAsiento, IdVuelo, IdPasajero)
VALUES (64, 309, 18, 64);
INSERT INTO Boleto (IdBoleto, NumeroAsiento, IdVuelo, IdPasajero)
VALUES (65, 224, 5, 65);
INSERT INTO Boleto (IdBoleto, NumeroAsiento, IdVuelo, IdPasajero)
VALUES (66, 73, 19, 66);
INSERT INTO Boleto (IdBoleto, NumeroAsiento, IdVuelo, IdPasajero)
VALUES (67, 219, 3, 67);
INSERT INTO Boleto (IdBoleto, NumeroAsiento, IdVuelo, IdPasajero)
VALUES (68, 69, 18, 68);
INSERT INTO Boleto (IdBoleto, NumeroAsiento, IdVuelo, IdPasajero)
VALUES (69, 211, 13, 69);
INSERT INTO Boleto (IdBoleto, NumeroAsiento, IdVuelo, IdPasajero)
VALUES (70, 225, 9, 70);
INSERT INTO Boleto (IdBoleto, NumeroAsiento, IdVuelo, IdPasajero)
VALUES (71, 209, 11, 71);
INSERT INTO Boleto (IdBoleto, NumeroAsiento, IdVuelo, IdPasajero)
VALUES (72, 41, 12, 72);
INSERT INTO Boleto (IdBoleto, NumeroAsiento, IdVuelo, IdPasajero)
VALUES (73, 123, 13, 73);
INSERT INTO Boleto (IdBoleto, NumeroAsiento, IdVuelo, IdPasajero)
VALUES (74, 269, 18, 74);
INSERT INTO Boleto (IdBoleto, NumeroAsiento, IdVuelo, IdPasajero)
VALUES (75, 189, 20, 75);
INSERT INTO Boleto (IdBoleto, NumeroAsiento, IdVuelo, IdPasajero)
VALUES (76, 55, 5, 76);
INSERT INTO Boleto (IdBoleto, NumeroAsiento, IdVuelo, IdPasajero)
VALUES (77, 294, 13, 77);
INSERT INTO Boleto (IdBoleto, NumeroAsiento, IdVuelo, IdPasajero)
VALUES (78, 34, 14, 78);
INSERT INTO Boleto (IdBoleto, NumeroAsiento, IdVuelo, IdPasajero)
VALUES (79, 100, 17, 79);
INSERT INTO Boleto (IdBoleto, NumeroAsiento, IdVuelo, IdPasajero)
VALUES (80, 81, 6, 80);
INSERT INTO Boleto (IdBoleto, NumeroAsiento, IdVuelo, IdPasajero)
VALUES (81, 198, 19, 81);
INSERT INTO Boleto (IdBoleto, NumeroAsiento, IdVuelo, IdPasajero)
VALUES (82, 84, 11, 82);
INSERT INTO Boleto (IdBoleto, NumeroAsiento, IdVuelo, IdPasajero)
VALUES (83, 255, 11, 83);
INSERT INTO Boleto (IdBoleto, NumeroAsiento, IdVuelo, IdPasajero)
VALUES (84, 81, 23, 84);
INSERT INTO Boleto (IdBoleto, NumeroAsiento, IdVuelo, IdPasajero)
VALUES (85, 221, 5, 85);
INSERT INTO Boleto (IdBoleto, NumeroAsiento, IdVuelo, IdPasajero)
VALUES (86, 201, 19, 86);
INSERT INTO Boleto (IdBoleto, NumeroAsiento, IdVuelo, IdPasajero)
VALUES (87, 163, 5, 87);
INSERT INTO Boleto (IdBoleto, NumeroAsiento, IdVuelo, IdPasajero)
VALUES (88, 4, 23, 88);
INSERT INTO Boleto (IdBoleto, NumeroAsiento, IdVuelo, IdPasajero)
VALUES (89, 100, 10, 89);
INSERT INTO Boleto (IdBoleto, NumeroAsiento, IdVuelo, IdPasajero)
VALUES (90, 71, 10, 90);
INSERT INTO Boleto (IdBoleto, NumeroAsiento, IdVuelo, IdPasajero)
VALUES (91, 2, 10, 91);
INSERT INTO Boleto (IdBoleto, NumeroAsiento, IdVuelo, IdPasajero)
VALUES (92, 45, 20, 92);
INSERT INTO Boleto (IdBoleto, NumeroAsiento, IdVuelo, IdPasajero)
VALUES (93, 117, 13, 93);
INSERT INTO Boleto (IdBoleto, NumeroAsiento, IdVuelo, IdPasajero)
VALUES (94, 333, 20, 94);
INSERT INTO Boleto (IdBoleto, NumeroAsiento, IdVuelo, IdPasajero)
VALUES (95, 142, 14, 95);
INSERT INTO Boleto (IdBoleto, NumeroAsiento, IdVuelo, IdPasajero)
VALUES (96, 56, 5, 96);
INSERT INTO Boleto (IdBoleto, NumeroAsiento, IdVuelo, IdPasajero)
VALUES (97, 273, 1, 97);
INSERT INTO Boleto (IdBoleto, NumeroAsiento, IdVuelo, IdPasajero)
VALUES (98, 195, 10, 98);
INSERT INTO Boleto (IdBoleto, NumeroAsiento, IdVuelo, IdPasajero)
VALUES (99, 339, 7, 99);
INSERT INTO Boleto (IdBoleto, NumeroAsiento, IdVuelo, IdPasajero)
VALUES (100, 112, 1, 100);
INSERT INTO Boleto (IdBoleto, NumeroAsiento, IdVuelo, IdPasajero)
VALUES (101, 241, 12, 101);
INSERT INTO Boleto (IdBoleto, NumeroAsiento, IdVuelo, IdPasajero)
VALUES (102, 340, 22, 102);
INSERT INTO Boleto (IdBoleto, NumeroAsiento, IdVuelo, IdPasajero)
VALUES (103, 202, 11, 103);
INSERT INTO Boleto (IdBoleto, NumeroAsiento, IdVuelo, IdPasajero)
VALUES (104, 2, 16, 104);
INSERT INTO Boleto (IdBoleto, NumeroAsiento, IdVuelo, IdPasajero)
VALUES (105, 336, 3, 105);
INSERT INTO Boleto (IdBoleto, NumeroAsiento, IdVuelo, IdPasajero)
VALUES (106, 205, 22, 106);
INSERT INTO Boleto (IdBoleto, NumeroAsiento, IdVuelo, IdPasajero)
VALUES (107, 293, 1, 107);
INSERT INTO Boleto (IdBoleto, NumeroAsiento, IdVuelo, IdPasajero)
VALUES (108, 316, 8, 108);
INSERT INTO Boleto (IdBoleto, NumeroAsiento, IdVuelo, IdPasajero)
VALUES (109, 267, 4, 109);
INSERT INTO Boleto (IdBoleto, NumeroAsiento, IdVuelo, IdPasajero)
VALUES (110, 206, 13, 110);
INSERT INTO Boleto (IdBoleto, NumeroAsiento, IdVuelo, IdPasajero)
VALUES (111, 344, 19, 111);
INSERT INTO Boleto (IdBoleto, NumeroAsiento, IdVuelo, IdPasajero)
VALUES (112, 50, 19, 112);
INSERT INTO Boleto (IdBoleto, NumeroAsiento, IdVuelo, IdPasajero)
VALUES (113, 124, 8, 113);
INSERT INTO Boleto (IdBoleto, NumeroAsiento, IdVuelo, IdPasajero)
VALUES (114, 312, 16, 114);
INSERT INTO Boleto (IdBoleto, NumeroAsiento, IdVuelo, IdPasajero)
VALUES (115, 101, 19, 115);
INSERT INTO Boleto (IdBoleto, NumeroAsiento, IdVuelo, IdPasajero)
VALUES (116, 87, 6, 116);
INSERT INTO Boleto (IdBoleto, NumeroAsiento, IdVuelo, IdPasajero)
VALUES (117, 249, 12, 117);
INSERT INTO Boleto (IdBoleto, NumeroAsiento, IdVuelo, IdPasajero)
VALUES (118, 129, 8, 118);
INSERT INTO Boleto (IdBoleto, NumeroAsiento, IdVuelo, IdPasajero)
VALUES (119, 342, 5, 119);
INSERT INTO Boleto (IdBoleto, NumeroAsiento, IdVuelo, IdPasajero)
VALUES (120, 275, 17, 120);
INSERT INTO Boleto (IdBoleto, NumeroAsiento, IdVuelo, IdPasajero)
VALUES (121, 246, 3, 121);
INSERT INTO Boleto (IdBoleto, NumeroAsiento, IdVuelo, IdPasajero)
VALUES (122, 49, 10, 122);
INSERT INTO Boleto (IdBoleto, NumeroAsiento, IdVuelo, IdPasajero)
VALUES (123, 231, 11, 123);
INSERT INTO Boleto (IdBoleto, NumeroAsiento, IdVuelo, IdPasajero)
VALUES (124, 206, 2, 124);
INSERT INTO Boleto (IdBoleto, NumeroAsiento, IdVuelo, IdPasajero)
VALUES (125, 262, 9, 125);
INSERT INTO Boleto (IdBoleto, NumeroAsiento, IdVuelo, IdPasajero)
VALUES (126, 242, 7, 126);
INSERT INTO Boleto (IdBoleto, NumeroAsiento, IdVuelo, IdPasajero)
VALUES (127, 9, 19, 127);
INSERT INTO Boleto (IdBoleto, NumeroAsiento, IdVuelo, IdPasajero)
VALUES (128, 205, 17, 128);
INSERT INTO Boleto (IdBoleto, NumeroAsiento, IdVuelo, IdPasajero)
VALUES (129, 276, 14, 129);
INSERT INTO Boleto (IdBoleto, NumeroAsiento, IdVuelo, IdPasajero)
VALUES (130, 104, 4, 130);
INSERT INTO Boleto (IdBoleto, NumeroAsiento, IdVuelo, IdPasajero)
VALUES (131, 19, 19, 131);
INSERT INTO Boleto (IdBoleto, NumeroAsiento, IdVuelo, IdPasajero)
VALUES (132, 118, 10, 132);
INSERT INTO Boleto (IdBoleto, NumeroAsiento, IdVuelo, IdPasajero)
VALUES (133, 338, 19, 133);
INSERT INTO Boleto (IdBoleto, NumeroAsiento, IdVuelo, IdPasajero)
VALUES (134, 288, 2, 134);
INSERT INTO Boleto (IdBoleto, NumeroAsiento, IdVuelo, IdPasajero)
VALUES (135, 318, 21, 135);
INSERT INTO Boleto (IdBoleto, NumeroAsiento, IdVuelo, IdPasajero)
VALUES (136, 117, 19, 136);
INSERT INTO Boleto (IdBoleto, NumeroAsiento, IdVuelo, IdPasajero)
VALUES (137, 231, 6, 137);
INSERT INTO Boleto (IdBoleto, NumeroAsiento, IdVuelo, IdPasajero)
VALUES (138, 221, 19, 138);
INSERT INTO Boleto (IdBoleto, NumeroAsiento, IdVuelo, IdPasajero)
VALUES (139, 283, 7, 139);
INSERT INTO Boleto (IdBoleto, NumeroAsiento, IdVuelo, IdPasajero)
VALUES (140, 114, 2, 140);
INSERT INTO Boleto (IdBoleto, NumeroAsiento, IdVuelo, IdPasajero)
VALUES (141, 142, 1, 141);
INSERT INTO Boleto (IdBoleto, NumeroAsiento, IdVuelo, IdPasajero)
VALUES (142, 10, 19, 142);
INSERT INTO Boleto (IdBoleto, NumeroAsiento, IdVuelo, IdPasajero)
VALUES (143, 230, 19, 143);
INSERT INTO Boleto (IdBoleto, NumeroAsiento, IdVuelo, IdPasajero)
VALUES (144, 42, 6, 144);
INSERT INTO Boleto (IdBoleto, NumeroAsiento, IdVuelo, IdPasajero)
VALUES (145, 56, 5, 145);
INSERT INTO Boleto (IdBoleto, NumeroAsiento, IdVuelo, IdPasajero)
VALUES (146, 238, 1, 146);
INSERT INTO Boleto (IdBoleto, NumeroAsiento, IdVuelo, IdPasajero)
VALUES (147, 278, 19, 147);
INSERT INTO Boleto (IdBoleto, NumeroAsiento, IdVuelo, IdPasajero)
VALUES (148, 2, 5, 148);
INSERT INTO Boleto (IdBoleto, NumeroAsiento, IdVuelo, IdPasajero)
VALUES (149, 265, 12, 149);
INSERT INTO Boleto (IdBoleto, NumeroAsiento, IdVuelo, IdPasajero)
VALUES (150, 56, 23, 150);
INSERT INTO Boleto (IdBoleto, NumeroAsiento, IdVuelo, IdPasajero)
VALUES (151, 49, 8, 151);
INSERT INTO Boleto (IdBoleto, NumeroAsiento, IdVuelo, IdPasajero)
VALUES (152, 197, 17, 152);
INSERT INTO Boleto (IdBoleto, NumeroAsiento, IdVuelo, IdPasajero)
VALUES (153, 260, 14, 153);
INSERT INTO Boleto (IdBoleto, NumeroAsiento, IdVuelo, IdPasajero)
VALUES (154, 19, 17, 154);
INSERT INTO Boleto (IdBoleto, NumeroAsiento, IdVuelo, IdPasajero)
VALUES (155, 185, 14, 155);
INSERT INTO Boleto (IdBoleto, NumeroAsiento, IdVuelo, IdPasajero)
VALUES (156, 209, 18, 156);
INSERT INTO Boleto (IdBoleto, NumeroAsiento, IdVuelo, IdPasajero)
VALUES (157, 171, 16, 157);
INSERT INTO Boleto (IdBoleto, NumeroAsiento, IdVuelo, IdPasajero)
VALUES (158, 43, 21, 158);
INSERT INTO Boleto (IdBoleto, NumeroAsiento, IdVuelo, IdPasajero)
VALUES (159, 125, 5, 159);
INSERT INTO Boleto (IdBoleto, NumeroAsiento, IdVuelo, IdPasajero)
VALUES (160, 34, 4, 160);
INSERT INTO Boleto (IdBoleto, NumeroAsiento, IdVuelo, IdPasajero)
VALUES (161, 282, 13, 161);
INSERT INTO Boleto (IdBoleto, NumeroAsiento, IdVuelo, IdPasajero)
VALUES (162, 214, 17, 162);
INSERT INTO Boleto (IdBoleto, NumeroAsiento, IdVuelo, IdPasajero)
VALUES (163, 204, 13, 163);
INSERT INTO Boleto (IdBoleto, NumeroAsiento, IdVuelo, IdPasajero)
VALUES (164, 153, 18, 164);
INSERT INTO Boleto (IdBoleto, NumeroAsiento, IdVuelo, IdPasajero)
VALUES (165, 169, 14, 165);
INSERT INTO Boleto (IdBoleto, NumeroAsiento, IdVuelo, IdPasajero)
VALUES (166, 119, 7, 166);
INSERT INTO Boleto (IdBoleto, NumeroAsiento, IdVuelo, IdPasajero)
VALUES (167, 302, 6, 167);
INSERT INTO Boleto (IdBoleto, NumeroAsiento, IdVuelo, IdPasajero)
VALUES (168, 195, 17, 168);
INSERT INTO Boleto (IdBoleto, NumeroAsiento, IdVuelo, IdPasajero)
VALUES (169, 150, 20, 169);
INSERT INTO Boleto (IdBoleto, NumeroAsiento, IdVuelo, IdPasajero)
VALUES (170, 192, 6, 170);
INSERT INTO Boleto (IdBoleto, NumeroAsiento, IdVuelo, IdPasajero)
VALUES (171, 225, 9, 171);
INSERT INTO Boleto (IdBoleto, NumeroAsiento, IdVuelo, IdPasajero)
VALUES (172, 225, 6, 172);
INSERT INTO Boleto (IdBoleto, NumeroAsiento, IdVuelo, IdPasajero)
VALUES (173, 237, 15, 173);
INSERT INTO Boleto (IdBoleto, NumeroAsiento, IdVuelo, IdPasajero)
VALUES (174, 283, 21, 174);
INSERT INTO Boleto (IdBoleto, NumeroAsiento, IdVuelo, IdPasajero)
VALUES (175, 45, 12, 175);
INSERT INTO Boleto (IdBoleto, NumeroAsiento, IdVuelo, IdPasajero)
VALUES (176, 337, 16, 176);
INSERT INTO Boleto (IdBoleto, NumeroAsiento, IdVuelo, IdPasajero)
VALUES (177, 17, 3, 177);
INSERT INTO Boleto (IdBoleto, NumeroAsiento, IdVuelo, IdPasajero)
VALUES (178, 168, 12, 178);
INSERT INTO Boleto (IdBoleto, NumeroAsiento, IdVuelo, IdPasajero)
VALUES (179, 298, 2, 179);
INSERT INTO Boleto (IdBoleto, NumeroAsiento, IdVuelo, IdPasajero)
VALUES (180, 217, 18, 180);
INSERT INTO Boleto (IdBoleto, NumeroAsiento, IdVuelo, IdPasajero)
VALUES (181, 264, 9, 181);
INSERT INTO Boleto (IdBoleto, NumeroAsiento, IdVuelo, IdPasajero)
VALUES (182, 177, 4, 182);
INSERT INTO Boleto (IdBoleto, NumeroAsiento, IdVuelo, IdPasajero)
VALUES (183, 263, 2, 183);
INSERT INTO Boleto (IdBoleto, NumeroAsiento, IdVuelo, IdPasajero)
VALUES (184, 245, 10, 184);
INSERT INTO Boleto (IdBoleto, NumeroAsiento, IdVuelo, IdPasajero)
VALUES (185, 15, 19, 185);
INSERT INTO Boleto (IdBoleto, NumeroAsiento, IdVuelo, IdPasajero)
VALUES (186, 114, 13, 186);
INSERT INTO Boleto (IdBoleto, NumeroAsiento, IdVuelo, IdPasajero)
VALUES (187, 73, 9, 187);
INSERT INTO Boleto (IdBoleto, NumeroAsiento, IdVuelo, IdPasajero)
VALUES (188, 324, 12, 188);
INSERT INTO Boleto (IdBoleto, NumeroAsiento, IdVuelo, IdPasajero)
VALUES (189, 223, 23, 189);
INSERT INTO Boleto (IdBoleto, NumeroAsiento, IdVuelo, IdPasajero)
VALUES (190, 86, 4, 190);
INSERT INTO Boleto (IdBoleto, NumeroAsiento, IdVuelo, IdPasajero)
VALUES (191, 305, 16, 191);
INSERT INTO Boleto (IdBoleto, NumeroAsiento, IdVuelo, IdPasajero)
VALUES (192, 62, 8, 192);
INSERT INTO Boleto (IdBoleto, NumeroAsiento, IdVuelo, IdPasajero)
VALUES (193, 59, 23, 193);
INSERT INTO Boleto (IdBoleto, NumeroAsiento, IdVuelo, IdPasajero)
VALUES (194, 11, 15, 194);
INSERT INTO Boleto (IdBoleto, NumeroAsiento, IdVuelo, IdPasajero)
VALUES (195, 340, 6, 195);
INSERT INTO Boleto (IdBoleto, NumeroAsiento, IdVuelo, IdPasajero)
VALUES (196, 314, 6, 196);
INSERT INTO Boleto (IdBoleto, NumeroAsiento, IdVuelo, IdPasajero)
VALUES (197, 94, 1, 197);
INSERT INTO Boleto (IdBoleto, NumeroAsiento, IdVuelo, IdPasajero)
VALUES (198, 227, 13, 198);
INSERT INTO Boleto (IdBoleto, NumeroAsiento, IdVuelo, IdPasajero)
VALUES (199, 70, 14, 199);
INSERT INTO Boleto (IdBoleto, NumeroAsiento, IdVuelo, IdPasajero)
VALUES (200, 138, 6, 200);
INSERT INTO Boleto (IdBoleto, NumeroAsiento, IdVuelo, IdPasajero)
VALUES (201, 303, 21, 201);
INSERT INTO Boleto (IdBoleto, NumeroAsiento, IdVuelo, IdPasajero)
VALUES (202, 230, 11, 202);
INSERT INTO Boleto (IdBoleto, NumeroAsiento, IdVuelo, IdPasajero)
VALUES (203, 131, 8, 203);
INSERT INTO Boleto (IdBoleto, NumeroAsiento, IdVuelo, IdPasajero)
VALUES (204, 22, 19, 204);
INSERT INTO Boleto (IdBoleto, NumeroAsiento, IdVuelo, IdPasajero)
VALUES (205, 76, 5, 205);
INSERT INTO Boleto (IdBoleto, NumeroAsiento, IdVuelo, IdPasajero)
VALUES (206, 314, 9, 206);
INSERT INTO Boleto (IdBoleto, NumeroAsiento, IdVuelo, IdPasajero)
VALUES (207, 232, 12, 207);
INSERT INTO Boleto (IdBoleto, NumeroAsiento, IdVuelo, IdPasajero)
VALUES (208, 86, 2, 208);
INSERT INTO Boleto (IdBoleto, NumeroAsiento, IdVuelo, IdPasajero)
VALUES (209, 272, 4, 209);
INSERT INTO Boleto (IdBoleto, NumeroAsiento, IdVuelo, IdPasajero)
VALUES (210, 108, 1, 210);
INSERT INTO Boleto (IdBoleto, NumeroAsiento, IdVuelo, IdPasajero)
VALUES (211, 259, 6, 211);
INSERT INTO Boleto (IdBoleto, NumeroAsiento, IdVuelo, IdPasajero)
VALUES (212, 297, 6, 212);
INSERT INTO Boleto (IdBoleto, NumeroAsiento, IdVuelo, IdPasajero)
VALUES (213, 158, 21, 213);
INSERT INTO Boleto (IdBoleto, NumeroAsiento, IdVuelo, IdPasajero)
VALUES (214, 25, 5, 214);
INSERT INTO Boleto (IdBoleto, NumeroAsiento, IdVuelo, IdPasajero)
VALUES (215, 318, 1, 215);
INSERT INTO Boleto (IdBoleto, NumeroAsiento, IdVuelo, IdPasajero)
VALUES (216, 8, 4, 216);
INSERT INTO Boleto (IdBoleto, NumeroAsiento, IdVuelo, IdPasajero)
VALUES (217, 51, 19, 217);
INSERT INTO Boleto (IdBoleto, NumeroAsiento, IdVuelo, IdPasajero)
VALUES (218, 299, 5, 218);
INSERT INTO Boleto (IdBoleto, NumeroAsiento, IdVuelo, IdPasajero)
VALUES (219, 127, 12, 219);
INSERT INTO Boleto (IdBoleto, NumeroAsiento, IdVuelo, IdPasajero)
VALUES (220, 64, 20, 220);
INSERT INTO Boleto (IdBoleto, NumeroAsiento, IdVuelo, IdPasajero)
VALUES (221, 37, 2, 221);
INSERT INTO Boleto (IdBoleto, NumeroAsiento, IdVuelo, IdPasajero)
VALUES (222, 217, 22, 222);
INSERT INTO Boleto (IdBoleto, NumeroAsiento, IdVuelo, IdPasajero)
VALUES (223, 242, 1, 223);
INSERT INTO Boleto (IdBoleto, NumeroAsiento, IdVuelo, IdPasajero)
VALUES (224, 19, 22, 224);
INSERT INTO Boleto (IdBoleto, NumeroAsiento, IdVuelo, IdPasajero)
VALUES (225, 337, 13, 225);
INSERT INTO Boleto (IdBoleto, NumeroAsiento, IdVuelo, IdPasajero)
VALUES (226, 278, 10, 226);
INSERT INTO Boleto (IdBoleto, NumeroAsiento, IdVuelo, IdPasajero)
VALUES (227, 34, 8, 227);
INSERT INTO Boleto (IdBoleto, NumeroAsiento, IdVuelo, IdPasajero)
VALUES (228, 11, 22, 228);
INSERT INTO Boleto (IdBoleto, NumeroAsiento, IdVuelo, IdPasajero)
VALUES (229, 200, 20, 229);
INSERT INTO Boleto (IdBoleto, NumeroAsiento, IdVuelo, IdPasajero)
VALUES (230, 247, 3, 230);
INSERT INTO Boleto (IdBoleto, NumeroAsiento, IdVuelo, IdPasajero)
VALUES (231, 67, 11, 231);
INSERT INTO Boleto (IdBoleto, NumeroAsiento, IdVuelo, IdPasajero)
VALUES (232, 134, 7, 232);
INSERT INTO Boleto (IdBoleto, NumeroAsiento, IdVuelo, IdPasajero)
VALUES (233, 103, 18, 233);
INSERT INTO Boleto (IdBoleto, NumeroAsiento, IdVuelo, IdPasajero)
VALUES (234, 213, 20, 234);
INSERT INTO Boleto (IdBoleto, NumeroAsiento, IdVuelo, IdPasajero)
VALUES (235, 214, 9, 235);
INSERT INTO Boleto (IdBoleto, NumeroAsiento, IdVuelo, IdPasajero)
VALUES (236, 328, 6, 236);
INSERT INTO Boleto (IdBoleto, NumeroAsiento, IdVuelo, IdPasajero)
VALUES (237, 139, 14, 237);
INSERT INTO Boleto (IdBoleto, NumeroAsiento, IdVuelo, IdPasajero)
VALUES (238, 163, 22, 238);
INSERT INTO Boleto (IdBoleto, NumeroAsiento, IdVuelo, IdPasajero)
VALUES (239, 124, 1, 239);
INSERT INTO Boleto (IdBoleto, NumeroAsiento, IdVuelo, IdPasajero)
VALUES (240, 20, 9, 240);
INSERT INTO Boleto (IdBoleto, NumeroAsiento, IdVuelo, IdPasajero)
VALUES (241, 242, 23, 241);
INSERT INTO Boleto (IdBoleto, NumeroAsiento, IdVuelo, IdPasajero)
VALUES (242, 89, 6, 242);
INSERT INTO Boleto (IdBoleto, NumeroAsiento, IdVuelo, IdPasajero)
VALUES (243, 31, 23, 243);
INSERT INTO Boleto (IdBoleto, NumeroAsiento, IdVuelo, IdPasajero)
VALUES (244, 111, 14, 244);
INSERT INTO Boleto (IdBoleto, NumeroAsiento, IdVuelo, IdPasajero)
VALUES (245, 102, 3, 245);
INSERT INTO Boleto (IdBoleto, NumeroAsiento, IdVuelo, IdPasajero)
VALUES (246, 282, 23, 246);
INSERT INTO Boleto (IdBoleto, NumeroAsiento, IdVuelo, IdPasajero)
VALUES (247, 63, 5, 247);
INSERT INTO Boleto (IdBoleto, NumeroAsiento, IdVuelo, IdPasajero)
VALUES (248, 135, 19, 248);
INSERT INTO Boleto (IdBoleto, NumeroAsiento, IdVuelo, IdPasajero)
VALUES (249, 332, 3, 249);
INSERT INTO Boleto (IdBoleto, NumeroAsiento, IdVuelo, IdPasajero)
VALUES (250, 270, 4, 250);
INSERT INTO Boleto (IdBoleto, NumeroAsiento, IdVuelo, IdPasajero)
VALUES (251, 169, 7, 251);
INSERT INTO Boleto (IdBoleto, NumeroAsiento, IdVuelo, IdPasajero)
VALUES (252, 45, 3, 252);
INSERT INTO Boleto (IdBoleto, NumeroAsiento, IdVuelo, IdPasajero)
VALUES (253, 88, 9, 253);
INSERT INTO Boleto (IdBoleto, NumeroAsiento, IdVuelo, IdPasajero)
VALUES (254, 51, 22, 254);
INSERT INTO Boleto (IdBoleto, NumeroAsiento, IdVuelo, IdPasajero)
VALUES (255, 102, 9, 255);
INSERT INTO Boleto (IdBoleto, NumeroAsiento, IdVuelo, IdPasajero)
VALUES (256, 56, 14, 256);
INSERT INTO Boleto (IdBoleto, NumeroAsiento, IdVuelo, IdPasajero)
VALUES (257, 74, 5, 257);
INSERT INTO Boleto (IdBoleto, NumeroAsiento, IdVuelo, IdPasajero)
VALUES (258, 333, 15, 258);
INSERT INTO Boleto (IdBoleto, NumeroAsiento, IdVuelo, IdPasajero)
VALUES (259, 322, 2, 259);
INSERT INTO Boleto (IdBoleto, NumeroAsiento, IdVuelo, IdPasajero)
VALUES (260, 144, 22, 260);
INSERT INTO Boleto (IdBoleto, NumeroAsiento, IdVuelo, IdPasajero)
VALUES (261, 110, 5, 261);
INSERT INTO Boleto (IdBoleto, NumeroAsiento, IdVuelo, IdPasajero)
VALUES (262, 8, 9, 262);
INSERT INTO Boleto (IdBoleto, NumeroAsiento, IdVuelo, IdPasajero)
VALUES (263, 290, 4, 263);
INSERT INTO Boleto (IdBoleto, NumeroAsiento, IdVuelo, IdPasajero)
VALUES (264, 217, 22, 264);
INSERT INTO Boleto (IdBoleto, NumeroAsiento, IdVuelo, IdPasajero)
VALUES (265, 140, 20, 265);
INSERT INTO Boleto (IdBoleto, NumeroAsiento, IdVuelo, IdPasajero)
VALUES (266, 152, 9, 266);
INSERT INTO Boleto (IdBoleto, NumeroAsiento, IdVuelo, IdPasajero)
VALUES (267, 243, 17, 267);
INSERT INTO Boleto (IdBoleto, NumeroAsiento, IdVuelo, IdPasajero)
VALUES (268, 133, 20, 268);
INSERT INTO Boleto (IdBoleto, NumeroAsiento, IdVuelo, IdPasajero)
VALUES (269, 156, 1, 269);
INSERT INTO Boleto (IdBoleto, NumeroAsiento, IdVuelo, IdPasajero)
VALUES (270, 318, 13, 270);
INSERT INTO Boleto (IdBoleto, NumeroAsiento, IdVuelo, IdPasajero)
VALUES (271, 350, 2, 271);
INSERT INTO Boleto (IdBoleto, NumeroAsiento, IdVuelo, IdPasajero)
VALUES (272, 312, 17, 272);
INSERT INTO Boleto (IdBoleto, NumeroAsiento, IdVuelo, IdPasajero)
VALUES (273, 337, 2, 273);
INSERT INTO Boleto (IdBoleto, NumeroAsiento, IdVuelo, IdPasajero)
VALUES (274, 110, 15, 274);
INSERT INTO Boleto (IdBoleto, NumeroAsiento, IdVuelo, IdPasajero)
VALUES (275, 304, 2, 275);
INSERT INTO Boleto (IdBoleto, NumeroAsiento, IdVuelo, IdPasajero)
VALUES (276, 324, 1, 276);
INSERT INTO Boleto (IdBoleto, NumeroAsiento, IdVuelo, IdPasajero)
VALUES (277, 240, 4, 277);
INSERT INTO Boleto (IdBoleto, NumeroAsiento, IdVuelo, IdPasajero)
VALUES (278, 284, 21, 278);
INSERT INTO Boleto (IdBoleto, NumeroAsiento, IdVuelo, IdPasajero)
VALUES (279, 290, 14, 279);
INSERT INTO Boleto (IdBoleto, NumeroAsiento, IdVuelo, IdPasajero)
VALUES (280, 195, 16, 280);
INSERT INTO Boleto (IdBoleto, NumeroAsiento, IdVuelo, IdPasajero)
VALUES (281, 159, 14, 281);
INSERT INTO Boleto (IdBoleto, NumeroAsiento, IdVuelo, IdPasajero)
VALUES (282, 78, 19, 282);
INSERT INTO Boleto (IdBoleto, NumeroAsiento, IdVuelo, IdPasajero)
VALUES (283, 262, 20, 283);
INSERT INTO Boleto (IdBoleto, NumeroAsiento, IdVuelo, IdPasajero)
VALUES (284, 24, 15, 284);
INSERT INTO Boleto (IdBoleto, NumeroAsiento, IdVuelo, IdPasajero)
VALUES (285, 199, 10, 285);
INSERT INTO Boleto (IdBoleto, NumeroAsiento, IdVuelo, IdPasajero)
VALUES (286, 186, 18, 286);
INSERT INTO Boleto (IdBoleto, NumeroAsiento, IdVuelo, IdPasajero)
VALUES (287, 108, 8, 287);
INSERT INTO Boleto (IdBoleto, NumeroAsiento, IdVuelo, IdPasajero)
VALUES (288, 292, 14, 288);
INSERT INTO Boleto (IdBoleto, NumeroAsiento, IdVuelo, IdPasajero)
VALUES (289, 131, 15, 289);
INSERT INTO Boleto (IdBoleto, NumeroAsiento, IdVuelo, IdPasajero)
VALUES (290, 88, 19, 290);
INSERT INTO Boleto (IdBoleto, NumeroAsiento, IdVuelo, IdPasajero)
VALUES (291, 300, 5, 291);
INSERT INTO Boleto (IdBoleto, NumeroAsiento, IdVuelo, IdPasajero)
VALUES (292, 208, 18, 292);
INSERT INTO Boleto (IdBoleto, NumeroAsiento, IdVuelo, IdPasajero)
VALUES (293, 340, 9, 293);
INSERT INTO Boleto (IdBoleto, NumeroAsiento, IdVuelo, IdPasajero)
VALUES (294, 161, 18, 294);
INSERT INTO Boleto (IdBoleto, NumeroAsiento, IdVuelo, IdPasajero)
VALUES (295, 89, 22, 295);
INSERT INTO Boleto (IdBoleto, NumeroAsiento, IdVuelo, IdPasajero)
VALUES (296, 343, 11, 296);
INSERT INTO Boleto (IdBoleto, NumeroAsiento, IdVuelo, IdPasajero)
VALUES (297, 49, 3, 297);
INSERT INTO Boleto (IdBoleto, NumeroAsiento, IdVuelo, IdPasajero)
VALUES (298, 23, 19, 298);
INSERT INTO Boleto (IdBoleto, NumeroAsiento, IdVuelo, IdPasajero)
VALUES (299, 10, 11, 299);
INSERT INTO Boleto (IdBoleto, NumeroAsiento, IdVuelo, IdPasajero)
VALUES (300, 111, 18, 300);
INSERT INTO Boleto (IdBoleto, NumeroAsiento, IdVuelo, IdPasajero)
VALUES (301, 158, 20, 301);
INSERT INTO Boleto (IdBoleto, NumeroAsiento, IdVuelo, IdPasajero)
VALUES (302, 312, 22, 302);
INSERT INTO Boleto (IdBoleto, NumeroAsiento, IdVuelo, IdPasajero)
VALUES (303, 39, 14, 303);
INSERT INTO Boleto (IdBoleto, NumeroAsiento, IdVuelo, IdPasajero)
VALUES (304, 319, 10, 304);
INSERT INTO Boleto (IdBoleto, NumeroAsiento, IdVuelo, IdPasajero)
VALUES (305, 319, 5, 305);
INSERT INTO Boleto (IdBoleto, NumeroAsiento, IdVuelo, IdPasajero)
VALUES (306, 123, 3, 306);
INSERT INTO Boleto (IdBoleto, NumeroAsiento, IdVuelo, IdPasajero)
VALUES (307, 309, 14, 307);
INSERT INTO Boleto (IdBoleto, NumeroAsiento, IdVuelo, IdPasajero)
VALUES (308, 210, 20, 308);
INSERT INTO Boleto (IdBoleto, NumeroAsiento, IdVuelo, IdPasajero)
VALUES (309, 280, 21, 309);
INSERT INTO Boleto (IdBoleto, NumeroAsiento, IdVuelo, IdPasajero)
VALUES (310, 256, 7, 310);
INSERT INTO Boleto (IdBoleto, NumeroAsiento, IdVuelo, IdPasajero)
VALUES (311, 190, 18, 311);
INSERT INTO Boleto (IdBoleto, NumeroAsiento, IdVuelo, IdPasajero)
VALUES (312, 70, 18, 312);
INSERT INTO Boleto (IdBoleto, NumeroAsiento, IdVuelo, IdPasajero)
VALUES (313, 204, 9, 313);
INSERT INTO Boleto (IdBoleto, NumeroAsiento, IdVuelo, IdPasajero)
VALUES (314, 229, 4, 314);
INSERT INTO Boleto (IdBoleto, NumeroAsiento, IdVuelo, IdPasajero)
VALUES (315, 30, 20, 315);
INSERT INTO Boleto (IdBoleto, NumeroAsiento, IdVuelo, IdPasajero)
VALUES (316, 92, 4, 316);
INSERT INTO Boleto (IdBoleto, NumeroAsiento, IdVuelo, IdPasajero)
VALUES (317, 186, 6, 317);
INSERT INTO Boleto (IdBoleto, NumeroAsiento, IdVuelo, IdPasajero)
VALUES (318, 219, 18, 318);
INSERT INTO Boleto (IdBoleto, NumeroAsiento, IdVuelo, IdPasajero)
VALUES (319, 244, 19, 319);
INSERT INTO Boleto (IdBoleto, NumeroAsiento, IdVuelo, IdPasajero)
VALUES (320, 183, 5, 320);
INSERT INTO Boleto (IdBoleto, NumeroAsiento, IdVuelo, IdPasajero)
VALUES (321, 326, 12, 321);
INSERT INTO Boleto (IdBoleto, NumeroAsiento, IdVuelo, IdPasajero)
VALUES (322, 1, 10, 322);
INSERT INTO Boleto (IdBoleto, NumeroAsiento, IdVuelo, IdPasajero)
VALUES (323, 213, 6, 323);
INSERT INTO Boleto (IdBoleto, NumeroAsiento, IdVuelo, IdPasajero)
VALUES (324, 50, 17, 324);
INSERT INTO Boleto (IdBoleto, NumeroAsiento, IdVuelo, IdPasajero)
VALUES (325, 53, 11, 325);
INSERT INTO Boleto (IdBoleto, NumeroAsiento, IdVuelo, IdPasajero)
VALUES (326, 97, 3, 326);
INSERT INTO Boleto (IdBoleto, NumeroAsiento, IdVuelo, IdPasajero)
VALUES (327, 249, 16, 327);
INSERT INTO Boleto (IdBoleto, NumeroAsiento, IdVuelo, IdPasajero)
VALUES (328, 81, 7, 328);
INSERT INTO Boleto (IdBoleto, NumeroAsiento, IdVuelo, IdPasajero)
VALUES (329, 241, 20, 329);
INSERT INTO Boleto (IdBoleto, NumeroAsiento, IdVuelo, IdPasajero)
VALUES (330, 56, 20, 330);
INSERT INTO Boleto (IdBoleto, NumeroAsiento, IdVuelo, IdPasajero)
VALUES (331, 341, 21, 331);
INSERT INTO Boleto (IdBoleto, NumeroAsiento, IdVuelo, IdPasajero)
VALUES (332, 145, 17, 332);
INSERT INTO Boleto (IdBoleto, NumeroAsiento, IdVuelo, IdPasajero)
VALUES (333, 154, 21, 333);
INSERT INTO Boleto (IdBoleto, NumeroAsiento, IdVuelo, IdPasajero)
VALUES (334, 67, 22, 334);
INSERT INTO Boleto (IdBoleto, NumeroAsiento, IdVuelo, IdPasajero)
VALUES (335, 76, 15, 335);
INSERT INTO Boleto (IdBoleto, NumeroAsiento, IdVuelo, IdPasajero)
VALUES (336, 293, 13, 336);
INSERT INTO Boleto (IdBoleto, NumeroAsiento, IdVuelo, IdPasajero)
VALUES (337, 319, 5, 337);
INSERT INTO Boleto (IdBoleto, NumeroAsiento, IdVuelo, IdPasajero)
VALUES (338, 77, 2, 338);
INSERT INTO Boleto (IdBoleto, NumeroAsiento, IdVuelo, IdPasajero)
VALUES (339, 16, 1, 339);
INSERT INTO Boleto (IdBoleto, NumeroAsiento, IdVuelo, IdPasajero)
VALUES (340, 280, 13, 340);
INSERT INTO Boleto (IdBoleto, NumeroAsiento, IdVuelo, IdPasajero)
VALUES (341, 152, 14, 341);
INSERT INTO Boleto (IdBoleto, NumeroAsiento, IdVuelo, IdPasajero)
VALUES (342, 37, 5, 342);
INSERT INTO Boleto (IdBoleto, NumeroAsiento, IdVuelo, IdPasajero)
VALUES (343, 325, 14, 343);
INSERT INTO Boleto (IdBoleto, NumeroAsiento, IdVuelo, IdPasajero)
VALUES (344, 145, 10, 344);
INSERT INTO Boleto (IdBoleto, NumeroAsiento, IdVuelo, IdPasajero)
VALUES (345, 58, 13, 345);
INSERT INTO Boleto (IdBoleto, NumeroAsiento, IdVuelo, IdPasajero)
VALUES (346, 4, 8, 346);
INSERT INTO Boleto (IdBoleto, NumeroAsiento, IdVuelo, IdPasajero)
VALUES (347, 139, 20, 347);
INSERT INTO Boleto (IdBoleto, NumeroAsiento, IdVuelo, IdPasajero)
VALUES (348, 24, 2, 348);
INSERT INTO Boleto (IdBoleto, NumeroAsiento, IdVuelo, IdPasajero)
VALUES (349, 224, 2, 349);
INSERT INTO Boleto (IdBoleto, NumeroAsiento, IdVuelo, IdPasajero)
VALUES (350, 113, 11, 350);
INSERT INTO Boleto (IdBoleto, NumeroAsiento, IdVuelo, IdPasajero)
VALUES (351, 257, 6, 351);
INSERT INTO Boleto (IdBoleto, NumeroAsiento, IdVuelo, IdPasajero)
VALUES (352, 54, 4, 352);
INSERT INTO Boleto (IdBoleto, NumeroAsiento, IdVuelo, IdPasajero)
VALUES (353, 130, 21, 353);
INSERT INTO Boleto (IdBoleto, NumeroAsiento, IdVuelo, IdPasajero)
VALUES (354, 129, 9, 354);
INSERT INTO Boleto (IdBoleto, NumeroAsiento, IdVuelo, IdPasajero)
VALUES (355, 248, 15, 355);
INSERT INTO Boleto (IdBoleto, NumeroAsiento, IdVuelo, IdPasajero)
VALUES (356, 154, 8, 356);
INSERT INTO Boleto (IdBoleto, NumeroAsiento, IdVuelo, IdPasajero)
VALUES (357, 322, 21, 357);
INSERT INTO Boleto (IdBoleto, NumeroAsiento, IdVuelo, IdPasajero)
VALUES (358, 118, 14, 358);
INSERT INTO Boleto (IdBoleto, NumeroAsiento, IdVuelo, IdPasajero)
VALUES (359, 148, 4, 359);
INSERT INTO Boleto (IdBoleto, NumeroAsiento, IdVuelo, IdPasajero)
VALUES (360, 237, 6, 360);
INSERT INTO Boleto (IdBoleto, NumeroAsiento, IdVuelo, IdPasajero)
VALUES (361, 154, 6, 361);
INSERT INTO Boleto (IdBoleto, NumeroAsiento, IdVuelo, IdPasajero)
VALUES (362, 87, 3, 362);
INSERT INTO Boleto (IdBoleto, NumeroAsiento, IdVuelo, IdPasajero)
VALUES (363, 313, 3, 363);
INSERT INTO Boleto (IdBoleto, NumeroAsiento, IdVuelo, IdPasajero)
VALUES (364, 24, 18, 364);
INSERT INTO Boleto (IdBoleto, NumeroAsiento, IdVuelo, IdPasajero)
VALUES (365, 86, 22, 365);
INSERT INTO Boleto (IdBoleto, NumeroAsiento, IdVuelo, IdPasajero)
VALUES (366, 92, 13, 366);
INSERT INTO Boleto (IdBoleto, NumeroAsiento, IdVuelo, IdPasajero)
VALUES (367, 36, 1, 367);
INSERT INTO Boleto (IdBoleto, NumeroAsiento, IdVuelo, IdPasajero)
VALUES (368, 143, 18, 368);
INSERT INTO Boleto (IdBoleto, NumeroAsiento, IdVuelo, IdPasajero)
VALUES (369, 142, 11, 369);
INSERT INTO Boleto (IdBoleto, NumeroAsiento, IdVuelo, IdPasajero)
VALUES (370, 196, 15, 370);
INSERT INTO Boleto (IdBoleto, NumeroAsiento, IdVuelo, IdPasajero)
VALUES (371, 160, 13, 371);
INSERT INTO Boleto (IdBoleto, NumeroAsiento, IdVuelo, IdPasajero)
VALUES (372, 245, 9, 372);
INSERT INTO Boleto (IdBoleto, NumeroAsiento, IdVuelo, IdPasajero)
VALUES (373, 188, 16, 373);
INSERT INTO Boleto (IdBoleto, NumeroAsiento, IdVuelo, IdPasajero)
VALUES (374, 26, 4, 374);
INSERT INTO Boleto (IdBoleto, NumeroAsiento, IdVuelo, IdPasajero)
VALUES (375, 77, 4, 375);
INSERT INTO Boleto (IdBoleto, NumeroAsiento, IdVuelo, IdPasajero)
VALUES (376, 341, 2, 376);
INSERT INTO Boleto (IdBoleto, NumeroAsiento, IdVuelo, IdPasajero)
VALUES (377, 274, 13, 377);
INSERT INTO Boleto (IdBoleto, NumeroAsiento, IdVuelo, IdPasajero)
VALUES (378, 23, 10, 378);
INSERT INTO Boleto (IdBoleto, NumeroAsiento, IdVuelo, IdPasajero)
VALUES (379, 152, 10, 379);
INSERT INTO Boleto (IdBoleto, NumeroAsiento, IdVuelo, IdPasajero)
VALUES (380, 236, 6, 380);
INSERT INTO Boleto (IdBoleto, NumeroAsiento, IdVuelo, IdPasajero)
VALUES (381, 231, 1, 381);
INSERT INTO Boleto (IdBoleto, NumeroAsiento, IdVuelo, IdPasajero)
VALUES (382, 164, 21, 382);
INSERT INTO Boleto (IdBoleto, NumeroAsiento, IdVuelo, IdPasajero)
VALUES (383, 244, 20, 383);
INSERT INTO Boleto (IdBoleto, NumeroAsiento, IdVuelo, IdPasajero)
VALUES (384, 241, 21, 384);
INSERT INTO Boleto (IdBoleto, NumeroAsiento, IdVuelo, IdPasajero)
VALUES (385, 322, 8, 385);
INSERT INTO Boleto (IdBoleto, NumeroAsiento, IdVuelo, IdPasajero)
VALUES (386, 327, 16, 386);
INSERT INTO Boleto (IdBoleto, NumeroAsiento, IdVuelo, IdPasajero)
VALUES (387, 296, 23, 387);
INSERT INTO Boleto (IdBoleto, NumeroAsiento, IdVuelo, IdPasajero)
VALUES (388, 164, 13, 388);
INSERT INTO Boleto (IdBoleto, NumeroAsiento, IdVuelo, IdPasajero)
VALUES (389, 297, 21, 389);
INSERT INTO Boleto (IdBoleto, NumeroAsiento, IdVuelo, IdPasajero)
VALUES (390, 77, 4, 390);
INSERT INTO Boleto (IdBoleto, NumeroAsiento, IdVuelo, IdPasajero)
VALUES (391, 114, 8, 391);
INSERT INTO Boleto (IdBoleto, NumeroAsiento, IdVuelo, IdPasajero)
VALUES (392, 55, 17, 392);
INSERT INTO Boleto (IdBoleto, NumeroAsiento, IdVuelo, IdPasajero)
VALUES (393, 216, 16, 393);
INSERT INTO Boleto (IdBoleto, NumeroAsiento, IdVuelo, IdPasajero)
VALUES (394, 201, 22, 394);
INSERT INTO Boleto (IdBoleto, NumeroAsiento, IdVuelo, IdPasajero)
VALUES (395, 91, 23, 395);
INSERT INTO Boleto (IdBoleto, NumeroAsiento, IdVuelo, IdPasajero)
VALUES (396, 36, 22, 396);
INSERT INTO Boleto (IdBoleto, NumeroAsiento, IdVuelo, IdPasajero)
VALUES (397, 277, 22, 397);
INSERT INTO Boleto (IdBoleto, NumeroAsiento, IdVuelo, IdPasajero)
VALUES (398, 335, 7, 398);
INSERT INTO Boleto (IdBoleto, NumeroAsiento, IdVuelo, IdPasajero)
VALUES (399, 333, 7, 399);
INSERT INTO Boleto (IdBoleto, NumeroAsiento, IdVuelo, IdPasajero)
VALUES (400, 256, 8, 400);
INSERT INTO Boleto (IdBoleto, NumeroAsiento, IdVuelo, IdPasajero)
VALUES (401, 145, 17, 401);
INSERT INTO Boleto (IdBoleto, NumeroAsiento, IdVuelo, IdPasajero)
VALUES (402, 316, 7, 402);
INSERT INTO Boleto (IdBoleto, NumeroAsiento, IdVuelo, IdPasajero)
VALUES (403, 323, 20, 403);
INSERT INTO Boleto (IdBoleto, NumeroAsiento, IdVuelo, IdPasajero)
VALUES (404, 269, 15, 404);
INSERT INTO Boleto (IdBoleto, NumeroAsiento, IdVuelo, IdPasajero)
VALUES (405, 300, 15, 405);
INSERT INTO Boleto (IdBoleto, NumeroAsiento, IdVuelo, IdPasajero)
VALUES (406, 98, 15, 406);
INSERT INTO Boleto (IdBoleto, NumeroAsiento, IdVuelo, IdPasajero)
VALUES (407, 45, 17, 407);
INSERT INTO Boleto (IdBoleto, NumeroAsiento, IdVuelo, IdPasajero)
VALUES (408, 44, 15, 408);
INSERT INTO Boleto (IdBoleto, NumeroAsiento, IdVuelo, IdPasajero)
VALUES (409, 214, 13, 409);
INSERT INTO Boleto (IdBoleto, NumeroAsiento, IdVuelo, IdPasajero)
VALUES (410, 190, 21, 410);
INSERT INTO Boleto (IdBoleto, NumeroAsiento, IdVuelo, IdPasajero)
VALUES (411, 89, 23, 411);
INSERT INTO Boleto (IdBoleto, NumeroAsiento, IdVuelo, IdPasajero)
VALUES (412, 239, 15, 412);
INSERT INTO Boleto (IdBoleto, NumeroAsiento, IdVuelo, IdPasajero)
VALUES (413, 236, 14, 413);
INSERT INTO Boleto (IdBoleto, NumeroAsiento, IdVuelo, IdPasajero)
VALUES (414, 249, 21, 414);
INSERT INTO Boleto (IdBoleto, NumeroAsiento, IdVuelo, IdPasajero)
VALUES (415, 137, 8, 415);
INSERT INTO Boleto (IdBoleto, NumeroAsiento, IdVuelo, IdPasajero)
VALUES (416, 317, 3, 416);
INSERT INTO Boleto (IdBoleto, NumeroAsiento, IdVuelo, IdPasajero)
VALUES (417, 186, 4, 417);
INSERT INTO Boleto (IdBoleto, NumeroAsiento, IdVuelo, IdPasajero)
VALUES (418, 154, 9, 418);
INSERT INTO Boleto (IdBoleto, NumeroAsiento, IdVuelo, IdPasajero)
VALUES (419, 16, 2, 419);
INSERT INTO Boleto (IdBoleto, NumeroAsiento, IdVuelo, IdPasajero)
VALUES (420, 183, 21, 420);
INSERT INTO Boleto (IdBoleto, NumeroAsiento, IdVuelo, IdPasajero)
VALUES (421, 214, 6, 421);
INSERT INTO Boleto (IdBoleto, NumeroAsiento, IdVuelo, IdPasajero)
VALUES (422, 186, 21, 422);
INSERT INTO Boleto (IdBoleto, NumeroAsiento, IdVuelo, IdPasajero)
VALUES (423, 318, 5, 423);
INSERT INTO Boleto (IdBoleto, NumeroAsiento, IdVuelo, IdPasajero)
VALUES (424, 124, 18, 424);
INSERT INTO Boleto (IdBoleto, NumeroAsiento, IdVuelo, IdPasajero)
VALUES (425, 251, 9, 425);
INSERT INTO Boleto (IdBoleto, NumeroAsiento, IdVuelo, IdPasajero)
VALUES (426, 339, 19, 426);
INSERT INTO Boleto (IdBoleto, NumeroAsiento, IdVuelo, IdPasajero)
VALUES (427, 142, 7, 427);
INSERT INTO Boleto (IdBoleto, NumeroAsiento, IdVuelo, IdPasajero)
VALUES (428, 55, 8, 428);
INSERT INTO Boleto (IdBoleto, NumeroAsiento, IdVuelo, IdPasajero)
VALUES (429, 342, 2, 429);
INSERT INTO Boleto (IdBoleto, NumeroAsiento, IdVuelo, IdPasajero)
VALUES (430, 145, 3, 430);
INSERT INTO Boleto (IdBoleto, NumeroAsiento, IdVuelo, IdPasajero)
VALUES (431, 326, 19, 431);
INSERT INTO Boleto (IdBoleto, NumeroAsiento, IdVuelo, IdPasajero)
VALUES (432, 125, 14, 432);
INSERT INTO Boleto (IdBoleto, NumeroAsiento, IdVuelo, IdPasajero)
VALUES (433, 327, 16, 433);
INSERT INTO Boleto (IdBoleto, NumeroAsiento, IdVuelo, IdPasajero)
VALUES (434, 4, 14, 434);
INSERT INTO Boleto (IdBoleto, NumeroAsiento, IdVuelo, IdPasajero)
VALUES (435, 55, 22, 435);
INSERT INTO Boleto (IdBoleto, NumeroAsiento, IdVuelo, IdPasajero)
VALUES (436, 174, 2, 436);
INSERT INTO Boleto (IdBoleto, NumeroAsiento, IdVuelo, IdPasajero)
VALUES (437, 250, 16, 437);
INSERT INTO Boleto (IdBoleto, NumeroAsiento, IdVuelo, IdPasajero)
VALUES (438, 163, 19, 438);
INSERT INTO Boleto (IdBoleto, NumeroAsiento, IdVuelo, IdPasajero)
VALUES (439, 21, 7, 439);
INSERT INTO Boleto (IdBoleto, NumeroAsiento, IdVuelo, IdPasajero)
VALUES (440, 28, 8, 440);
INSERT INTO Boleto (IdBoleto, NumeroAsiento, IdVuelo, IdPasajero)
VALUES (441, 197, 8, 441);
INSERT INTO Boleto (IdBoleto, NumeroAsiento, IdVuelo, IdPasajero)
VALUES (442, 28, 10, 442);
INSERT INTO Boleto (IdBoleto, NumeroAsiento, IdVuelo, IdPasajero)
VALUES (443, 177, 16, 443);
INSERT INTO Boleto (IdBoleto, NumeroAsiento, IdVuelo, IdPasajero)
VALUES (444, 6, 16, 444);
INSERT INTO Boleto (IdBoleto, NumeroAsiento, IdVuelo, IdPasajero)
VALUES (445, 331, 1, 445);
INSERT INTO Boleto (IdBoleto, NumeroAsiento, IdVuelo, IdPasajero)
VALUES (446, 71, 12, 446);
INSERT INTO Boleto (IdBoleto, NumeroAsiento, IdVuelo, IdPasajero)
VALUES (447, 153, 8, 447);
INSERT INTO Boleto (IdBoleto, NumeroAsiento, IdVuelo, IdPasajero)
VALUES (448, 233, 1, 448);
INSERT INTO Boleto (IdBoleto, NumeroAsiento, IdVuelo, IdPasajero)
VALUES (449, 10, 2, 449);
INSERT INTO Boleto (IdBoleto, NumeroAsiento, IdVuelo, IdPasajero)
VALUES (450, 46, 8, 450);
INSERT INTO Boleto (IdBoleto, NumeroAsiento, IdVuelo, IdPasajero)
VALUES (451, 294, 14, 451);
INSERT INTO Boleto (IdBoleto, NumeroAsiento, IdVuelo, IdPasajero)
VALUES (452, 83, 4, 452);
INSERT INTO Boleto (IdBoleto, NumeroAsiento, IdVuelo, IdPasajero)
VALUES (453, 342, 23, 453);
INSERT INTO Boleto (IdBoleto, NumeroAsiento, IdVuelo, IdPasajero)
VALUES (454, 97, 22, 454);
INSERT INTO Boleto (IdBoleto, NumeroAsiento, IdVuelo, IdPasajero)
VALUES (455, 293, 4, 455);
INSERT INTO Boleto (IdBoleto, NumeroAsiento, IdVuelo, IdPasajero)
VALUES (456, 72, 9, 456);
INSERT INTO Boleto (IdBoleto, NumeroAsiento, IdVuelo, IdPasajero)
VALUES (457, 308, 22, 457);
INSERT INTO Boleto (IdBoleto, NumeroAsiento, IdVuelo, IdPasajero)
VALUES (458, 233, 8, 458);
INSERT INTO Boleto (IdBoleto, NumeroAsiento, IdVuelo, IdPasajero)
VALUES (459, 39, 10, 459);
INSERT INTO Boleto (IdBoleto, NumeroAsiento, IdVuelo, IdPasajero)
VALUES (460, 18, 8, 460);
INSERT INTO Boleto (IdBoleto, NumeroAsiento, IdVuelo, IdPasajero)
VALUES (461, 232, 5, 461);
INSERT INTO Boleto (IdBoleto, NumeroAsiento, IdVuelo, IdPasajero)
VALUES (462, 171, 11, 462);
INSERT INTO Boleto (IdBoleto, NumeroAsiento, IdVuelo, IdPasajero)
VALUES (463, 243, 19, 463);
INSERT INTO Boleto (IdBoleto, NumeroAsiento, IdVuelo, IdPasajero)
VALUES (464, 300, 4, 464);
INSERT INTO Boleto (IdBoleto, NumeroAsiento, IdVuelo, IdPasajero)
VALUES (465, 190, 21, 465);
INSERT INTO Boleto (IdBoleto, NumeroAsiento, IdVuelo, IdPasajero)
VALUES (466, 215, 11, 466);
INSERT INTO Boleto (IdBoleto, NumeroAsiento, IdVuelo, IdPasajero)
VALUES (467, 55, 12, 467);
INSERT INTO Boleto (IdBoleto, NumeroAsiento, IdVuelo, IdPasajero)
VALUES (468, 261, 8, 468);
INSERT INTO Boleto (IdBoleto, NumeroAsiento, IdVuelo, IdPasajero)
VALUES (469, 32, 19, 469);
INSERT INTO Boleto (IdBoleto, NumeroAsiento, IdVuelo, IdPasajero)
VALUES (470, 170, 16, 470);
INSERT INTO Boleto (IdBoleto, NumeroAsiento, IdVuelo, IdPasajero)
VALUES (471, 47, 15, 471);
INSERT INTO Boleto (IdBoleto, NumeroAsiento, IdVuelo, IdPasajero)
VALUES (472, 339, 4, 472);
INSERT INTO Boleto (IdBoleto, NumeroAsiento, IdVuelo, IdPasajero)
VALUES (473, 82, 17, 473);
INSERT INTO Boleto (IdBoleto, NumeroAsiento, IdVuelo, IdPasajero)
VALUES (474, 80, 3, 474);
INSERT INTO Boleto (IdBoleto, NumeroAsiento, IdVuelo, IdPasajero)
VALUES (475, 27, 4, 475);
INSERT INTO Boleto (IdBoleto, NumeroAsiento, IdVuelo, IdPasajero)
VALUES (476, 48, 4, 476);
INSERT INTO Boleto (IdBoleto, NumeroAsiento, IdVuelo, IdPasajero)
VALUES (477, 15, 11, 477);
INSERT INTO Boleto (IdBoleto, NumeroAsiento, IdVuelo, IdPasajero)
VALUES (478, 170, 15, 478);
INSERT INTO Boleto (IdBoleto, NumeroAsiento, IdVuelo, IdPasajero)
VALUES (479, 129, 23, 479);
INSERT INTO Boleto (IdBoleto, NumeroAsiento, IdVuelo, IdPasajero)
VALUES (480, 306, 8, 480);
INSERT INTO Boleto (IdBoleto, NumeroAsiento, IdVuelo, IdPasajero)
VALUES (481, 202, 2, 481);
INSERT INTO Boleto (IdBoleto, NumeroAsiento, IdVuelo, IdPasajero)
VALUES (482, 20, 13, 482);
INSERT INTO Boleto (IdBoleto, NumeroAsiento, IdVuelo, IdPasajero)
VALUES (483, 199, 4, 483);
INSERT INTO Boleto (IdBoleto, NumeroAsiento, IdVuelo, IdPasajero)
VALUES (484, 151, 5, 484);
INSERT INTO Boleto (IdBoleto, NumeroAsiento, IdVuelo, IdPasajero)
VALUES (485, 33, 15, 485);
INSERT INTO Boleto (IdBoleto, NumeroAsiento, IdVuelo, IdPasajero)
VALUES (486, 336, 14, 486);
INSERT INTO Boleto (IdBoleto, NumeroAsiento, IdVuelo, IdPasajero)
VALUES (487, 8, 5, 487);
INSERT INTO Boleto (IdBoleto, NumeroAsiento, IdVuelo, IdPasajero)
VALUES (488, 77, 22, 488);
INSERT INTO Boleto (IdBoleto, NumeroAsiento, IdVuelo, IdPasajero)
VALUES (489, 59, 13, 489);
INSERT INTO Boleto (IdBoleto, NumeroAsiento, IdVuelo, IdPasajero)
VALUES (490, 170, 14, 490);
INSERT INTO Boleto (IdBoleto, NumeroAsiento, IdVuelo, IdPasajero)
VALUES (491, 341, 1, 491);
INSERT INTO Boleto (IdBoleto, NumeroAsiento, IdVuelo, IdPasajero)
VALUES (492, 10, 5, 492);
INSERT INTO Boleto (IdBoleto, NumeroAsiento, IdVuelo, IdPasajero)
VALUES (493, 260, 20, 493);
INSERT INTO Boleto (IdBoleto, NumeroAsiento, IdVuelo, IdPasajero)
VALUES (494, 251, 17, 494);
INSERT INTO Boleto (IdBoleto, NumeroAsiento, IdVuelo, IdPasajero)
VALUES (495, 100, 14, 495);
INSERT INTO Boleto (IdBoleto, NumeroAsiento, IdVuelo, IdPasajero)
VALUES (496, 212, 7, 496);
INSERT INTO Boleto (IdBoleto, NumeroAsiento, IdVuelo, IdPasajero)
VALUES (497, 72, 23, 497);
INSERT INTO Boleto (IdBoleto, NumeroAsiento, IdVuelo, IdPasajero)
VALUES (498, 123, 9, 498);
INSERT INTO Boleto (IdBoleto, NumeroAsiento, IdVuelo, IdPasajero)
VALUES (499, 8, 23, 499);
INSERT INTO Boleto (IdBoleto, NumeroAsiento, IdVuelo, IdPasajero)
VALUES (500, 181, 23, 500);



INSERT INTO Equipaje (IdEquipaje, CodigoPasajero, IdPasajero, PesoEnKg)
VALUES (1, 'Gui4jI', 1, 10);
INSERT INTO Equipaje (IdEquipaje, CodigoPasajero, IdPasajero, PesoEnKg)
VALUES (2, 'qAEusou', 2, 4);
INSERT INTO Equipaje (IdEquipaje, CodigoPasajero, IdPasajero, PesoEnKg)
VALUES (3, '0hKOgJVo3PLH', 3, 13);
INSERT INTO Equipaje (IdEquipaje, CodigoPasajero, IdPasajero, PesoEnKg)
VALUES (4, 'CChv2MgVNfG', 4, 3);
INSERT INTO Equipaje (IdEquipaje, CodigoPasajero, IdPasajero, PesoEnKg)
VALUES (5, 'hVIswBGXqGuj', 5, 15);
INSERT INTO Equipaje (IdEquipaje, CodigoPasajero, IdPasajero, PesoEnKg)
VALUES (6, 'NAjXwVkYAuP', 6, 12);
INSERT INTO Equipaje (IdEquipaje, CodigoPasajero, IdPasajero, PesoEnKg)
VALUES (7, 'ch7GeNRM2zIu', 7, 2);
INSERT INTO Equipaje (IdEquipaje, CodigoPasajero, IdPasajero, PesoEnKg)
VALUES (8, 'N6dbdzEQf9', 8, 13);
INSERT INTO Equipaje (IdEquipaje, CodigoPasajero, IdPasajero, PesoEnKg)
VALUES (9, 'ZbH99I', 9, 20);
INSERT INTO Equipaje (IdEquipaje, CodigoPasajero, IdPasajero, PesoEnKg)
VALUES (10, 'tqbqfZYw', 10, 17);
INSERT INTO Equipaje (IdEquipaje, CodigoPasajero, IdPasajero, PesoEnKg)
VALUES (11, 'CUbETk1', 11, 4);
INSERT INTO Equipaje (IdEquipaje, CodigoPasajero, IdPasajero, PesoEnKg)
VALUES (12, 'RJ53agSie8cx', 12, 15);
INSERT INTO Equipaje (IdEquipaje, CodigoPasajero, IdPasajero, PesoEnKg)
VALUES (13, 'YMJAkB', 13, 8);
INSERT INTO Equipaje (IdEquipaje, CodigoPasajero, IdPasajero, PesoEnKg)
VALUES (14, 'F6BhhBGe', 14, 15);
INSERT INTO Equipaje (IdEquipaje, CodigoPasajero, IdPasajero, PesoEnKg)
VALUES (15, 'YaWqzgX', 15, 16);
INSERT INTO Equipaje (IdEquipaje, CodigoPasajero, IdPasajero, PesoEnKg)
VALUES (16, 'lm98yyqMd9wS', 16, 1);
INSERT INTO Equipaje (IdEquipaje, CodigoPasajero, IdPasajero, PesoEnKg)
VALUES (17, 'DwqfYMjDudg', 17, 16);
INSERT INTO Equipaje (IdEquipaje, CodigoPasajero, IdPasajero, PesoEnKg)
VALUES (18, 'Vd5FcC4bcjRm', 18, 12);
INSERT INTO Equipaje (IdEquipaje, CodigoPasajero, IdPasajero, PesoEnKg)
VALUES (19, '24q2fm1lC1', 19, 12);
INSERT INTO Equipaje (IdEquipaje, CodigoPasajero, IdPasajero, PesoEnKg)
VALUES (20, 'HxfhPz2N', 20, 18);
INSERT INTO Equipaje (IdEquipaje, CodigoPasajero, IdPasajero, PesoEnKg)
VALUES (21, 'U7lVFT5x8', 21, 6);
INSERT INTO Equipaje (IdEquipaje, CodigoPasajero, IdPasajero, PesoEnKg)
VALUES (22, 'WFHrFpzZ4iFi', 22, 9);
INSERT INTO Equipaje (IdEquipaje, CodigoPasajero, IdPasajero, PesoEnKg)
VALUES (23, 'lRw7uMG3', 23, 13);
INSERT INTO Equipaje (IdEquipaje, CodigoPasajero, IdPasajero, PesoEnKg)
VALUES (24, 'EqnF9N', 24, 9);
INSERT INTO Equipaje (IdEquipaje, CodigoPasajero, IdPasajero, PesoEnKg)
VALUES (25, 'k2DjAIkE', 25, 5);
INSERT INTO Equipaje (IdEquipaje, CodigoPasajero, IdPasajero, PesoEnKg)
VALUES (26, '01DrF8kOPko', 26, 4);
INSERT INTO Equipaje (IdEquipaje, CodigoPasajero, IdPasajero, PesoEnKg)
VALUES (27, 'oioBBXe', 27, 9);
INSERT INTO Equipaje (IdEquipaje, CodigoPasajero, IdPasajero, PesoEnKg)
VALUES (28, 'wIzxk41YskM', 28, 7);
INSERT INTO Equipaje (IdEquipaje, CodigoPasajero, IdPasajero, PesoEnKg)
VALUES (29, 'hOzLjnJInz', 29, 8);
INSERT INTO Equipaje (IdEquipaje, CodigoPasajero, IdPasajero, PesoEnKg)
VALUES (30, 'Tx9fPkNqFdei', 30, 7);
INSERT INTO Equipaje (IdEquipaje, CodigoPasajero, IdPasajero, PesoEnKg)
VALUES (31, '9HBcqOK', 31, 3);
INSERT INTO Equipaje (IdEquipaje, CodigoPasajero, IdPasajero, PesoEnKg)
VALUES (32, 'NLGZX6Zr6712', 32, 10);
INSERT INTO Equipaje (IdEquipaje, CodigoPasajero, IdPasajero, PesoEnKg)
VALUES (33, 'y8Z8lfVj', 33, 11);
INSERT INTO Equipaje (IdEquipaje, CodigoPasajero, IdPasajero, PesoEnKg)
VALUES (34, 'hqXSuAsinhZj', 34, 19);
INSERT INTO Equipaje (IdEquipaje, CodigoPasajero, IdPasajero, PesoEnKg)
VALUES (35, 'Rpw4OcaanZT', 35, 17);
INSERT INTO Equipaje (IdEquipaje, CodigoPasajero, IdPasajero, PesoEnKg)
VALUES (36, 'BD8prHjJf', 36, 6);
INSERT INTO Equipaje (IdEquipaje, CodigoPasajero, IdPasajero, PesoEnKg)
VALUES (37, 'Dpz4KuXnZp0', 37, 10);
INSERT INTO Equipaje (IdEquipaje, CodigoPasajero, IdPasajero, PesoEnKg)
VALUES (38, '7jukhP', 38, 8);
INSERT INTO Equipaje (IdEquipaje, CodigoPasajero, IdPasajero, PesoEnKg)
VALUES (39, 'ghitfl', 39, 3);
INSERT INTO Equipaje (IdEquipaje, CodigoPasajero, IdPasajero, PesoEnKg)
VALUES (40, 'Dw91b6jTn', 40, 3);
INSERT INTO Equipaje (IdEquipaje, CodigoPasajero, IdPasajero, PesoEnKg)
VALUES (41, 'QMElRxB5w1', 41, 3);
INSERT INTO Equipaje (IdEquipaje, CodigoPasajero, IdPasajero, PesoEnKg)
VALUES (42, 'X3GkbJCqKWIP', 42, 15);
INSERT INTO Equipaje (IdEquipaje, CodigoPasajero, IdPasajero, PesoEnKg)
VALUES (43, 'Ti0BkmSW', 43, 1);
INSERT INTO Equipaje (IdEquipaje, CodigoPasajero, IdPasajero, PesoEnKg)
VALUES (44, 'Jicite', 44, 11);
INSERT INTO Equipaje (IdEquipaje, CodigoPasajero, IdPasajero, PesoEnKg)
VALUES (45, 'XTIIYP', 45, 13);
INSERT INTO Equipaje (IdEquipaje, CodigoPasajero, IdPasajero, PesoEnKg)
VALUES (46, 'ip177D4Vm', 46, 2);
INSERT INTO Equipaje (IdEquipaje, CodigoPasajero, IdPasajero, PesoEnKg)
VALUES (47, 'lc9RYdNdFgCA', 47, 3);
INSERT INTO Equipaje (IdEquipaje, CodigoPasajero, IdPasajero, PesoEnKg)
VALUES (48, 'O2qqGfP9YZ', 48, 19);
INSERT INTO Equipaje (IdEquipaje, CodigoPasajero, IdPasajero, PesoEnKg)
VALUES (49, 'N1ajmmXb', 49, 6);
INSERT INTO Equipaje (IdEquipaje, CodigoPasajero, IdPasajero, PesoEnKg)
VALUES (50, 'TZSlc6d2', 50, 18);
INSERT INTO Equipaje (IdEquipaje, CodigoPasajero, IdPasajero, PesoEnKg)
VALUES (51, 'GEvZjwF1wA', 51, 14);
INSERT INTO Equipaje (IdEquipaje, CodigoPasajero, IdPasajero, PesoEnKg)
VALUES (52, 'm7ONWVen7Zss', 52, 18);
INSERT INTO Equipaje (IdEquipaje, CodigoPasajero, IdPasajero, PesoEnKg)
VALUES (53, 'U2VW96nkv1S', 53, 17);
INSERT INTO Equipaje (IdEquipaje, CodigoPasajero, IdPasajero, PesoEnKg)
VALUES (54, 'XIxcVMPljz7H', 54, 14);
INSERT INTO Equipaje (IdEquipaje, CodigoPasajero, IdPasajero, PesoEnKg)
VALUES (55, 'mdEr4rQw8Q', 55, 11);
INSERT INTO Equipaje (IdEquipaje, CodigoPasajero, IdPasajero, PesoEnKg)
VALUES (56, 'x22BS8AOXj', 56, 12);
INSERT INTO Equipaje (IdEquipaje, CodigoPasajero, IdPasajero, PesoEnKg)
VALUES (57, 'ebtDKPuUbFF', 57, 19);
INSERT INTO Equipaje (IdEquipaje, CodigoPasajero, IdPasajero, PesoEnKg)
VALUES (58, 'K9fda6FifH', 58, 3);
INSERT INTO Equipaje (IdEquipaje, CodigoPasajero, IdPasajero, PesoEnKg)
VALUES (59, '6XTd3qxVRAX', 59, 17);
INSERT INTO Equipaje (IdEquipaje, CodigoPasajero, IdPasajero, PesoEnKg)
VALUES (60, 'N5AXAlP', 60, 20);
INSERT INTO Equipaje (IdEquipaje, CodigoPasajero, IdPasajero, PesoEnKg)
VALUES (61, 'LU8dhYzlxgT', 61, 15);
INSERT INTO Equipaje (IdEquipaje, CodigoPasajero, IdPasajero, PesoEnKg)
VALUES (62, 'nrKIU0HKN', 62, 7);
INSERT INTO Equipaje (IdEquipaje, CodigoPasajero, IdPasajero, PesoEnKg)
VALUES (63, 'ic80rQKyR0jC', 63, 12);
INSERT INTO Equipaje (IdEquipaje, CodigoPasajero, IdPasajero, PesoEnKg)
VALUES (64, 'eF7u8qixs', 64, 10);
INSERT INTO Equipaje (IdEquipaje, CodigoPasajero, IdPasajero, PesoEnKg)
VALUES (65, 'vMy60mKiaHbW', 65, 16);
INSERT INTO Equipaje (IdEquipaje, CodigoPasajero, IdPasajero, PesoEnKg)
VALUES (66, 'L99HCrHJz', 66, 6);
INSERT INTO Equipaje (IdEquipaje, CodigoPasajero, IdPasajero, PesoEnKg)
VALUES (67, '5Hepmho', 67, 6);
INSERT INTO Equipaje (IdEquipaje, CodigoPasajero, IdPasajero, PesoEnKg)
VALUES (68, '3Ocbc8', 68, 7);
INSERT INTO Equipaje (IdEquipaje, CodigoPasajero, IdPasajero, PesoEnKg)
VALUES (69, '5meJ4mM', 69, 19);
INSERT INTO Equipaje (IdEquipaje, CodigoPasajero, IdPasajero, PesoEnKg)
VALUES (70, 'oGJNK8Hm4', 70, 8);
INSERT INTO Equipaje (IdEquipaje, CodigoPasajero, IdPasajero, PesoEnKg)
VALUES (71, '9WDRuXzY', 71, 14);
INSERT INTO Equipaje (IdEquipaje, CodigoPasajero, IdPasajero, PesoEnKg)
VALUES (72, 'VcR5Ga', 72, 15);
INSERT INTO Equipaje (IdEquipaje, CodigoPasajero, IdPasajero, PesoEnKg)
VALUES (73, 'JN8QsGOITF', 73, 4);
INSERT INTO Equipaje (IdEquipaje, CodigoPasajero, IdPasajero, PesoEnKg)
VALUES (74, 'R4rCR6Q7', 74, 11);
INSERT INTO Equipaje (IdEquipaje, CodigoPasajero, IdPasajero, PesoEnKg)
VALUES (75, '0roHhZw1', 75, 9);
INSERT INTO Equipaje (IdEquipaje, CodigoPasajero, IdPasajero, PesoEnKg)
VALUES (76, 'r9IlWpNbgH', 76, 17);
INSERT INTO Equipaje (IdEquipaje, CodigoPasajero, IdPasajero, PesoEnKg)
VALUES (77, 'Afng3Unl', 77, 2);
INSERT INTO Equipaje (IdEquipaje, CodigoPasajero, IdPasajero, PesoEnKg)
VALUES (78, 'uFfPeLqx', 78, 5);
INSERT INTO Equipaje (IdEquipaje, CodigoPasajero, IdPasajero, PesoEnKg)
VALUES (79, 'dwCzba', 79, 13);
INSERT INTO Equipaje (IdEquipaje, CodigoPasajero, IdPasajero, PesoEnKg)
VALUES (80, 'Zcpa42f2Sd', 80, 17);
INSERT INTO Equipaje (IdEquipaje, CodigoPasajero, IdPasajero, PesoEnKg)
VALUES (81, 'RTXwr1lNwEv3', 81, 13);
INSERT INTO Equipaje (IdEquipaje, CodigoPasajero, IdPasajero, PesoEnKg)
VALUES (82, 'gHjVlW6XyIv', 82, 16);
INSERT INTO Equipaje (IdEquipaje, CodigoPasajero, IdPasajero, PesoEnKg)
VALUES (83, 'qzE6njhYsc', 83, 9);
INSERT INTO Equipaje (IdEquipaje, CodigoPasajero, IdPasajero, PesoEnKg)
VALUES (84, '8CXePU', 84, 10);
INSERT INTO Equipaje (IdEquipaje, CodigoPasajero, IdPasajero, PesoEnKg)
VALUES (85, 'RhDbAwA2lm', 85, 19);
INSERT INTO Equipaje (IdEquipaje, CodigoPasajero, IdPasajero, PesoEnKg)
VALUES (86, 'mUtTtcvN80U', 86, 3);
INSERT INTO Equipaje (IdEquipaje, CodigoPasajero, IdPasajero, PesoEnKg)
VALUES (87, 'Piyt2Xc', 87, 18);
INSERT INTO Equipaje (IdEquipaje, CodigoPasajero, IdPasajero, PesoEnKg)
VALUES (88, 'eL0127qly', 88, 19);
INSERT INTO Equipaje (IdEquipaje, CodigoPasajero, IdPasajero, PesoEnKg)
VALUES (89, 'BWYYfI2kc', 89, 6);
INSERT INTO Equipaje (IdEquipaje, CodigoPasajero, IdPasajero, PesoEnKg)
VALUES (90, 'NET8WGXBej3', 90, 6);
INSERT INTO Equipaje (IdEquipaje, CodigoPasajero, IdPasajero, PesoEnKg)
VALUES (91, 'jGAS6y8Qesal', 91, 5);
INSERT INTO Equipaje (IdEquipaje, CodigoPasajero, IdPasajero, PesoEnKg)
VALUES (92, 'RdMfptsrln', 92, 14);
INSERT INTO Equipaje (IdEquipaje, CodigoPasajero, IdPasajero, PesoEnKg)
VALUES (93, 'jYZOkLHn', 93, 20);
INSERT INTO Equipaje (IdEquipaje, CodigoPasajero, IdPasajero, PesoEnKg)
VALUES (94, 'x6pNjw5WFTmo', 94, 2);
INSERT INTO Equipaje (IdEquipaje, CodigoPasajero, IdPasajero, PesoEnKg)
VALUES (95, 'YDkSHyR8Lu', 95, 1);
INSERT INTO Equipaje (IdEquipaje, CodigoPasajero, IdPasajero, PesoEnKg)
VALUES (96, 'I833lbGFGT2S', 96, 19);
INSERT INTO Equipaje (IdEquipaje, CodigoPasajero, IdPasajero, PesoEnKg)
VALUES (97, 'is4ndrq', 97, 12);
INSERT INTO Equipaje (IdEquipaje, CodigoPasajero, IdPasajero, PesoEnKg)
VALUES (98, 'YkNUAKcXfz', 98, 19);
INSERT INTO Equipaje (IdEquipaje, CodigoPasajero, IdPasajero, PesoEnKg)
VALUES (99, 'TVUXjQdpHEa', 99, 13);
INSERT INTO Equipaje (IdEquipaje, CodigoPasajero, IdPasajero, PesoEnKg)
VALUES (100, 'rVkBdksu', 100, 15);
INSERT INTO Equipaje (IdEquipaje, CodigoPasajero, IdPasajero, PesoEnKg)
VALUES (101, 'wKqSjasM', 101, 2);
INSERT INTO Equipaje (IdEquipaje, CodigoPasajero, IdPasajero, PesoEnKg)
VALUES (102, 'uiDlvx', 102, 8);
INSERT INTO Equipaje (IdEquipaje, CodigoPasajero, IdPasajero, PesoEnKg)
VALUES (103, 'UGNGdz1m', 103, 20);
INSERT INTO Equipaje (IdEquipaje, CodigoPasajero, IdPasajero, PesoEnKg)
VALUES (104, 'DJOZTl', 104, 7);
INSERT INTO Equipaje (IdEquipaje, CodigoPasajero, IdPasajero, PesoEnKg)
VALUES (105, 'faXCjT7', 105, 20);
INSERT INTO Equipaje (IdEquipaje, CodigoPasajero, IdPasajero, PesoEnKg)
VALUES (106, 'GVzDi2', 106, 13);
INSERT INTO Equipaje (IdEquipaje, CodigoPasajero, IdPasajero, PesoEnKg)
VALUES (107, 'K6KmwBtQf', 107, 8);
INSERT INTO Equipaje (IdEquipaje, CodigoPasajero, IdPasajero, PesoEnKg)
VALUES (108, 'rNW8HRGzgBRa', 108, 2);
INSERT INTO Equipaje (IdEquipaje, CodigoPasajero, IdPasajero, PesoEnKg)
VALUES (109, '4Qp2xapiVLxz', 109, 14);
INSERT INTO Equipaje (IdEquipaje, CodigoPasajero, IdPasajero, PesoEnKg)
VALUES (110, 'Hux8MUj', 110, 4);
INSERT INTO Equipaje (IdEquipaje, CodigoPasajero, IdPasajero, PesoEnKg)
VALUES (111, 'XFYYto1OjMEq', 111, 1);
INSERT INTO Equipaje (IdEquipaje, CodigoPasajero, IdPasajero, PesoEnKg)
VALUES (112, 'XXC7lriyLCve', 112, 5);
INSERT INTO Equipaje (IdEquipaje, CodigoPasajero, IdPasajero, PesoEnKg)
VALUES (113, 'EspzPGa3sRU3', 113, 9);
INSERT INTO Equipaje (IdEquipaje, CodigoPasajero, IdPasajero, PesoEnKg)
VALUES (114, 'mT0P1ZeADc', 114, 7);
INSERT INTO Equipaje (IdEquipaje, CodigoPasajero, IdPasajero, PesoEnKg)
VALUES (115, 'ctIAaNOgO', 115, 8);
INSERT INTO Equipaje (IdEquipaje, CodigoPasajero, IdPasajero, PesoEnKg)
VALUES (116, 'addmpwtQAWLj', 116, 12);
INSERT INTO Equipaje (IdEquipaje, CodigoPasajero, IdPasajero, PesoEnKg)
VALUES (117, 'ntJdmZAz4d', 117, 11);
INSERT INTO Equipaje (IdEquipaje, CodigoPasajero, IdPasajero, PesoEnKg)
VALUES (118, '9YngWjlSpb', 118, 5);
INSERT INTO Equipaje (IdEquipaje, CodigoPasajero, IdPasajero, PesoEnKg)
VALUES (119, 'jVwIOY2TC', 119, 14);
INSERT INTO Equipaje (IdEquipaje, CodigoPasajero, IdPasajero, PesoEnKg)
VALUES (120, 'ZAxbfY0', 120, 9);
INSERT INTO Equipaje (IdEquipaje, CodigoPasajero, IdPasajero, PesoEnKg)
VALUES (121, 'w7orIKxX', 121, 12);
INSERT INTO Equipaje (IdEquipaje, CodigoPasajero, IdPasajero, PesoEnKg)
VALUES (122, 'NnKxrYo', 122, 13);
INSERT INTO Equipaje (IdEquipaje, CodigoPasajero, IdPasajero, PesoEnKg)
VALUES (123, 'sAC2FLcUHHc', 123, 11);
INSERT INTO Equipaje (IdEquipaje, CodigoPasajero, IdPasajero, PesoEnKg)
VALUES (124, 'dRYWT5ThK', 124, 18);
INSERT INTO Equipaje (IdEquipaje, CodigoPasajero, IdPasajero, PesoEnKg)
VALUES (125, '2Knf2zseXx', 125, 9);
INSERT INTO Equipaje (IdEquipaje, CodigoPasajero, IdPasajero, PesoEnKg)
VALUES (126, 'V1PfBIHFW', 126, 3);
INSERT INTO Equipaje (IdEquipaje, CodigoPasajero, IdPasajero, PesoEnKg)
VALUES (127, 'dzLCmiEH', 127, 11);
INSERT INTO Equipaje (IdEquipaje, CodigoPasajero, IdPasajero, PesoEnKg)
VALUES (128, 'kYVPYFli', 128, 9);
INSERT INTO Equipaje (IdEquipaje, CodigoPasajero, IdPasajero, PesoEnKg)
VALUES (129, 'OXJhgdXN', 129, 11);
INSERT INTO Equipaje (IdEquipaje, CodigoPasajero, IdPasajero, PesoEnKg)
VALUES (130, 'PZbsDeN', 130, 15);
INSERT INTO Equipaje (IdEquipaje, CodigoPasajero, IdPasajero, PesoEnKg)
VALUES (131, '8DKXQmO9A', 131, 11);
INSERT INTO Equipaje (IdEquipaje, CodigoPasajero, IdPasajero, PesoEnKg)
VALUES (132, 'eMSKPX8jf', 132, 4);
INSERT INTO Equipaje (IdEquipaje, CodigoPasajero, IdPasajero, PesoEnKg)
VALUES (133, 'WiXDIR2Q', 133, 8);
INSERT INTO Equipaje (IdEquipaje, CodigoPasajero, IdPasajero, PesoEnKg)
VALUES (134, '6WXMjHvUhA', 134, 11);
INSERT INTO Equipaje (IdEquipaje, CodigoPasajero, IdPasajero, PesoEnKg)
VALUES (135, 'hBPMnSGtyy', 135, 16);
INSERT INTO Equipaje (IdEquipaje, CodigoPasajero, IdPasajero, PesoEnKg)
VALUES (136, 'E2Unoi', 136, 4);
INSERT INTO Equipaje (IdEquipaje, CodigoPasajero, IdPasajero, PesoEnKg)
VALUES (137, 'rySHrSgV5SDO', 137, 20);
INSERT INTO Equipaje (IdEquipaje, CodigoPasajero, IdPasajero, PesoEnKg)
VALUES (138, 'RLeIiVe', 138, 7);
INSERT INTO Equipaje (IdEquipaje, CodigoPasajero, IdPasajero, PesoEnKg)
VALUES (139, 'UzymooU', 139, 6);
INSERT INTO Equipaje (IdEquipaje, CodigoPasajero, IdPasajero, PesoEnKg)
VALUES (140, 'MQlIDz', 140, 15);
INSERT INTO Equipaje (IdEquipaje, CodigoPasajero, IdPasajero, PesoEnKg)
VALUES (141, '66pmBJ7mRKR', 141, 18);
INSERT INTO Equipaje (IdEquipaje, CodigoPasajero, IdPasajero, PesoEnKg)
VALUES (142, 'WjMQIDbsJz', 142, 15);
INSERT INTO Equipaje (IdEquipaje, CodigoPasajero, IdPasajero, PesoEnKg)
VALUES (143, 'V1E9Bbmn5Qn', 143, 6);
INSERT INTO Equipaje (IdEquipaje, CodigoPasajero, IdPasajero, PesoEnKg)
VALUES (144, 'WnecdTYSB5r', 144, 18);
INSERT INTO Equipaje (IdEquipaje, CodigoPasajero, IdPasajero, PesoEnKg)
VALUES (145, 'ZqRAgmv4sOGh', 145, 15);
INSERT INTO Equipaje (IdEquipaje, CodigoPasajero, IdPasajero, PesoEnKg)
VALUES (146, 'DolfRsdv', 146, 15);
INSERT INTO Equipaje (IdEquipaje, CodigoPasajero, IdPasajero, PesoEnKg)
VALUES (147, 'HkhVtXB0pT1', 147, 6);
INSERT INTO Equipaje (IdEquipaje, CodigoPasajero, IdPasajero, PesoEnKg)
VALUES (148, 'YYSAGSw', 148, 3);
INSERT INTO Equipaje (IdEquipaje, CodigoPasajero, IdPasajero, PesoEnKg)
VALUES (149, 'vEdWd4P4', 149, 3);
INSERT INTO Equipaje (IdEquipaje, CodigoPasajero, IdPasajero, PesoEnKg)
VALUES (150, 'HGkAUjax', 150, 19);
INSERT INTO Equipaje (IdEquipaje, CodigoPasajero, IdPasajero, PesoEnKg)
VALUES (151, 'mpu69sp1xD1m', 151, 2);
INSERT INTO Equipaje (IdEquipaje, CodigoPasajero, IdPasajero, PesoEnKg)
VALUES (152, 'D1zGyY6n7yCg', 152, 20);
INSERT INTO Equipaje (IdEquipaje, CodigoPasajero, IdPasajero, PesoEnKg)
VALUES (153, 'zim0dLT1P', 153, 11);
INSERT INTO Equipaje (IdEquipaje, CodigoPasajero, IdPasajero, PesoEnKg)
VALUES (154, 'qkB3uA2C', 154, 4);
INSERT INTO Equipaje (IdEquipaje, CodigoPasajero, IdPasajero, PesoEnKg)
VALUES (155, 'O9FroMm', 155, 8);
INSERT INTO Equipaje (IdEquipaje, CodigoPasajero, IdPasajero, PesoEnKg)
VALUES (156, 'RpVV5IynG', 156, 16);
INSERT INTO Equipaje (IdEquipaje, CodigoPasajero, IdPasajero, PesoEnKg)
VALUES (157, '1wAJFPKw6j', 157, 20);
INSERT INTO Equipaje (IdEquipaje, CodigoPasajero, IdPasajero, PesoEnKg)
VALUES (158, 'csOX6KD', 158, 5);
INSERT INTO Equipaje (IdEquipaje, CodigoPasajero, IdPasajero, PesoEnKg)
VALUES (159, '99CvHrwI', 159, 7);
INSERT INTO Equipaje (IdEquipaje, CodigoPasajero, IdPasajero, PesoEnKg)
VALUES (160, 'nDlvD7Y', 160, 1);
INSERT INTO Equipaje (IdEquipaje, CodigoPasajero, IdPasajero, PesoEnKg)
VALUES (161, 'biw43mXJ', 161, 13);
INSERT INTO Equipaje (IdEquipaje, CodigoPasajero, IdPasajero, PesoEnKg)
VALUES (162, 'K8CoXmUx98oP', 162, 15);
INSERT INTO Equipaje (IdEquipaje, CodigoPasajero, IdPasajero, PesoEnKg)
VALUES (163, 'bL4icaOE3Sd', 163, 6);
INSERT INTO Equipaje (IdEquipaje, CodigoPasajero, IdPasajero, PesoEnKg)
VALUES (164, 'RwNtRvQgj', 164, 8);
INSERT INTO Equipaje (IdEquipaje, CodigoPasajero, IdPasajero, PesoEnKg)
VALUES (165, 'g8mDup3', 165, 6);
INSERT INTO Equipaje (IdEquipaje, CodigoPasajero, IdPasajero, PesoEnKg)
VALUES (166, 'SBonwn', 166, 4);
INSERT INTO Equipaje (IdEquipaje, CodigoPasajero, IdPasajero, PesoEnKg)
VALUES (167, 'WHc2rEF9', 167, 18);
INSERT INTO Equipaje (IdEquipaje, CodigoPasajero, IdPasajero, PesoEnKg)
VALUES (168, '1LOTewwHlCD', 168, 11);
INSERT INTO Equipaje (IdEquipaje, CodigoPasajero, IdPasajero, PesoEnKg)
VALUES (169, 'QXbEmHQmT0', 169, 17);
INSERT INTO Equipaje (IdEquipaje, CodigoPasajero, IdPasajero, PesoEnKg)
VALUES (170, 'NTSB2k8c8mbl', 170, 16);
INSERT INTO Equipaje (IdEquipaje, CodigoPasajero, IdPasajero, PesoEnKg)
VALUES (171, 'bOIYwCtytIx', 171, 10);
INSERT INTO Equipaje (IdEquipaje, CodigoPasajero, IdPasajero, PesoEnKg)
VALUES (172, 'zh0dBQuWy0', 172, 5);
INSERT INTO Equipaje (IdEquipaje, CodigoPasajero, IdPasajero, PesoEnKg)
VALUES (173, 'cBcQ1He', 173, 3);
INSERT INTO Equipaje (IdEquipaje, CodigoPasajero, IdPasajero, PesoEnKg)
VALUES (174, 'TQoSXGsgF', 174, 3);
INSERT INTO Equipaje (IdEquipaje, CodigoPasajero, IdPasajero, PesoEnKg)
VALUES (175, 'jxh4z2QlI', 175, 11);
INSERT INTO Equipaje (IdEquipaje, CodigoPasajero, IdPasajero, PesoEnKg)
VALUES (176, 'P1e4pfCrCUm', 176, 6);
INSERT INTO Equipaje (IdEquipaje, CodigoPasajero, IdPasajero, PesoEnKg)
VALUES (177, '12kd7B2a', 177, 18);
INSERT INTO Equipaje (IdEquipaje, CodigoPasajero, IdPasajero, PesoEnKg)
VALUES (178, 'IhNWcgz', 178, 14);
INSERT INTO Equipaje (IdEquipaje, CodigoPasajero, IdPasajero, PesoEnKg)
VALUES (179, 'wT5BGBpDe986', 179, 15);
INSERT INTO Equipaje (IdEquipaje, CodigoPasajero, IdPasajero, PesoEnKg)
VALUES (180, 'mXdLfEVkl3i2', 180, 2);
INSERT INTO Equipaje (IdEquipaje, CodigoPasajero, IdPasajero, PesoEnKg)
VALUES (181, 'BuHpHSlG', 181, 13);
INSERT INTO Equipaje (IdEquipaje, CodigoPasajero, IdPasajero, PesoEnKg)
VALUES (182, 'BzUJrvb', 182, 15);
INSERT INTO Equipaje (IdEquipaje, CodigoPasajero, IdPasajero, PesoEnKg)
VALUES (183, '0FgXsg', 183, 3);
INSERT INTO Equipaje (IdEquipaje, CodigoPasajero, IdPasajero, PesoEnKg)
VALUES (184, 'kTnC5n', 184, 11);
INSERT INTO Equipaje (IdEquipaje, CodigoPasajero, IdPasajero, PesoEnKg)
VALUES (185, 'xPgDON', 185, 6);
INSERT INTO Equipaje (IdEquipaje, CodigoPasajero, IdPasajero, PesoEnKg)
VALUES (186, 'VOqs0KX', 186, 7);
INSERT INTO Equipaje (IdEquipaje, CodigoPasajero, IdPasajero, PesoEnKg)
VALUES (187, '7bJSdQ', 187, 10);
INSERT INTO Equipaje (IdEquipaje, CodigoPasajero, IdPasajero, PesoEnKg)
VALUES (188, 'DgqPm2', 188, 1);
INSERT INTO Equipaje (IdEquipaje, CodigoPasajero, IdPasajero, PesoEnKg)
VALUES (189, 'qXIa7QI0n1Bj', 189, 7);
INSERT INTO Equipaje (IdEquipaje, CodigoPasajero, IdPasajero, PesoEnKg)
VALUES (190, 'ArGVklEPm', 190, 16);
INSERT INTO Equipaje (IdEquipaje, CodigoPasajero, IdPasajero, PesoEnKg)
VALUES (191, '5wZlegRfweAP', 191, 3);
INSERT INTO Equipaje (IdEquipaje, CodigoPasajero, IdPasajero, PesoEnKg)
VALUES (192, '904AOEH2l', 192, 4);
INSERT INTO Equipaje (IdEquipaje, CodigoPasajero, IdPasajero, PesoEnKg)
VALUES (193, '28sxzLcM', 193, 11);
INSERT INTO Equipaje (IdEquipaje, CodigoPasajero, IdPasajero, PesoEnKg)
VALUES (194, 'C2wft3Vu', 194, 1);
INSERT INTO Equipaje (IdEquipaje, CodigoPasajero, IdPasajero, PesoEnKg)
VALUES (195, 'mMrJPnee3Ug', 195, 8);
INSERT INTO Equipaje (IdEquipaje, CodigoPasajero, IdPasajero, PesoEnKg)
VALUES (196, 'vpxAKWIyU', 196, 16);
INSERT INTO Equipaje (IdEquipaje, CodigoPasajero, IdPasajero, PesoEnKg)
VALUES (197, 'j3hvo7oW', 197, 17);
INSERT INTO Equipaje (IdEquipaje, CodigoPasajero, IdPasajero, PesoEnKg)
VALUES (198, 'qIPUZwu2U', 198, 4);
INSERT INTO Equipaje (IdEquipaje, CodigoPasajero, IdPasajero, PesoEnKg)
VALUES (199, '9UdQeAUirWs', 199, 4);
INSERT INTO Equipaje (IdEquipaje, CodigoPasajero, IdPasajero, PesoEnKg)
VALUES (200, 'AuTZkz', 200, 2);
INSERT INTO Equipaje (IdEquipaje, CodigoPasajero, IdPasajero, PesoEnKg)
VALUES (201, 'Amnqnps5m', 201, 1);
INSERT INTO Equipaje (IdEquipaje, CodigoPasajero, IdPasajero, PesoEnKg)
VALUES (202, 'nIW67YKtg1xS', 202, 7);
INSERT INTO Equipaje (IdEquipaje, CodigoPasajero, IdPasajero, PesoEnKg)
VALUES (203, 'B7XAu301Ih', 203, 18);
INSERT INTO Equipaje (IdEquipaje, CodigoPasajero, IdPasajero, PesoEnKg)
VALUES (204, 'WvhIHBDzlDef', 204, 2);
INSERT INTO Equipaje (IdEquipaje, CodigoPasajero, IdPasajero, PesoEnKg)
VALUES (205, 'Bo2qgBsFT', 205, 19);
INSERT INTO Equipaje (IdEquipaje, CodigoPasajero, IdPasajero, PesoEnKg)
VALUES (206, 'tItkZWIf55', 206, 7);
INSERT INTO Equipaje (IdEquipaje, CodigoPasajero, IdPasajero, PesoEnKg)
VALUES (207, '6Htp0Wlp4U', 207, 2);
INSERT INTO Equipaje (IdEquipaje, CodigoPasajero, IdPasajero, PesoEnKg)
VALUES (208, 'ZsvtnmZ', 208, 19);
INSERT INTO Equipaje (IdEquipaje, CodigoPasajero, IdPasajero, PesoEnKg)
VALUES (209, 'c0S4mgmeM', 209, 8);
INSERT INTO Equipaje (IdEquipaje, CodigoPasajero, IdPasajero, PesoEnKg)
VALUES (210, 'JOilr92JdLe', 210, 16);
INSERT INTO Equipaje (IdEquipaje, CodigoPasajero, IdPasajero, PesoEnKg)
VALUES (211, 'brzw07vzmzDR', 211, 14);
INSERT INTO Equipaje (IdEquipaje, CodigoPasajero, IdPasajero, PesoEnKg)
VALUES (212, '2uTnazsSyTxg', 212, 14);
INSERT INTO Equipaje (IdEquipaje, CodigoPasajero, IdPasajero, PesoEnKg)
VALUES (213, 'JKzQZOx7', 213, 13);
INSERT INTO Equipaje (IdEquipaje, CodigoPasajero, IdPasajero, PesoEnKg)
VALUES (214, 'MCkw9r', 214, 7);
INSERT INTO Equipaje (IdEquipaje, CodigoPasajero, IdPasajero, PesoEnKg)
VALUES (215, 'tYhvN2SbXEry', 215, 14);
INSERT INTO Equipaje (IdEquipaje, CodigoPasajero, IdPasajero, PesoEnKg)
VALUES (216, 'x4PnfGb', 216, 15);
INSERT INTO Equipaje (IdEquipaje, CodigoPasajero, IdPasajero, PesoEnKg)
VALUES (217, 'gawLaoJMt5I', 217, 3);
INSERT INTO Equipaje (IdEquipaje, CodigoPasajero, IdPasajero, PesoEnKg)
VALUES (218, 'TPggWOR', 218, 14);
INSERT INTO Equipaje (IdEquipaje, CodigoPasajero, IdPasajero, PesoEnKg)
VALUES (219, 'h517a47', 219, 11);
INSERT INTO Equipaje (IdEquipaje, CodigoPasajero, IdPasajero, PesoEnKg)
VALUES (220, 'W0ZTofR2N', 220, 15);
INSERT INTO Equipaje (IdEquipaje, CodigoPasajero, IdPasajero, PesoEnKg)
VALUES (221, 'dB7OXV4tCJ', 221, 18);
INSERT INTO Equipaje (IdEquipaje, CodigoPasajero, IdPasajero, PesoEnKg)
VALUES (222, 'd6wqFASF', 222, 17);
INSERT INTO Equipaje (IdEquipaje, CodigoPasajero, IdPasajero, PesoEnKg)
VALUES (223, '880EdXwQk', 223, 20);
INSERT INTO Equipaje (IdEquipaje, CodigoPasajero, IdPasajero, PesoEnKg)
VALUES (224, 'QIRImqTEd', 224, 12);
INSERT INTO Equipaje (IdEquipaje, CodigoPasajero, IdPasajero, PesoEnKg)
VALUES (225, 'zFXGpmScg7', 225, 7);
INSERT INTO Equipaje (IdEquipaje, CodigoPasajero, IdPasajero, PesoEnKg)
VALUES (226, 'Wkhlw2TSg', 226, 11);
INSERT INTO Equipaje (IdEquipaje, CodigoPasajero, IdPasajero, PesoEnKg)
VALUES (227, 'sfPz0NWEHjqi', 227, 20);
INSERT INTO Equipaje (IdEquipaje, CodigoPasajero, IdPasajero, PesoEnKg)
VALUES (228, 'PxWOEKiy', 228, 3);
INSERT INTO Equipaje (IdEquipaje, CodigoPasajero, IdPasajero, PesoEnKg)
VALUES (229, '57CeHHBqx', 229, 10);
INSERT INTO Equipaje (IdEquipaje, CodigoPasajero, IdPasajero, PesoEnKg)
VALUES (230, 'M0c3N6wgI7', 230, 3);
INSERT INTO Equipaje (IdEquipaje, CodigoPasajero, IdPasajero, PesoEnKg)
VALUES (231, 'dlrHMa2t', 231, 16);
INSERT INTO Equipaje (IdEquipaje, CodigoPasajero, IdPasajero, PesoEnKg)
VALUES (232, 'Ayu8gKtmZ8', 232, 4);
INSERT INTO Equipaje (IdEquipaje, CodigoPasajero, IdPasajero, PesoEnKg)
VALUES (233, 'OJoLenICB', 233, 13);
INSERT INTO Equipaje (IdEquipaje, CodigoPasajero, IdPasajero, PesoEnKg)
VALUES (234, 'bobTxRQiIfS0', 234, 15);
INSERT INTO Equipaje (IdEquipaje, CodigoPasajero, IdPasajero, PesoEnKg)
VALUES (235, 'NAYFmfk7l', 235, 3);
INSERT INTO Equipaje (IdEquipaje, CodigoPasajero, IdPasajero, PesoEnKg)
VALUES (236, 'lENswqj', 236, 6);
INSERT INTO Equipaje (IdEquipaje, CodigoPasajero, IdPasajero, PesoEnKg)
VALUES (237, 'jXdROYcVjflQ', 237, 2);
INSERT INTO Equipaje (IdEquipaje, CodigoPasajero, IdPasajero, PesoEnKg)
VALUES (238, 'msWzVwoZrj', 238, 9);
INSERT INTO Equipaje (IdEquipaje, CodigoPasajero, IdPasajero, PesoEnKg)
VALUES (239, 'l9P97r5', 239, 5);
INSERT INTO Equipaje (IdEquipaje, CodigoPasajero, IdPasajero, PesoEnKg)
VALUES (240, 'QssAxpccue', 240, 7);
INSERT INTO Equipaje (IdEquipaje, CodigoPasajero, IdPasajero, PesoEnKg)
VALUES (241, '2aIPC18lIoZd', 241, 8);
INSERT INTO Equipaje (IdEquipaje, CodigoPasajero, IdPasajero, PesoEnKg)
VALUES (242, 'nQ1SHy', 242, 14);
INSERT INTO Equipaje (IdEquipaje, CodigoPasajero, IdPasajero, PesoEnKg)
VALUES (243, 'AyTim0QoKW', 243, 6);
INSERT INTO Equipaje (IdEquipaje, CodigoPasajero, IdPasajero, PesoEnKg)
VALUES (244, 'pAtMF9a4Q6f', 244, 3);
INSERT INTO Equipaje (IdEquipaje, CodigoPasajero, IdPasajero, PesoEnKg)
VALUES (245, 'DaJAqCnZ05UW', 245, 1);
INSERT INTO Equipaje (IdEquipaje, CodigoPasajero, IdPasajero, PesoEnKg)
VALUES (246, 'gq1MUSVsf6', 246, 6);
INSERT INTO Equipaje (IdEquipaje, CodigoPasajero, IdPasajero, PesoEnKg)
VALUES (247, 'GRYYPA', 247, 13);
INSERT INTO Equipaje (IdEquipaje, CodigoPasajero, IdPasajero, PesoEnKg)
VALUES (248, 'o6OsBT84g', 248, 16);
INSERT INTO Equipaje (IdEquipaje, CodigoPasajero, IdPasajero, PesoEnKg)
VALUES (249, 'nFgOd4GeesJ', 249, 17);
INSERT INTO Equipaje (IdEquipaje, CodigoPasajero, IdPasajero, PesoEnKg)
VALUES (250, 'lTNiHjE6y', 250, 18);
INSERT INTO Equipaje (IdEquipaje, CodigoPasajero, IdPasajero, PesoEnKg)
VALUES (251, 'QpMLhV8k41', 251, 11);
INSERT INTO Equipaje (IdEquipaje, CodigoPasajero, IdPasajero, PesoEnKg)
VALUES (252, 'gdK9shY', 252, 1);
INSERT INTO Equipaje (IdEquipaje, CodigoPasajero, IdPasajero, PesoEnKg)
VALUES (253, 'ALwAaGDsWE', 253, 16);
INSERT INTO Equipaje (IdEquipaje, CodigoPasajero, IdPasajero, PesoEnKg)
VALUES (254, '9Q3Gs5coUrT', 254, 9);
INSERT INTO Equipaje (IdEquipaje, CodigoPasajero, IdPasajero, PesoEnKg)
VALUES (255, 'GGahQhBK', 255, 19);
INSERT INTO Equipaje (IdEquipaje, CodigoPasajero, IdPasajero, PesoEnKg)
VALUES (256, 'suMndv', 256, 20);
INSERT INTO Equipaje (IdEquipaje, CodigoPasajero, IdPasajero, PesoEnKg)
VALUES (257, 'cjokBMK', 257, 3);
INSERT INTO Equipaje (IdEquipaje, CodigoPasajero, IdPasajero, PesoEnKg)
VALUES (258, '9lTjGpbbrE', 258, 13);
INSERT INTO Equipaje (IdEquipaje, CodigoPasajero, IdPasajero, PesoEnKg)
VALUES (259, '6hcnVHP8A', 259, 7);
INSERT INTO Equipaje (IdEquipaje, CodigoPasajero, IdPasajero, PesoEnKg)
VALUES (260, 'hS167H3', 260, 6);
INSERT INTO Equipaje (IdEquipaje, CodigoPasajero, IdPasajero, PesoEnKg)
VALUES (261, '94chTUP', 261, 11);
INSERT INTO Equipaje (IdEquipaje, CodigoPasajero, IdPasajero, PesoEnKg)
VALUES (262, 'b5cyYo', 262, 1);
INSERT INTO Equipaje (IdEquipaje, CodigoPasajero, IdPasajero, PesoEnKg)
VALUES (263, 'qQ6RItKy', 263, 4);
INSERT INTO Equipaje (IdEquipaje, CodigoPasajero, IdPasajero, PesoEnKg)
VALUES (264, 'GHMbjOvMWCe', 264, 7);
INSERT INTO Equipaje (IdEquipaje, CodigoPasajero, IdPasajero, PesoEnKg)
VALUES (265, 'oRayXgwfwpQ', 265, 10);
INSERT INTO Equipaje (IdEquipaje, CodigoPasajero, IdPasajero, PesoEnKg)
VALUES (266, 'oK8SVzqJivb', 266, 15);
INSERT INTO Equipaje (IdEquipaje, CodigoPasajero, IdPasajero, PesoEnKg)
VALUES (267, 'ECLZjGs', 267, 12);
INSERT INTO Equipaje (IdEquipaje, CodigoPasajero, IdPasajero, PesoEnKg)
VALUES (268, 'a9QyyFK', 268, 2);
INSERT INTO Equipaje (IdEquipaje, CodigoPasajero, IdPasajero, PesoEnKg)
VALUES (269, '2I9Fjijj', 269, 3);
INSERT INTO Equipaje (IdEquipaje, CodigoPasajero, IdPasajero, PesoEnKg)
VALUES (270, '0ugy1J', 270, 3);
INSERT INTO Equipaje (IdEquipaje, CodigoPasajero, IdPasajero, PesoEnKg)
VALUES (271, '1wYbMt6SiHU', 271, 12);
INSERT INTO Equipaje (IdEquipaje, CodigoPasajero, IdPasajero, PesoEnKg)
VALUES (272, 'XWninba', 272, 5);
INSERT INTO Equipaje (IdEquipaje, CodigoPasajero, IdPasajero, PesoEnKg)
VALUES (273, 'VJaEhuog', 273, 2);
INSERT INTO Equipaje (IdEquipaje, CodigoPasajero, IdPasajero, PesoEnKg)
VALUES (274, 'H5vEjum', 274, 9);
INSERT INTO Equipaje (IdEquipaje, CodigoPasajero, IdPasajero, PesoEnKg)
VALUES (275, 'DibQ8AXVrJ', 275, 17);
INSERT INTO Equipaje (IdEquipaje, CodigoPasajero, IdPasajero, PesoEnKg)
VALUES (276, 'pFcK7tMec6zo', 276, 4);
INSERT INTO Equipaje (IdEquipaje, CodigoPasajero, IdPasajero, PesoEnKg)
VALUES (277, 'knslIHRL5f', 277, 20);
INSERT INTO Equipaje (IdEquipaje, CodigoPasajero, IdPasajero, PesoEnKg)
VALUES (278, 'wxPdki', 278, 17);
INSERT INTO Equipaje (IdEquipaje, CodigoPasajero, IdPasajero, PesoEnKg)
VALUES (279, 'kIa7iAJ3B', 279, 20);
INSERT INTO Equipaje (IdEquipaje, CodigoPasajero, IdPasajero, PesoEnKg)
VALUES (280, 'eMXZQAG9', 280, 1);
INSERT INTO Equipaje (IdEquipaje, CodigoPasajero, IdPasajero, PesoEnKg)
VALUES (281, 'Et3ay0aPia', 281, 20);
INSERT INTO Equipaje (IdEquipaje, CodigoPasajero, IdPasajero, PesoEnKg)
VALUES (282, 'QYDD6IUrOS', 282, 11);
INSERT INTO Equipaje (IdEquipaje, CodigoPasajero, IdPasajero, PesoEnKg)
VALUES (283, 'YAPCru4A8', 283, 12);
INSERT INTO Equipaje (IdEquipaje, CodigoPasajero, IdPasajero, PesoEnKg)
VALUES (284, 'oGdydx', 284, 14);
INSERT INTO Equipaje (IdEquipaje, CodigoPasajero, IdPasajero, PesoEnKg)
VALUES (285, 'XQepUcVqn0u', 285, 18);
INSERT INTO Equipaje (IdEquipaje, CodigoPasajero, IdPasajero, PesoEnKg)
VALUES (286, 'wj6iHpZhbn', 286, 11);
INSERT INTO Equipaje (IdEquipaje, CodigoPasajero, IdPasajero, PesoEnKg)
VALUES (287, '5FqUqwIsti', 287, 20);
INSERT INTO Equipaje (IdEquipaje, CodigoPasajero, IdPasajero, PesoEnKg)
VALUES (288, 'RZlM1pffQ1', 288, 10);
INSERT INTO Equipaje (IdEquipaje, CodigoPasajero, IdPasajero, PesoEnKg)
VALUES (289, '0lPvDR', 289, 9);
INSERT INTO Equipaje (IdEquipaje, CodigoPasajero, IdPasajero, PesoEnKg)
VALUES (290, 'Ne3kSVRzruF', 290, 1);
INSERT INTO Equipaje (IdEquipaje, CodigoPasajero, IdPasajero, PesoEnKg)
VALUES (291, 'IFiYXGeN5e', 291, 20);
INSERT INTO Equipaje (IdEquipaje, CodigoPasajero, IdPasajero, PesoEnKg)
VALUES (292, 'n0oTamqA0C', 292, 11);
INSERT INTO Equipaje (IdEquipaje, CodigoPasajero, IdPasajero, PesoEnKg)
VALUES (293, 'hPcZjqI', 293, 8);
INSERT INTO Equipaje (IdEquipaje, CodigoPasajero, IdPasajero, PesoEnKg)
VALUES (294, 'MXxjJRPzaWJ', 294, 3);
INSERT INTO Equipaje (IdEquipaje, CodigoPasajero, IdPasajero, PesoEnKg)
VALUES (295, 'yfFmuan', 295, 12);
INSERT INTO Equipaje (IdEquipaje, CodigoPasajero, IdPasajero, PesoEnKg)
VALUES (296, 'hYf62M0fBpdU', 296, 9);
INSERT INTO Equipaje (IdEquipaje, CodigoPasajero, IdPasajero, PesoEnKg)
VALUES (297, 'XR04FRBVP', 297, 17);
INSERT INTO Equipaje (IdEquipaje, CodigoPasajero, IdPasajero, PesoEnKg)
VALUES (298, 'ud11nTeWw', 298, 10);
INSERT INTO Equipaje (IdEquipaje, CodigoPasajero, IdPasajero, PesoEnKg)
VALUES (299, 'qZu03ferHSu', 299, 17);
INSERT INTO Equipaje (IdEquipaje, CodigoPasajero, IdPasajero, PesoEnKg)
VALUES (300, 'K3iVj8z', 300, 10);
INSERT INTO Equipaje (IdEquipaje, CodigoPasajero, IdPasajero, PesoEnKg)
VALUES (301, 'YQLzmbA', 301, 13);
INSERT INTO Equipaje (IdEquipaje, CodigoPasajero, IdPasajero, PesoEnKg)
VALUES (302, 'YYyYBsjUGkyH', 302, 9);
INSERT INTO Equipaje (IdEquipaje, CodigoPasajero, IdPasajero, PesoEnKg)
VALUES (303, '7QOCUOjdQxb', 303, 2);
INSERT INTO Equipaje (IdEquipaje, CodigoPasajero, IdPasajero, PesoEnKg)
VALUES (304, 'Np647oHWKPw', 304, 8);
INSERT INTO Equipaje (IdEquipaje, CodigoPasajero, IdPasajero, PesoEnKg)
VALUES (305, 'V42aOQR', 305, 20);
INSERT INTO Equipaje (IdEquipaje, CodigoPasajero, IdPasajero, PesoEnKg)
VALUES (306, 'gDdnCe9FE2W', 306, 3);
INSERT INTO Equipaje (IdEquipaje, CodigoPasajero, IdPasajero, PesoEnKg)
VALUES (307, 'HuaH4xjyZN6', 307, 17);
INSERT INTO Equipaje (IdEquipaje, CodigoPasajero, IdPasajero, PesoEnKg)
VALUES (308, 'EcBnDRaleVw1', 308, 15);
INSERT INTO Equipaje (IdEquipaje, CodigoPasajero, IdPasajero, PesoEnKg)
VALUES (309, 'NTb26G5', 309, 6);
INSERT INTO Equipaje (IdEquipaje, CodigoPasajero, IdPasajero, PesoEnKg)
VALUES (310, 'CBF6rkGhL', 310, 2);
INSERT INTO Equipaje (IdEquipaje, CodigoPasajero, IdPasajero, PesoEnKg)
VALUES (311, 'pOAUNRa', 311, 19);
INSERT INTO Equipaje (IdEquipaje, CodigoPasajero, IdPasajero, PesoEnKg)
VALUES (312, 'RraKxeBs', 312, 7);
INSERT INTO Equipaje (IdEquipaje, CodigoPasajero, IdPasajero, PesoEnKg)
VALUES (313, 'rc7x8if3Ti47', 313, 3);
INSERT INTO Equipaje (IdEquipaje, CodigoPasajero, IdPasajero, PesoEnKg)
VALUES (314, 'idWrUuOHNIkv', 314, 4);
INSERT INTO Equipaje (IdEquipaje, CodigoPasajero, IdPasajero, PesoEnKg)
VALUES (315, 'IELgM4nzy', 315, 2);
INSERT INTO Equipaje (IdEquipaje, CodigoPasajero, IdPasajero, PesoEnKg)
VALUES (316, 'RnPd1CJgJO', 316, 16);
INSERT INTO Equipaje (IdEquipaje, CodigoPasajero, IdPasajero, PesoEnKg)
VALUES (317, 'Mfe8NHB', 317, 19);
INSERT INTO Equipaje (IdEquipaje, CodigoPasajero, IdPasajero, PesoEnKg)
VALUES (318, 'nnwMFG', 318, 19);
INSERT INTO Equipaje (IdEquipaje, CodigoPasajero, IdPasajero, PesoEnKg)
VALUES (319, 'qVcAhp', 319, 15);
INSERT INTO Equipaje (IdEquipaje, CodigoPasajero, IdPasajero, PesoEnKg)
VALUES (320, 'YqxoCkB7vg', 320, 3);
INSERT INTO Equipaje (IdEquipaje, CodigoPasajero, IdPasajero, PesoEnKg)
VALUES (321, 'PU4FBw6MxmDf', 321, 16);
INSERT INTO Equipaje (IdEquipaje, CodigoPasajero, IdPasajero, PesoEnKg)
VALUES (322, 'Sfflzx9sMXOP', 322, 11);
INSERT INTO Equipaje (IdEquipaje, CodigoPasajero, IdPasajero, PesoEnKg)
VALUES (323, 'A7wj1kW3', 323, 20);
INSERT INTO Equipaje (IdEquipaje, CodigoPasajero, IdPasajero, PesoEnKg)
VALUES (324, 'fezHZwr3ZSB', 324, 16);
INSERT INTO Equipaje (IdEquipaje, CodigoPasajero, IdPasajero, PesoEnKg)
VALUES (325, 'KPOW39', 325, 19);
INSERT INTO Equipaje (IdEquipaje, CodigoPasajero, IdPasajero, PesoEnKg)
VALUES (326, 'EtTUhoJs', 326, 2);
INSERT INTO Equipaje (IdEquipaje, CodigoPasajero, IdPasajero, PesoEnKg)
VALUES (327, '6T6cneOq', 327, 1);
INSERT INTO Equipaje (IdEquipaje, CodigoPasajero, IdPasajero, PesoEnKg)
VALUES (328, '7ZXpHpF', 328, 20);
INSERT INTO Equipaje (IdEquipaje, CodigoPasajero, IdPasajero, PesoEnKg)
VALUES (329, 'mwRIbwFoAxz', 329, 18);
INSERT INTO Equipaje (IdEquipaje, CodigoPasajero, IdPasajero, PesoEnKg)
VALUES (330, '4IUa95z', 330, 1);
INSERT INTO Equipaje (IdEquipaje, CodigoPasajero, IdPasajero, PesoEnKg)
VALUES (331, 'Dw1BEIY', 331, 3);
INSERT INTO Equipaje (IdEquipaje, CodigoPasajero, IdPasajero, PesoEnKg)
VALUES (332, 'qYN7GxmP', 332, 10);
INSERT INTO Equipaje (IdEquipaje, CodigoPasajero, IdPasajero, PesoEnKg)
VALUES (333, 'k9arCaa6kSb', 333, 12);
INSERT INTO Equipaje (IdEquipaje, CodigoPasajero, IdPasajero, PesoEnKg)
VALUES (334, '0SUd4JwI', 334, 13);
INSERT INTO Equipaje (IdEquipaje, CodigoPasajero, IdPasajero, PesoEnKg)
VALUES (335, 'S2j9rmF', 335, 20);
INSERT INTO Equipaje (IdEquipaje, CodigoPasajero, IdPasajero, PesoEnKg)
VALUES (336, 'BOsvmtBz', 336, 2);
INSERT INTO Equipaje (IdEquipaje, CodigoPasajero, IdPasajero, PesoEnKg)
VALUES (337, 'D9puHvC', 337, 9);
INSERT INTO Equipaje (IdEquipaje, CodigoPasajero, IdPasajero, PesoEnKg)
VALUES (338, 'kxqk1fEKRR', 338, 2);
INSERT INTO Equipaje (IdEquipaje, CodigoPasajero, IdPasajero, PesoEnKg)
VALUES (339, 'nj2AjSh', 339, 1);
INSERT INTO Equipaje (IdEquipaje, CodigoPasajero, IdPasajero, PesoEnKg)
VALUES (340, '9PJWgYZVJ', 340, 6);
INSERT INTO Equipaje (IdEquipaje, CodigoPasajero, IdPasajero, PesoEnKg)
VALUES (341, 'gYttK1Kc', 341, 1);
INSERT INTO Equipaje (IdEquipaje, CodigoPasajero, IdPasajero, PesoEnKg)
VALUES (342, 'z6c6Zh4JfA', 342, 1);
INSERT INTO Equipaje (IdEquipaje, CodigoPasajero, IdPasajero, PesoEnKg)
VALUES (343, '4Y0s2Qe5yn', 343, 12);
INSERT INTO Equipaje (IdEquipaje, CodigoPasajero, IdPasajero, PesoEnKg)
VALUES (344, 'DwjDyo9hOxZ', 344, 11);
INSERT INTO Equipaje (IdEquipaje, CodigoPasajero, IdPasajero, PesoEnKg)
VALUES (345, 'eJuT55Q2xI9Q', 345, 19);
INSERT INTO Equipaje (IdEquipaje, CodigoPasajero, IdPasajero, PesoEnKg)
VALUES (346, 'rnpShqoQc', 346, 8);
INSERT INTO Equipaje (IdEquipaje, CodigoPasajero, IdPasajero, PesoEnKg)
VALUES (347, 'gQKg7yJ', 347, 10);
INSERT INTO Equipaje (IdEquipaje, CodigoPasajero, IdPasajero, PesoEnKg)
VALUES (348, 'g462oLNAeP4N', 348, 15);
INSERT INTO Equipaje (IdEquipaje, CodigoPasajero, IdPasajero, PesoEnKg)
VALUES (349, 'pF9IaitS5', 349, 15);
INSERT INTO Equipaje (IdEquipaje, CodigoPasajero, IdPasajero, PesoEnKg)
VALUES (350, 'lWp8Mnq', 350, 11);
INSERT INTO Equipaje (IdEquipaje, CodigoPasajero, IdPasajero, PesoEnKg)
VALUES (351, 'pEwhZy', 351, 19);
INSERT INTO Equipaje (IdEquipaje, CodigoPasajero, IdPasajero, PesoEnKg)
VALUES (352, 'TH1e00iZ', 352, 8);
INSERT INTO Equipaje (IdEquipaje, CodigoPasajero, IdPasajero, PesoEnKg)
VALUES (353, 'Uzgr0x47', 353, 1);
INSERT INTO Equipaje (IdEquipaje, CodigoPasajero, IdPasajero, PesoEnKg)
VALUES (354, 'uQcvN6T0uf1y', 354, 20);
INSERT INTO Equipaje (IdEquipaje, CodigoPasajero, IdPasajero, PesoEnKg)
VALUES (355, 'tdbt5TuG', 355, 2);
INSERT INTO Equipaje (IdEquipaje, CodigoPasajero, IdPasajero, PesoEnKg)
VALUES (356, 'rdSff24FfYzQ', 356, 19);
INSERT INTO Equipaje (IdEquipaje, CodigoPasajero, IdPasajero, PesoEnKg)
VALUES (357, 'ppsO1b29kjN', 357, 20);
INSERT INTO Equipaje (IdEquipaje, CodigoPasajero, IdPasajero, PesoEnKg)
VALUES (358, '9cskmwZ6', 358, 3);
INSERT INTO Equipaje (IdEquipaje, CodigoPasajero, IdPasajero, PesoEnKg)
VALUES (359, '3ga7QM', 359, 13);
INSERT INTO Equipaje (IdEquipaje, CodigoPasajero, IdPasajero, PesoEnKg)
VALUES (360, 'L91pAsmS', 360, 15);
INSERT INTO Equipaje (IdEquipaje, CodigoPasajero, IdPasajero, PesoEnKg)
VALUES (361, 'tbe3BljP', 361, 16);
INSERT INTO Equipaje (IdEquipaje, CodigoPasajero, IdPasajero, PesoEnKg)
VALUES (362, 'QcgXOJ', 362, 12);
INSERT INTO Equipaje (IdEquipaje, CodigoPasajero, IdPasajero, PesoEnKg)
VALUES (363, 'o6cCsS', 363, 7);
INSERT INTO Equipaje (IdEquipaje, CodigoPasajero, IdPasajero, PesoEnKg)
VALUES (364, '6oa646QxYzi', 364, 4);
INSERT INTO Equipaje (IdEquipaje, CodigoPasajero, IdPasajero, PesoEnKg)
VALUES (365, 'e0AnV6vEjeic', 365, 20);
INSERT INTO Equipaje (IdEquipaje, CodigoPasajero, IdPasajero, PesoEnKg)
VALUES (366, 'S7CrCUikhh', 366, 5);
INSERT INTO Equipaje (IdEquipaje, CodigoPasajero, IdPasajero, PesoEnKg)
VALUES (367, 'JdkmoUJ3VlWi', 367, 2);
INSERT INTO Equipaje (IdEquipaje, CodigoPasajero, IdPasajero, PesoEnKg)
VALUES (368, 'QKItUEQnnM', 368, 20);
INSERT INTO Equipaje (IdEquipaje, CodigoPasajero, IdPasajero, PesoEnKg)
VALUES (369, '846EIgnO', 369, 12);
INSERT INTO Equipaje (IdEquipaje, CodigoPasajero, IdPasajero, PesoEnKg)
VALUES (370, 'etHJk8cgX', 370, 7);
INSERT INTO Equipaje (IdEquipaje, CodigoPasajero, IdPasajero, PesoEnKg)
VALUES (371, 'MysnIpg', 371, 3);
INSERT INTO Equipaje (IdEquipaje, CodigoPasajero, IdPasajero, PesoEnKg)
VALUES (372, 'S2QgIkPro', 372, 4);
INSERT INTO Equipaje (IdEquipaje, CodigoPasajero, IdPasajero, PesoEnKg)
VALUES (373, 'yLCIRtvWRFF', 373, 6);
INSERT INTO Equipaje (IdEquipaje, CodigoPasajero, IdPasajero, PesoEnKg)
VALUES (374, 'ZzRK15hucKuY', 374, 17);
INSERT INTO Equipaje (IdEquipaje, CodigoPasajero, IdPasajero, PesoEnKg)
VALUES (375, 'UrjQZqXk', 375, 17);
INSERT INTO Equipaje (IdEquipaje, CodigoPasajero, IdPasajero, PesoEnKg)
VALUES (376, 'gV0IDR9mh', 376, 4);
INSERT INTO Equipaje (IdEquipaje, CodigoPasajero, IdPasajero, PesoEnKg)
VALUES (377, '3k8dhDSkI4Xz', 377, 16);
INSERT INTO Equipaje (IdEquipaje, CodigoPasajero, IdPasajero, PesoEnKg)
VALUES (378, 'NIXchHAjQNPG', 378, 2);
INSERT INTO Equipaje (IdEquipaje, CodigoPasajero, IdPasajero, PesoEnKg)
VALUES (379, 'qHmCN7', 379, 6);
INSERT INTO Equipaje (IdEquipaje, CodigoPasajero, IdPasajero, PesoEnKg)
VALUES (380, 'kPHogkmB', 380, 9);
INSERT INTO Equipaje (IdEquipaje, CodigoPasajero, IdPasajero, PesoEnKg)
VALUES (381, 'IPvmIQe', 381, 5);
INSERT INTO Equipaje (IdEquipaje, CodigoPasajero, IdPasajero, PesoEnKg)
VALUES (382, 'VNEsazg', 382, 2);
INSERT INTO Equipaje (IdEquipaje, CodigoPasajero, IdPasajero, PesoEnKg)
VALUES (383, 'phonGxLR61', 383, 17);
INSERT INTO Equipaje (IdEquipaje, CodigoPasajero, IdPasajero, PesoEnKg)
VALUES (384, 'O8yI94', 384, 1);
INSERT INTO Equipaje (IdEquipaje, CodigoPasajero, IdPasajero, PesoEnKg)
VALUES (385, 'HFuxYXwBB', 385, 14);
INSERT INTO Equipaje (IdEquipaje, CodigoPasajero, IdPasajero, PesoEnKg)
VALUES (386, '7uRTgasNzoX', 386, 12);
INSERT INTO Equipaje (IdEquipaje, CodigoPasajero, IdPasajero, PesoEnKg)
VALUES (387, 'La5MzmI', 387, 14);
INSERT INTO Equipaje (IdEquipaje, CodigoPasajero, IdPasajero, PesoEnKg)
VALUES (388, 'ZoToGRSfao', 388, 6);
INSERT INTO Equipaje (IdEquipaje, CodigoPasajero, IdPasajero, PesoEnKg)
VALUES (389, 'XrC7d7guL', 389, 2);
INSERT INTO Equipaje (IdEquipaje, CodigoPasajero, IdPasajero, PesoEnKg)
VALUES (390, 'ANkyfY', 390, 20);
INSERT INTO Equipaje (IdEquipaje, CodigoPasajero, IdPasajero, PesoEnKg)
VALUES (391, 'ExqYVvRfQM', 391, 13);
INSERT INTO Equipaje (IdEquipaje, CodigoPasajero, IdPasajero, PesoEnKg)
VALUES (392, 'mOHnN7e', 392, 10);
INSERT INTO Equipaje (IdEquipaje, CodigoPasajero, IdPasajero, PesoEnKg)
VALUES (393, 'pc7SsLI', 393, 1);
INSERT INTO Equipaje (IdEquipaje, CodigoPasajero, IdPasajero, PesoEnKg)
VALUES (394, '9P50xzgyp', 394, 8);
INSERT INTO Equipaje (IdEquipaje, CodigoPasajero, IdPasajero, PesoEnKg)
VALUES (395, 'FV9zjxx9nhN', 395, 9);
INSERT INTO Equipaje (IdEquipaje, CodigoPasajero, IdPasajero, PesoEnKg)
VALUES (396, 'mV9kykg5', 396, 2);
INSERT INTO Equipaje (IdEquipaje, CodigoPasajero, IdPasajero, PesoEnKg)
VALUES (397, 'nvBYXK', 397, 5);
INSERT INTO Equipaje (IdEquipaje, CodigoPasajero, IdPasajero, PesoEnKg)
VALUES (398, 'oxpRETMv', 398, 3);
INSERT INTO Equipaje (IdEquipaje, CodigoPasajero, IdPasajero, PesoEnKg)
VALUES (399, 'h3ifRfdDtC', 399, 3);
INSERT INTO Equipaje (IdEquipaje, CodigoPasajero, IdPasajero, PesoEnKg)
VALUES (400, 'jZtkcXPzo', 400, 13);
INSERT INTO Equipaje (IdEquipaje, CodigoPasajero, IdPasajero, PesoEnKg)
VALUES (401, 'bjGYRF', 401, 8);
INSERT INTO Equipaje (IdEquipaje, CodigoPasajero, IdPasajero, PesoEnKg)
VALUES (402, 'WLBAzFsIvRC', 402, 6);
INSERT INTO Equipaje (IdEquipaje, CodigoPasajero, IdPasajero, PesoEnKg)
VALUES (403, 'RBIcNKte', 403, 10);
INSERT INTO Equipaje (IdEquipaje, CodigoPasajero, IdPasajero, PesoEnKg)
VALUES (404, 'WFogQFAe4', 404, 12);
INSERT INTO Equipaje (IdEquipaje, CodigoPasajero, IdPasajero, PesoEnKg)
VALUES (405, 'vWBHvDd20', 405, 5);
INSERT INTO Equipaje (IdEquipaje, CodigoPasajero, IdPasajero, PesoEnKg)
VALUES (406, 'cqLUEyqXSsR', 406, 2);
INSERT INTO Equipaje (IdEquipaje, CodigoPasajero, IdPasajero, PesoEnKg)
VALUES (407, 'hX8s3TA7adTb', 407, 2);
INSERT INTO Equipaje (IdEquipaje, CodigoPasajero, IdPasajero, PesoEnKg)
VALUES (408, 'NQndig1yD', 408, 17);
INSERT INTO Equipaje (IdEquipaje, CodigoPasajero, IdPasajero, PesoEnKg)
VALUES (409, 'YJBs28o6ZZCM', 409, 15);
INSERT INTO Equipaje (IdEquipaje, CodigoPasajero, IdPasajero, PesoEnKg)
VALUES (410, 'aaAnn3cXJou', 410, 19);
INSERT INTO Equipaje (IdEquipaje, CodigoPasajero, IdPasajero, PesoEnKg)
VALUES (411, 's35ImT', 411, 19);
INSERT INTO Equipaje (IdEquipaje, CodigoPasajero, IdPasajero, PesoEnKg)
VALUES (412, 'JIGIKE86VY', 412, 19);
INSERT INTO Equipaje (IdEquipaje, CodigoPasajero, IdPasajero, PesoEnKg)
VALUES (413, '6OaqL18IK', 413, 13);
INSERT INTO Equipaje (IdEquipaje, CodigoPasajero, IdPasajero, PesoEnKg)
VALUES (414, 'OlyVj3l', 414, 9);
INSERT INTO Equipaje (IdEquipaje, CodigoPasajero, IdPasajero, PesoEnKg)
VALUES (415, 'OSATmxIdEAq', 415, 12);
INSERT INTO Equipaje (IdEquipaje, CodigoPasajero, IdPasajero, PesoEnKg)
VALUES (416, 'Rm3Z3Z7z', 416, 6);
INSERT INTO Equipaje (IdEquipaje, CodigoPasajero, IdPasajero, PesoEnKg)
VALUES (417, '5HcuxOcOoj', 417, 3);
INSERT INTO Equipaje (IdEquipaje, CodigoPasajero, IdPasajero, PesoEnKg)
VALUES (418, 'VRAFyL3fNr9', 418, 5);
INSERT INTO Equipaje (IdEquipaje, CodigoPasajero, IdPasajero, PesoEnKg)
VALUES (419, '6ymPK1I0TI', 419, 13);
INSERT INTO Equipaje (IdEquipaje, CodigoPasajero, IdPasajero, PesoEnKg)
VALUES (420, 'C37MplxVu', 420, 7);
INSERT INTO Equipaje (IdEquipaje, CodigoPasajero, IdPasajero, PesoEnKg)
VALUES (421, 'II0H3S', 421, 17);
INSERT INTO Equipaje (IdEquipaje, CodigoPasajero, IdPasajero, PesoEnKg)
VALUES (422, 'wPCkedPt8Y', 422, 20);
INSERT INTO Equipaje (IdEquipaje, CodigoPasajero, IdPasajero, PesoEnKg)
VALUES (423, 'YLRGii', 423, 9);
INSERT INTO Equipaje (IdEquipaje, CodigoPasajero, IdPasajero, PesoEnKg)
VALUES (424, '8kCmoG9hWr8', 424, 14);
INSERT INTO Equipaje (IdEquipaje, CodigoPasajero, IdPasajero, PesoEnKg)
VALUES (425, 'En6hFaye9h', 425, 6);
INSERT INTO Equipaje (IdEquipaje, CodigoPasajero, IdPasajero, PesoEnKg)
VALUES (426, 'cGxkXvUnGF', 426, 16);
INSERT INTO Equipaje (IdEquipaje, CodigoPasajero, IdPasajero, PesoEnKg)
VALUES (427, 'PWcYmus', 427, 16);
INSERT INTO Equipaje (IdEquipaje, CodigoPasajero, IdPasajero, PesoEnKg)
VALUES (428, 'tuVNiottz24', 428, 19);
INSERT INTO Equipaje (IdEquipaje, CodigoPasajero, IdPasajero, PesoEnKg)
VALUES (429, 'fdPbcrlZV', 429, 1);
INSERT INTO Equipaje (IdEquipaje, CodigoPasajero, IdPasajero, PesoEnKg)
VALUES (430, 'brITPnBF1WB8', 430, 7);
INSERT INTO Equipaje (IdEquipaje, CodigoPasajero, IdPasajero, PesoEnKg)
VALUES (431, 'RGtxtG', 431, 10);
INSERT INTO Equipaje (IdEquipaje, CodigoPasajero, IdPasajero, PesoEnKg)
VALUES (432, 'DYT4k78z', 432, 8);
INSERT INTO Equipaje (IdEquipaje, CodigoPasajero, IdPasajero, PesoEnKg)
VALUES (433, 'C1dVGl', 433, 15);
INSERT INTO Equipaje (IdEquipaje, CodigoPasajero, IdPasajero, PesoEnKg)
VALUES (434, 'E0OQx7', 434, 3);
INSERT INTO Equipaje (IdEquipaje, CodigoPasajero, IdPasajero, PesoEnKg)
VALUES (435, 'Vqq1K61L', 435, 16);
INSERT INTO Equipaje (IdEquipaje, CodigoPasajero, IdPasajero, PesoEnKg)
VALUES (436, '7GL2qcSx', 436, 19);
INSERT INTO Equipaje (IdEquipaje, CodigoPasajero, IdPasajero, PesoEnKg)
VALUES (437, 'UbqYHI0', 437, 18);
INSERT INTO Equipaje (IdEquipaje, CodigoPasajero, IdPasajero, PesoEnKg)
VALUES (438, '5YJMed', 438, 5);
INSERT INTO Equipaje (IdEquipaje, CodigoPasajero, IdPasajero, PesoEnKg)
VALUES (439, 'u7bulh', 439, 15);
INSERT INTO Equipaje (IdEquipaje, CodigoPasajero, IdPasajero, PesoEnKg)
VALUES (440, 'JoGJ8lNUoUx', 440, 17);
INSERT INTO Equipaje (IdEquipaje, CodigoPasajero, IdPasajero, PesoEnKg)
VALUES (441, 'v8XkZvNFD', 441, 1);
INSERT INTO Equipaje (IdEquipaje, CodigoPasajero, IdPasajero, PesoEnKg)
VALUES (442, 'TcpTyRTkiQy', 442, 4);
INSERT INTO Equipaje (IdEquipaje, CodigoPasajero, IdPasajero, PesoEnKg)
VALUES (443, 'sC8Uvkfj1qy', 443, 18);
INSERT INTO Equipaje (IdEquipaje, CodigoPasajero, IdPasajero, PesoEnKg)
VALUES (444, 'ZB3mY4FxFSOS', 444, 11);
INSERT INTO Equipaje (IdEquipaje, CodigoPasajero, IdPasajero, PesoEnKg)
VALUES (445, 'cZXWJL', 445, 15);
INSERT INTO Equipaje (IdEquipaje, CodigoPasajero, IdPasajero, PesoEnKg)
VALUES (446, 'qFWwDOZz5j', 446, 10);
INSERT INTO Equipaje (IdEquipaje, CodigoPasajero, IdPasajero, PesoEnKg)
VALUES (447, 'ObrqLhI0urf0', 447, 5);
INSERT INTO Equipaje (IdEquipaje, CodigoPasajero, IdPasajero, PesoEnKg)
VALUES (448, 'mvJ19Vc5', 448, 12);
INSERT INTO Equipaje (IdEquipaje, CodigoPasajero, IdPasajero, PesoEnKg)
VALUES (449, '7UHp6e', 449, 3);
INSERT INTO Equipaje (IdEquipaje, CodigoPasajero, IdPasajero, PesoEnKg)
VALUES (450, 'Chno0Y8ehT2L', 450, 9);
INSERT INTO Equipaje (IdEquipaje, CodigoPasajero, IdPasajero, PesoEnKg)
VALUES (451, 'yMtp56h9', 451, 13);
INSERT INTO Equipaje (IdEquipaje, CodigoPasajero, IdPasajero, PesoEnKg)
VALUES (452, '7l790VYB24', 452, 3);
INSERT INTO Equipaje (IdEquipaje, CodigoPasajero, IdPasajero, PesoEnKg)
VALUES (453, 'aPJ6TojOR', 453, 7);
INSERT INTO Equipaje (IdEquipaje, CodigoPasajero, IdPasajero, PesoEnKg)
VALUES (454, 'PTOWfBP', 454, 1);
INSERT INTO Equipaje (IdEquipaje, CodigoPasajero, IdPasajero, PesoEnKg)
VALUES (455, '21oE8KlSJwHY', 455, 2);
INSERT INTO Equipaje (IdEquipaje, CodigoPasajero, IdPasajero, PesoEnKg)
VALUES (456, 'IBbrdAYHj', 456, 8);
INSERT INTO Equipaje (IdEquipaje, CodigoPasajero, IdPasajero, PesoEnKg)
VALUES (457, 'Z2EHGm8EDGWC', 457, 10);
INSERT INTO Equipaje (IdEquipaje, CodigoPasajero, IdPasajero, PesoEnKg)
VALUES (458, 'RKvpX3od1i8s', 458, 6);
INSERT INTO Equipaje (IdEquipaje, CodigoPasajero, IdPasajero, PesoEnKg)
VALUES (459, 'MbUldP', 459, 1);
INSERT INTO Equipaje (IdEquipaje, CodigoPasajero, IdPasajero, PesoEnKg)
VALUES (460, '4JwAG3', 460, 13);
INSERT INTO Equipaje (IdEquipaje, CodigoPasajero, IdPasajero, PesoEnKg)
VALUES (461, 'BMP9FC7', 461, 20);
INSERT INTO Equipaje (IdEquipaje, CodigoPasajero, IdPasajero, PesoEnKg)
VALUES (462, 'r6fnDufNmOkN', 462, 3);
INSERT INTO Equipaje (IdEquipaje, CodigoPasajero, IdPasajero, PesoEnKg)
VALUES (463, 'tmRyWf', 463, 2);
INSERT INTO Equipaje (IdEquipaje, CodigoPasajero, IdPasajero, PesoEnKg)
VALUES (464, 'Ji8n0P3', 464, 20);
INSERT INTO Equipaje (IdEquipaje, CodigoPasajero, IdPasajero, PesoEnKg)
VALUES (465, '0utMLp3c', 465, 10);
INSERT INTO Equipaje (IdEquipaje, CodigoPasajero, IdPasajero, PesoEnKg)
VALUES (466, 'AHaaTgh', 466, 11);
INSERT INTO Equipaje (IdEquipaje, CodigoPasajero, IdPasajero, PesoEnKg)
VALUES (467, 'uPaQsDhQ5o', 467, 15);
INSERT INTO Equipaje (IdEquipaje, CodigoPasajero, IdPasajero, PesoEnKg)
VALUES (468, 'w0RWGWJrPt', 468, 20);
INSERT INTO Equipaje (IdEquipaje, CodigoPasajero, IdPasajero, PesoEnKg)
VALUES (469, 'VTS7wJrPB', 469, 17);
INSERT INTO Equipaje (IdEquipaje, CodigoPasajero, IdPasajero, PesoEnKg)
VALUES (470, 'WOCLb9CW', 470, 12);
INSERT INTO Equipaje (IdEquipaje, CodigoPasajero, IdPasajero, PesoEnKg)
VALUES (471, 'L8zP34', 471, 2);
INSERT INTO Equipaje (IdEquipaje, CodigoPasajero, IdPasajero, PesoEnKg)
VALUES (472, '4sN7h2qc', 472, 16);
INSERT INTO Equipaje (IdEquipaje, CodigoPasajero, IdPasajero, PesoEnKg)
VALUES (473, 'w6Si5d', 473, 10);
INSERT INTO Equipaje (IdEquipaje, CodigoPasajero, IdPasajero, PesoEnKg)
VALUES (474, 'r5tLp53zz', 474, 10);
INSERT INTO Equipaje (IdEquipaje, CodigoPasajero, IdPasajero, PesoEnKg)
VALUES (475, 'FBXHo9Pl', 475, 20);
INSERT INTO Equipaje (IdEquipaje, CodigoPasajero, IdPasajero, PesoEnKg)
VALUES (476, 'qtRCehaueB', 476, 10);
INSERT INTO Equipaje (IdEquipaje, CodigoPasajero, IdPasajero, PesoEnKg)
VALUES (477, 'D2LcPwZ', 477, 14);
INSERT INTO Equipaje (IdEquipaje, CodigoPasajero, IdPasajero, PesoEnKg)
VALUES (478, 'P0VyrRyPr0FC', 478, 6);
INSERT INTO Equipaje (IdEquipaje, CodigoPasajero, IdPasajero, PesoEnKg)
VALUES (479, 'J0Lj6HEB4Cy', 479, 8);
INSERT INTO Equipaje (IdEquipaje, CodigoPasajero, IdPasajero, PesoEnKg)
VALUES (480, '5IcbbT6Zs', 480, 4);
INSERT INTO Equipaje (IdEquipaje, CodigoPasajero, IdPasajero, PesoEnKg)
VALUES (481, 'VtuvtOBBY2P', 481, 14);
INSERT INTO Equipaje (IdEquipaje, CodigoPasajero, IdPasajero, PesoEnKg)
VALUES (482, 'KvjHwl', 482, 13);
INSERT INTO Equipaje (IdEquipaje, CodigoPasajero, IdPasajero, PesoEnKg)
VALUES (483, 'jKKwRhCvIz', 483, 16);
INSERT INTO Equipaje (IdEquipaje, CodigoPasajero, IdPasajero, PesoEnKg)
VALUES (484, 'JUv2eJXvEZHM', 484, 3);
INSERT INTO Equipaje (IdEquipaje, CodigoPasajero, IdPasajero, PesoEnKg)
VALUES (485, 'USSVgn', 485, 12);
INSERT INTO Equipaje (IdEquipaje, CodigoPasajero, IdPasajero, PesoEnKg)
VALUES (486, 'f5txv0Q', 486, 11);
INSERT INTO Equipaje (IdEquipaje, CodigoPasajero, IdPasajero, PesoEnKg)
VALUES (487, '8tLjxuQHds', 487, 14);
INSERT INTO Equipaje (IdEquipaje, CodigoPasajero, IdPasajero, PesoEnKg)
VALUES (488, 'buGdCT0eJ', 488, 6);
INSERT INTO Equipaje (IdEquipaje, CodigoPasajero, IdPasajero, PesoEnKg)
VALUES (489, 'H9YS37jGCJ', 489, 8);
INSERT INTO Equipaje (IdEquipaje, CodigoPasajero, IdPasajero, PesoEnKg)
VALUES (490, 'F8pstpXMjn', 490, 17);
INSERT INTO Equipaje (IdEquipaje, CodigoPasajero, IdPasajero, PesoEnKg)
VALUES (491, 'KxNQm7w', 491, 5);
INSERT INTO Equipaje (IdEquipaje, CodigoPasajero, IdPasajero, PesoEnKg)
VALUES (492, 'ViqL4rJIpQ', 492, 10);
INSERT INTO Equipaje (IdEquipaje, CodigoPasajero, IdPasajero, PesoEnKg)
VALUES (493, 'DR7BE03q9EfT', 493, 3);
INSERT INTO Equipaje (IdEquipaje, CodigoPasajero, IdPasajero, PesoEnKg)
VALUES (494, 'xcKRP75', 494, 7);
INSERT INTO Equipaje (IdEquipaje, CodigoPasajero, IdPasajero, PesoEnKg)
VALUES (495, '9k8IcLAGbaU', 495, 18);
INSERT INTO Equipaje (IdEquipaje, CodigoPasajero, IdPasajero, PesoEnKg)
VALUES (496, 'HBdwhhAF', 496, 5);
INSERT INTO Equipaje (IdEquipaje, CodigoPasajero, IdPasajero, PesoEnKg)
VALUES (497, 'KJ0ucPQ', 497, 19);
INSERT INTO Equipaje (IdEquipaje, CodigoPasajero, IdPasajero, PesoEnKg)
VALUES (498, 'YP8fRskp8MT7', 498, 4);
INSERT INTO Equipaje (IdEquipaje, CodigoPasajero, IdPasajero, PesoEnKg)
VALUES (499, 'PTCW0kv', 499, 4);
INSERT INTO Equipaje (IdEquipaje, CodigoPasajero, IdPasajero, PesoEnKg)
VALUES (500, 'uinIkMzO1l', 500, 17);


INSERT INTO Pasaporte (IdPasaporte, NumeroPasaporte, Nacionalidad, IdPasajero)
VALUES (1, 'FR34 4852 0459 37SC Z4CH VDYR 917', 'Japan', 1);
INSERT INTO Pasaporte (IdPasaporte, NumeroPasaporte, Nacionalidad, IdPasajero)
VALUES (2, 'GB71 VITP 7037 3518 6821 15', 'Pakistan', 2);
INSERT INTO Pasaporte (IdPasaporte, NumeroPasaporte, Nacionalidad, IdPasajero)
VALUES (3, 'BR09 4751 6922 4978 5810 4350 331Z M', 'Lithuania', 3);
INSERT INTO Pasaporte (IdPasaporte, NumeroPasaporte, Nacionalidad, IdPasajero)
VALUES (4, 'FR09 1552 1520 13CY 4EOU 1MAM Y51', 'Kosovo', 4);
INSERT INTO Pasaporte (IdPasaporte, NumeroPasaporte, Nacionalidad, IdPasajero)
VALUES (5, 'KW76 EUKH TB5F 46KY Q6AE D2SH BQNT M3', 'Cambodia', 5);
INSERT INTO Pasaporte (IdPasaporte, NumeroPasaporte, Nacionalidad, IdPasajero)
VALUES (6, 'GL25 9717 8317 2858 11', 'France', 6);
INSERT INTO Pasaporte (IdPasaporte, NumeroPasaporte, Nacionalidad, IdPasajero)
VALUES (7, 'GE73 GQ88 3581 0929 3626 05', 'China', 7);
INSERT INTO Pasaporte (IdPasaporte, NumeroPasaporte, Nacionalidad, IdPasajero)
VALUES (8, 'CZ55 8480 5154 1017 6141 9556', 'Mexico', 8);
INSERT INTO Pasaporte (IdPasaporte, NumeroPasaporte, Nacionalidad, IdPasajero)
VALUES (9, 'PK38 ANVZ 05YD 2UYC SITT CBCM', 'Russia', 9);
INSERT INTO Pasaporte (IdPasaporte, NumeroPasaporte, Nacionalidad, IdPasajero)
VALUES (10, 'GT12 OQLC ZVGI 3N33 KSNQ TNB5 IQIL', 'China', 10);
INSERT INTO Pasaporte (IdPasaporte, NumeroPasaporte, Nacionalidad, IdPasajero)
VALUES (11, 'CH89 1117 2FDO XJFE JHVC M', 'China', 11);
INSERT INTO Pasaporte (IdPasaporte, NumeroPasaporte, Nacionalidad, IdPasajero)
VALUES (12, 'MR26 1294 4852 1655 9657 0751 290', 'Ukraine', 12);
INSERT INTO Pasaporte (IdPasaporte, NumeroPasaporte, Nacionalidad, IdPasajero)
VALUES (13, 'CH27 7113 5RTA 6ATN APSU E', 'Poland', 13);
INSERT INTO Pasaporte (IdPasaporte, NumeroPasaporte, Nacionalidad, IdPasajero)
VALUES (14, 'TR64 8192 5DSF 2GSZ YQMR AIOK SR', 'Palestinian Territory', 14);
INSERT INTO Pasaporte (IdPasaporte, NumeroPasaporte, Nacionalidad, IdPasajero)
VALUES (15, 'AL69 3288 6865 7JFR H5XO YGAE MZCA', 'Jamaica', 15);
INSERT INTO Pasaporte (IdPasaporte, NumeroPasaporte, Nacionalidad, IdPasajero)
VALUES (16, 'MD71 NCOI GPFB CPSL CWH3 SZO7', 'Peru', 16);
INSERT INTO Pasaporte (IdPasaporte, NumeroPasaporte, Nacionalidad, IdPasajero)
VALUES (17, 'RO30 DTYZ WLFR MIB7 NAUG SNC7', 'China', 17);
INSERT INTO Pasaporte (IdPasaporte, NumeroPasaporte, Nacionalidad, IdPasajero)
VALUES (18, 'AE03 1521 5005 0834 7400 235', 'Philippines', 18);
INSERT INTO Pasaporte (IdPasaporte, NumeroPasaporte, Nacionalidad, IdPasajero)
VALUES (19, 'FR98 2119 2635 350B RR7A KQUK X83', 'Thailand', 19);
INSERT INTO Pasaporte (IdPasaporte, NumeroPasaporte, Nacionalidad, IdPasajero)
VALUES (20, 'FO38 4629 2950 3804 56', 'China', 20);
INSERT INTO Pasaporte (IdPasaporte, NumeroPasaporte, Nacionalidad, IdPasajero)
VALUES (21, 'GB98 KAQO 2559 1327 0938 12', 'China', 21);
INSERT INTO Pasaporte (IdPasaporte, NumeroPasaporte, Nacionalidad, IdPasajero)
VALUES (22, 'FO67 9078 6909 0308 87', 'Thailand', 22);
INSERT INTO Pasaporte (IdPasaporte, NumeroPasaporte, Nacionalidad, IdPasajero)
VALUES (23, 'NO50 5859 6873 767', 'Indonesia', 23);
INSERT INTO Pasaporte (IdPasaporte, NumeroPasaporte, Nacionalidad, IdPasajero)
VALUES (24, 'NO74 6555 7050 038', 'Russia', 24);
INSERT INTO Pasaporte (IdPasaporte, NumeroPasaporte, Nacionalidad, IdPasajero)
VALUES (25, 'LU24 610N OZEQ 6ES7 VNON', 'Indonesia', 25);
INSERT INTO Pasaporte (IdPasaporte, NumeroPasaporte, Nacionalidad, IdPasajero)
VALUES (26, 'DE06 8387 1633 4394 4197 18', 'Colombia', 26);
INSERT INTO Pasaporte (IdPasaporte, NumeroPasaporte, Nacionalidad, IdPasajero)
VALUES (27, 'MK52 963B WOYW AS4N S27', 'Morocco', 27);
INSERT INTO Pasaporte (IdPasaporte, NumeroPasaporte, Nacionalidad, IdPasajero)
VALUES (28, 'DK57 9900 6131 4150 79', 'Philippines', 28);
INSERT INTO Pasaporte (IdPasaporte, NumeroPasaporte, Nacionalidad, IdPasajero)
VALUES (29, 'AZ75 NEBG XG5B DEWT DRDH REL7 557A', 'China', 29);
INSERT INTO Pasaporte (IdPasaporte, NumeroPasaporte, Nacionalidad, IdPasajero)
VALUES (30, 'FR64 0234 9826 25BO LDBC WL89 540', 'China', 30);
INSERT INTO Pasaporte (IdPasaporte, NumeroPasaporte, Nacionalidad, IdPasajero)
VALUES (31, 'FO27 1853 9646 2898 11', 'Thailand', 31);
INSERT INTO Pasaporte (IdPasaporte, NumeroPasaporte, Nacionalidad, IdPasajero)
VALUES (32, 'IL37 9416 1715 7443 5087 581', 'Indonesia', 32);
INSERT INTO Pasaporte (IdPasaporte, NumeroPasaporte, Nacionalidad, IdPasajero)
VALUES (33, 'KZ55 968V BTBK BHXR MUZO', 'Tanzania', 33);
INSERT INTO Pasaporte (IdPasaporte, NumeroPasaporte, Nacionalidad, IdPasajero)
VALUES (34, 'ME15 8963 8843 1298 4596 03', 'Czech Republic', 34);
INSERT INTO Pasaporte (IdPasaporte, NumeroPasaporte, Nacionalidad, IdPasajero)
VALUES (35, 'FR70 9486 9646 888Q I8UN DGX3 534', 'Philippines', 35);
INSERT INTO Pasaporte (IdPasaporte, NumeroPasaporte, Nacionalidad, IdPasajero)
VALUES (36, 'HU74 5403 1258 3909 8167 5412 8938', 'China', 36);
INSERT INTO Pasaporte (IdPasaporte, NumeroPasaporte, Nacionalidad, IdPasajero)
VALUES (37, 'DO02 2HFI 5115 1926 8144 0836 5156', 'Sweden', 37);
INSERT INTO Pasaporte (IdPasaporte, NumeroPasaporte, Nacionalidad, IdPasajero)
VALUES (38, 'SI83 6802 4894 6587 940', 'Colombia', 38);
INSERT INTO Pasaporte (IdPasaporte, NumeroPasaporte, Nacionalidad, IdPasajero)
VALUES (39, 'AZ91 BZII 2XDY YFMR IY1E ZNGF T2AM', 'China', 39);
INSERT INTO Pasaporte (IdPasaporte, NumeroPasaporte, Nacionalidad, IdPasajero)
VALUES (40, 'PL67 7549 1294 4244 3865 2792 9880', 'Indonesia', 40);
INSERT INTO Pasaporte (IdPasaporte, NumeroPasaporte, Nacionalidad, IdPasajero)
VALUES (41, 'PT29 5430 9938 5200 0006 9725 6', 'China', 41);
INSERT INTO Pasaporte (IdPasaporte, NumeroPasaporte, Nacionalidad, IdPasajero)
VALUES (42, 'VG42 WOPZ 1527 0195 6138 5688', 'Finland', 42);
INSERT INTO Pasaporte (IdPasaporte, NumeroPasaporte, Nacionalidad, IdPasajero)
VALUES (43, 'VG38 IQSX 3178 5082 6551 2305', 'Luxembourg', 43);
INSERT INTO Pasaporte (IdPasaporte, NumeroPasaporte, Nacionalidad, IdPasajero)
VALUES (44, 'IT76 Q668 7401 3440 MIMP 5HZR LWR', 'Poland', 44);
INSERT INTO Pasaporte (IdPasaporte, NumeroPasaporte, Nacionalidad, IdPasajero)
VALUES (45, 'EE54 8979 6305 8328 5523', 'Botswana', 45);
INSERT INTO Pasaporte (IdPasaporte, NumeroPasaporte, Nacionalidad, IdPasajero)
VALUES (46, 'FR65 3685 8545 73JV 92QX 2IOJ V33', 'Indonesia', 46);
INSERT INTO Pasaporte (IdPasaporte, NumeroPasaporte, Nacionalidad, IdPasajero)
VALUES (47, 'FR68 8252 4868 94MG VR9S PJO5 Q78', 'Netherlands', 47);
INSERT INTO Pasaporte (IdPasaporte, NumeroPasaporte, Nacionalidad, IdPasajero)
VALUES (48, 'LI14 2636 0IN2 F1P0 FJLV U', 'Philippines', 48);
INSERT INTO Pasaporte (IdPasaporte, NumeroPasaporte, Nacionalidad, IdPasajero)
VALUES (49, 'FR08 1434 4859 72KM WNH7 GAPS 636', 'Netherlands', 49);
INSERT INTO Pasaporte (IdPasaporte, NumeroPasaporte, Nacionalidad, IdPasajero)
VALUES (50, 'LT58 9971 3821 6729 5184', 'Indonesia', 50);
INSERT INTO Pasaporte (IdPasaporte, NumeroPasaporte, Nacionalidad, IdPasajero)
VALUES (51, 'BG38 OXQS 3191 93KE UNXS D7', 'Colombia', 51);
INSERT INTO Pasaporte (IdPasaporte, NumeroPasaporte, Nacionalidad, IdPasajero)
VALUES (52, 'GR97 0355 023R 4LQ0 JSWY G0BY SDS', 'Indonesia', 52);
INSERT INTO Pasaporte (IdPasaporte, NumeroPasaporte, Nacionalidad, IdPasajero)
VALUES (53, 'FR08 6978 3173 65II H17T 32J2 L71', 'Ukraine', 53);
INSERT INTO Pasaporte (IdPasaporte, NumeroPasaporte, Nacionalidad, IdPasajero)
VALUES (54, 'AT21 0998 3917 5368 7086', 'Argentina', 54);
INSERT INTO Pasaporte (IdPasaporte, NumeroPasaporte, Nacionalidad, IdPasajero)
VALUES (55, 'LI62 4351 1DJY DPQO ITKK E', 'Pakistan', 55);
INSERT INTO Pasaporte (IdPasaporte, NumeroPasaporte, Nacionalidad, IdPasajero)
VALUES (56, 'PK45 RXNN I2ND G51K 30WJ IP45', 'Costa Rica', 56);
INSERT INTO Pasaporte (IdPasaporte, NumeroPasaporte, Nacionalidad, IdPasajero)
VALUES (57, 'BR27 4053 8204 0217 8058 5121 748W W', 'China', 57);
INSERT INTO Pasaporte (IdPasaporte, NumeroPasaporte, Nacionalidad, IdPasajero)
VALUES (58, 'SA68 778V KJ0X JJ78 04GM CGH6', 'Brazil', 58);
INSERT INTO Pasaporte (IdPasaporte, NumeroPasaporte, Nacionalidad, IdPasajero)
VALUES (59, 'MT13 WHXB 4820 9YVR XGTJ HOOH PZGO I1P', 'China', 59);
INSERT INTO Pasaporte (IdPasaporte, NumeroPasaporte, Nacionalidad, IdPasajero)
VALUES (60, 'ME37 2305 8428 8373 4322 59', 'Indonesia', 60);
INSERT INTO Pasaporte (IdPasaporte, NumeroPasaporte, Nacionalidad, IdPasajero)
VALUES (61, 'LI03 8622 5KPC LBSA RFEI O', 'Argentina', 61);
INSERT INTO Pasaporte (IdPasaporte, NumeroPasaporte, Nacionalidad, IdPasajero)
VALUES (62, 'GL40 3320 6800 1135 34', 'Philippines', 62);
INSERT INTO Pasaporte (IdPasaporte, NumeroPasaporte, Nacionalidad, IdPasajero)
VALUES (63, 'SE13 3610 7849 2939 4261 8376', 'France', 63);
INSERT INTO Pasaporte (IdPasaporte, NumeroPasaporte, Nacionalidad, IdPasajero)
VALUES (64, 'LV61 AUSB IA8T GYNO YY5I E', 'Norway', 64);
INSERT INTO Pasaporte (IdPasaporte, NumeroPasaporte, Nacionalidad, IdPasajero)
VALUES (65, 'FR91 7637 3705 73HM PMPX PMQD 382', 'Indonesia', 65);
INSERT INTO Pasaporte (IdPasaporte, NumeroPasaporte, Nacionalidad, IdPasajero)
VALUES (66, 'LV77 HENL 3QSK DNFT ISFD H', 'Czech Republic', 66);
INSERT INTO Pasaporte (IdPasaporte, NumeroPasaporte, Nacionalidad, IdPasajero)
VALUES (67, 'SA58 94I7 LM33 G20D 9W4A BGNB', 'China', 67);
INSERT INTO Pasaporte (IdPasaporte, NumeroPasaporte, Nacionalidad, IdPasajero)
VALUES (68, 'AL33 2828 4716 KGU0 U8WI KMPZ IIOA', 'South Korea', 68);
INSERT INTO Pasaporte (IdPasaporte, NumeroPasaporte, Nacionalidad, IdPasajero)
VALUES (69, 'IL40 5111 6793 9220 0948 355', 'China', 69);
INSERT INTO Pasaporte (IdPasaporte, NumeroPasaporte, Nacionalidad, IdPasajero)
VALUES (70, 'FR49 5514 5097 84Q4 HKFX BAEZ H67', 'Indonesia', 70);
INSERT INTO Pasaporte (IdPasaporte, NumeroPasaporte, Nacionalidad, IdPasajero)
VALUES (71, 'SI28 3061 8020 9152 504', 'China', 71);
INSERT INTO Pasaporte (IdPasaporte, NumeroPasaporte, Nacionalidad, IdPasajero)
VALUES (72, 'MT70 BYTF 4223 5EPL 8YKM XKPN 7ZBW ADU', 'Portugal', 72);
INSERT INTO Pasaporte (IdPasaporte, NumeroPasaporte, Nacionalidad, IdPasajero)
VALUES (73, 'MD88 VJHN XZFH HT5S 023R AC69', 'Honduras', 73);
INSERT INTO Pasaporte (IdPasaporte, NumeroPasaporte, Nacionalidad, IdPasajero)
VALUES (74, 'LV16 PFDA NQSR 1MM8 Z1HK 1', 'Colombia', 74);
INSERT INTO Pasaporte (IdPasaporte, NumeroPasaporte, Nacionalidad, IdPasajero)
VALUES (75, 'LT86 8504 1330 3915 4621', 'Ukraine', 75);
INSERT INTO Pasaporte (IdPasaporte, NumeroPasaporte, Nacionalidad, IdPasajero)
VALUES (76, 'MU93 AUDA 1758 5241 8760 5354 648A ZJ', 'China', 76);
INSERT INTO Pasaporte (IdPasaporte, NumeroPasaporte, Nacionalidad, IdPasajero)
VALUES (77, 'GL46 1028 2336 2695 35', 'China', 77);
INSERT INTO Pasaporte (IdPasaporte, NumeroPasaporte, Nacionalidad, IdPasajero)
VALUES (78, 'MR27 7079 8430 5074 4305 9959 707', 'Brazil', 78);
INSERT INTO Pasaporte (IdPasaporte, NumeroPasaporte, Nacionalidad, IdPasajero)
VALUES (79, 'MK65 2953 OPQO KLZD 630', 'Portugal', 79);
INSERT INTO Pasaporte (IdPasaporte, NumeroPasaporte, Nacionalidad, IdPasajero)
VALUES (80, 'CZ52 9371 3525 7826 0242 2204', 'Indonesia', 80);
INSERT INTO Pasaporte (IdPasaporte, NumeroPasaporte, Nacionalidad, IdPasajero)
VALUES (81, 'SI88 8286 5421 2507 894', 'Indonesia', 81);
INSERT INTO Pasaporte (IdPasaporte, NumeroPasaporte, Nacionalidad, IdPasajero)
VALUES (82, 'FR84 4510 0538 22U6 BQIJ LRDQ C61', 'Tanzania', 82);
INSERT INTO Pasaporte (IdPasaporte, NumeroPasaporte, Nacionalidad, IdPasajero)
VALUES (83, 'SK76 3622 2321 0998 1487 9637', 'Indonesia', 83);
INSERT INTO Pasaporte (IdPasaporte, NumeroPasaporte, Nacionalidad, IdPasajero)
VALUES (84, 'TN33 4705 9280 6070 0755 8166', 'Argentina', 84);
INSERT INTO Pasaporte (IdPasaporte, NumeroPasaporte, Nacionalidad, IdPasajero)
VALUES (85, 'HR75 4046 2132 3270 7836 2', 'Vietnam', 85);
INSERT INTO Pasaporte (IdPasaporte, NumeroPasaporte, Nacionalidad, IdPasajero)
VALUES (86, 'HU54 4765 6255 8978 6307 9095 0158', 'China', 86);
INSERT INTO Pasaporte (IdPasaporte, NumeroPasaporte, Nacionalidad, IdPasajero)
VALUES (87, 'IE75 UGTG 5276 1095 7950 98', 'Mexico', 87);
INSERT INTO Pasaporte (IdPasaporte, NumeroPasaporte, Nacionalidad, IdPasajero)
VALUES (88, 'FR36 5670 8077 94VD C3YP 6PGQ Q45', 'Afghanistan', 88);
INSERT INTO Pasaporte (IdPasaporte, NumeroPasaporte, Nacionalidad, IdPasajero)
VALUES (89, 'FR51 1578 8109 241I MQUE EAYL D58', 'Portugal', 89);
INSERT INTO Pasaporte (IdPasaporte, NumeroPasaporte, Nacionalidad, IdPasajero)
VALUES (90, 'IE73 DHTF 2399 2616 2035 68', 'Brazil', 90);
INSERT INTO Pasaporte (IdPasaporte, NumeroPasaporte, Nacionalidad, IdPasajero)
VALUES (91, 'SK05 4986 1072 5468 4829 8026', 'Indonesia', 91);
INSERT INTO Pasaporte (IdPasaporte, NumeroPasaporte, Nacionalidad, IdPasajero)
VALUES (92, 'GE40 DT85 2353 6051 0674 55', 'China', 92);
INSERT INTO Pasaporte (IdPasaporte, NumeroPasaporte, Nacionalidad, IdPasajero)
VALUES (93, 'CY66 4411 0828 PFLY HUGF 7PNZ ETUX', 'Indonesia', 93);
INSERT INTO Pasaporte (IdPasaporte, NumeroPasaporte, Nacionalidad, IdPasajero)
VALUES (94, 'AL43 2432 2544 PW0J EEUI NIYW D2U9', 'Brazil', 94);
INSERT INTO Pasaporte (IdPasaporte, NumeroPasaporte, Nacionalidad, IdPasajero)
VALUES (95, 'VG59 VDND 7207 5271 8600 5134', 'Sweden', 95);
INSERT INTO Pasaporte (IdPasaporte, NumeroPasaporte, Nacionalidad, IdPasajero)
VALUES (96, 'FR34 6047 2548 48AI HJAD OCAH S05', 'Poland', 96);
INSERT INTO Pasaporte (IdPasaporte, NumeroPasaporte, Nacionalidad, IdPasajero)
VALUES (97, 'VG24 CMNU 0736 8184 0494 4641', 'China', 97);
INSERT INTO Pasaporte (IdPasaporte, NumeroPasaporte, Nacionalidad, IdPasajero)
VALUES (98, 'LB20 4342 ZEF7 UPM8 RFEY VIBF Z3DF', 'Indonesia', 98);
INSERT INTO Pasaporte (IdPasaporte, NumeroPasaporte, Nacionalidad, IdPasajero)
VALUES (99, 'KZ72 068C 1P18 QF7M IPPP', 'China', 99);
INSERT INTO Pasaporte (IdPasaporte, NumeroPasaporte, Nacionalidad, IdPasajero)
VALUES (100, 'GI19 PVWA FDF6 GDCN IAXL EPZ', 'Portugal', 100);
INSERT INTO Pasaporte (IdPasaporte, NumeroPasaporte, Nacionalidad, IdPasajero)
VALUES (101, 'AL66 4679 3514 M2TQ MMWR JLNE MS9Q', 'United Kingdom', 101);
INSERT INTO Pasaporte (IdPasaporte, NumeroPasaporte, Nacionalidad, IdPasajero)
VALUES (102, 'PT87 0077 3799 8939 0351 1547 9', 'Ukraine', 102);
INSERT INTO Pasaporte (IdPasaporte, NumeroPasaporte, Nacionalidad, IdPasajero)
VALUES (103, 'IL03 9822 7370 9361 9619 101', 'Vietnam', 103);
INSERT INTO Pasaporte (IdPasaporte, NumeroPasaporte, Nacionalidad, IdPasajero)
VALUES (104, 'NO29 5160 0391 021', 'China', 104);
INSERT INTO Pasaporte (IdPasaporte, NumeroPasaporte, Nacionalidad, IdPasajero)
VALUES (105, 'KW50 DNYN V0Z9 LBHD RG7L 8AUG JU7Q HJ', 'Peru', 105);
INSERT INTO Pasaporte (IdPasaporte, NumeroPasaporte, Nacionalidad, IdPasajero)
VALUES (106, 'MK41 045E HICV E9Z7 319', 'Indonesia', 106);
INSERT INTO Pasaporte (IdPasaporte, NumeroPasaporte, Nacionalidad, IdPasajero)
VALUES (107, 'IL52 2601 1362 8130 3010 689', 'Egypt', 107);
INSERT INTO Pasaporte (IdPasaporte, NumeroPasaporte, Nacionalidad, IdPasajero)
VALUES (108, 'GT36 1RXL UQ0C 43VG S2TI JQW2 3PDJ', 'Russia', 108);
INSERT INTO Pasaporte (IdPasaporte, NumeroPasaporte, Nacionalidad, IdPasajero)
VALUES (109, 'MK92 758P POSG 8JXS I96', 'Brazil', 109);
INSERT INTO Pasaporte (IdPasaporte, NumeroPasaporte, Nacionalidad, IdPasajero)
VALUES (110, 'LT37 3879 9884 6942 6971', 'Pakistan', 110);
INSERT INTO Pasaporte (IdPasaporte, NumeroPasaporte, Nacionalidad, IdPasajero)
VALUES (111, 'MR88 0321 3136 3721 9865 4798 968', 'Cameroon', 111);
INSERT INTO Pasaporte (IdPasaporte, NumeroPasaporte, Nacionalidad, IdPasajero)
VALUES (112, 'AD57 9324 0851 FCAY NBMR PDB0', 'Russia', 112);
INSERT INTO Pasaporte (IdPasaporte, NumeroPasaporte, Nacionalidad, IdPasajero)
VALUES (113, 'FR20 2136 8176 876A YQWF HLCI O50', 'Spain', 113);
INSERT INTO Pasaporte (IdPasaporte, NumeroPasaporte, Nacionalidad, IdPasajero)
VALUES (114, 'IS55 3140 5944 9470 5630 7670 39', 'China', 114);
INSERT INTO Pasaporte (IdPasaporte, NumeroPasaporte, Nacionalidad, IdPasajero)
VALUES (115, 'PK05 TVFW MH14 UM2L NYS4 Z0WY', 'Sweden', 115);
INSERT INTO Pasaporte (IdPasaporte, NumeroPasaporte, Nacionalidad, IdPasajero)
VALUES (116, 'SI25 9400 2334 8998 256', 'China', 116);
INSERT INTO Pasaporte (IdPasaporte, NumeroPasaporte, Nacionalidad, IdPasajero)
VALUES (117, 'AT76 7333 8432 7409 3662', 'Brazil', 117);
INSERT INTO Pasaporte (IdPasaporte, NumeroPasaporte, Nacionalidad, IdPasajero)
VALUES (118, 'RS15 4692 0752 4062 7693 57', 'China', 118);
INSERT INTO Pasaporte (IdPasaporte, NumeroPasaporte, Nacionalidad, IdPasajero)
VALUES (119, 'GE33 JJ55 4396 7924 4614 88', 'Comoros', 119);
INSERT INTO Pasaporte (IdPasaporte, NumeroPasaporte, Nacionalidad, IdPasajero)
VALUES (120, 'MU04 FUYL 3625 0730 1550 6037 011Q FT', 'China', 120);
INSERT INTO Pasaporte (IdPasaporte, NumeroPasaporte, Nacionalidad, IdPasajero)
VALUES (121, 'PT58 8117 0832 3475 3327 6024 3', 'Pakistan', 121);
INSERT INTO Pasaporte (IdPasaporte, NumeroPasaporte, Nacionalidad, IdPasajero)
VALUES (122, 'SM71 B715 4223 967D RBYN QF17 4E6', 'New Zealand', 122);
INSERT INTO Pasaporte (IdPasaporte, NumeroPasaporte, Nacionalidad, IdPasajero)
VALUES (123, 'IS80 9933 8201 3680 6489 7458 10', 'Philippines', 123);
INSERT INTO Pasaporte (IdPasaporte, NumeroPasaporte, Nacionalidad, IdPasajero)
VALUES (124, 'DK15 1660 8541 2946 48', 'Peru', 124);
INSERT INTO Pasaporte (IdPasaporte, NumeroPasaporte, Nacionalidad, IdPasajero)
VALUES (125, 'GB05 MYCE 9880 1935 6995 45', 'Venezuela', 125);
INSERT INTO Pasaporte (IdPasaporte, NumeroPasaporte, Nacionalidad, IdPasajero)
VALUES (126, 'TN70 5904 8711 8704 6902 1395', 'China', 126);
INSERT INTO Pasaporte (IdPasaporte, NumeroPasaporte, Nacionalidad, IdPasajero)
VALUES (127, 'AE33 2592 9878 8563 2355 331', 'Portugal', 127);
INSERT INTO Pasaporte (IdPasaporte, NumeroPasaporte, Nacionalidad, IdPasajero)
VALUES (128, 'PL54 4286 7459 6893 4426 4649 8748', 'Ecuador', 128);
INSERT INTO Pasaporte (IdPasaporte, NumeroPasaporte, Nacionalidad, IdPasajero)
VALUES (129, 'CH04 3662 0YXU YKF6 IVNA U', 'Japan', 129);
INSERT INTO Pasaporte (IdPasaporte, NumeroPasaporte, Nacionalidad, IdPasajero)
VALUES (130, 'VG92 UIWW 1386 4313 0009 6547', 'Indonesia', 130);
INSERT INTO Pasaporte (IdPasaporte, NumeroPasaporte, Nacionalidad, IdPasajero)
VALUES (131, 'IL14 1261 0461 3665 9693 940', 'Portugal', 131);
INSERT INTO Pasaporte (IdPasaporte, NumeroPasaporte, Nacionalidad, IdPasajero)
VALUES (132, 'NL30 BPBO 0771 1462 20', 'Japan', 132);
INSERT INTO Pasaporte (IdPasaporte, NumeroPasaporte, Nacionalidad, IdPasajero)
VALUES (133, 'FR21 5159 3838 92SV HMT2 GIAL U92', 'Russia', 133);
INSERT INTO Pasaporte (IdPasaporte, NumeroPasaporte, Nacionalidad, IdPasajero)
VALUES (134, 'LU45 630N JVKW RYEP U2RQ', 'Argentina', 134);
INSERT INTO Pasaporte (IdPasaporte, NumeroPasaporte, Nacionalidad, IdPasajero)
VALUES (135, 'FR41 1236 6191 43V9 88ON F7QV N86', 'Russia', 135);
INSERT INTO Pasaporte (IdPasaporte, NumeroPasaporte, Nacionalidad, IdPasajero)
VALUES (136, 'GB55 ZWTC 3754 0059 1860 04', 'Indonesia', 136);
INSERT INTO Pasaporte (IdPasaporte, NumeroPasaporte, Nacionalidad, IdPasajero)
VALUES (137, 'FR78 5172 0689 27VE ZHGD ZRBP V85', 'Peru', 137);
INSERT INTO Pasaporte (IdPasaporte, NumeroPasaporte, Nacionalidad, IdPasajero)
VALUES (138, 'BG63 GMEH 5116 17PW Z7ZO ZI', 'Russia', 138);
INSERT INTO Pasaporte (IdPasaporte, NumeroPasaporte, Nacionalidad, IdPasajero)
VALUES (139, 'ES59 9827 4860 7996 8901 0582', 'Indonesia', 139);
INSERT INTO Pasaporte (IdPasaporte, NumeroPasaporte, Nacionalidad, IdPasajero)
VALUES (140, 'CH17 3873 667W IUPK KVYL L', 'Turkmenistan', 140);
INSERT INTO Pasaporte (IdPasaporte, NumeroPasaporte, Nacionalidad, IdPasajero)
VALUES (141, 'SK70 2918 2886 0921 6322 0572', 'South Korea', 141);
INSERT INTO Pasaporte (IdPasaporte, NumeroPasaporte, Nacionalidad, IdPasajero)
VALUES (142, 'GL50 9505 8268 9132 16', 'China', 142);
INSERT INTO Pasaporte (IdPasaporte, NumeroPasaporte, Nacionalidad, IdPasajero)
VALUES (143, 'LT40 9985 5274 3536 5480', 'Canada', 143);
INSERT INTO Pasaporte (IdPasaporte, NumeroPasaporte, Nacionalidad, IdPasajero)
VALUES (144, 'FO38 1572 7816 2125 30', 'Gambia', 144);
INSERT INTO Pasaporte (IdPasaporte, NumeroPasaporte, Nacionalidad, IdPasajero)
VALUES (145, 'CY40 1076 0663 HA9L PY0H BHAT EMDR', 'Nigeria', 145);
INSERT INTO Pasaporte (IdPasaporte, NumeroPasaporte, Nacionalidad, IdPasajero)
VALUES (146, 'RS26 6566 4767 8230 9979 53', 'Russia', 146);
INSERT INTO Pasaporte (IdPasaporte, NumeroPasaporte, Nacionalidad, IdPasajero)
VALUES (147, 'FR26 2692 2501 60TU BEYW B9N0 A44', 'Japan', 147);
INSERT INTO Pasaporte (IdPasaporte, NumeroPasaporte, Nacionalidad, IdPasajero)
VALUES (148, 'ES27 9463 5423 3017 0919 9478', 'United States', 148);
INSERT INTO Pasaporte (IdPasaporte, NumeroPasaporte, Nacionalidad, IdPasajero)
VALUES (149, 'SI71 7593 9604 0978 250', 'Canada', 149);
INSERT INTO Pasaporte (IdPasaporte, NumeroPasaporte, Nacionalidad, IdPasajero)
VALUES (150, 'KW55 SRYF KFLR XNWF YS1I YBOW 77ZU DI', 'Croatia', 150);
INSERT INTO Pasaporte (IdPasaporte, NumeroPasaporte, Nacionalidad, IdPasajero)
VALUES (151, 'FR96 8412 0754 52UH LDKZ OX6B E91', 'Portugal', 151);
INSERT INTO Pasaporte (IdPasaporte, NumeroPasaporte, Nacionalidad, IdPasajero)
VALUES (152, 'LI22 4286 0TOE SYPL SZ8R Q', 'Armenia', 152);
INSERT INTO Pasaporte (IdPasaporte, NumeroPasaporte, Nacionalidad, IdPasajero)
VALUES (153, 'HR70 4963 7274 9543 9208 4', 'United States', 153);
INSERT INTO Pasaporte (IdPasaporte, NumeroPasaporte, Nacionalidad, IdPasajero)
VALUES (154, 'FR85 6559 8453 44W2 WNAK RFU0 I79', 'Yemen', 154);
INSERT INTO Pasaporte (IdPasaporte, NumeroPasaporte, Nacionalidad, IdPasajero)
VALUES (155, 'SE97 6177 1312 9609 0747 9490', 'China', 155);
INSERT INTO Pasaporte (IdPasaporte, NumeroPasaporte, Nacionalidad, IdPasajero)
VALUES (156, 'IS62 8932 2593 4459 2031 6943 34', 'Poland', 156);
INSERT INTO Pasaporte (IdPasaporte, NumeroPasaporte, Nacionalidad, IdPasajero)
VALUES (157, 'AE43 1194 2336 4602 3272 265', 'China', 157);
INSERT INTO Pasaporte (IdPasaporte, NumeroPasaporte, Nacionalidad, IdPasajero)
VALUES (158, 'SI62 3645 2398 0546 029', 'Indonesia', 158);
INSERT INTO Pasaporte (IdPasaporte, NumeroPasaporte, Nacionalidad, IdPasajero)
VALUES (159, 'GL46 5774 0689 4766 28', 'Brazil', 159);
INSERT INTO Pasaporte (IdPasaporte, NumeroPasaporte, Nacionalidad, IdPasajero)
VALUES (160, 'BG61 ENSK 4164 48DB WUWC 0A', 'Philippines', 160);
INSERT INTO Pasaporte (IdPasaporte, NumeroPasaporte, Nacionalidad, IdPasajero)
VALUES (161, 'SM92 G631 0393 841L OIUV D5JO BHC', 'China', 161);
INSERT INTO Pasaporte (IdPasaporte, NumeroPasaporte, Nacionalidad, IdPasajero)
VALUES (162, 'FR69 7311 6925 50GT TBO2 J3KH C16', 'Peru', 162);
INSERT INTO Pasaporte (IdPasaporte, NumeroPasaporte, Nacionalidad, IdPasajero)
VALUES (163, 'HR49 5254 2664 9088 1903 7', 'North Korea', 163);
INSERT INTO Pasaporte (IdPasaporte, NumeroPasaporte, Nacionalidad, IdPasajero)
VALUES (164, 'IT45 C790 1851 548U GFB5 HHNQ V9S', 'Portugal', 164);
INSERT INTO Pasaporte (IdPasaporte, NumeroPasaporte, Nacionalidad, IdPasajero)
VALUES (165, 'PS32 MFMD GBEU MTZP KQTN FMDC YRQF I', 'Angola', 165);
INSERT INTO Pasaporte (IdPasaporte, NumeroPasaporte, Nacionalidad, IdPasajero)
VALUES (166, 'ES25 5372 7943 4085 4838 3834', 'China', 166);
INSERT INTO Pasaporte (IdPasaporte, NumeroPasaporte, Nacionalidad, IdPasajero)
VALUES (167, 'CH96 4224 8PKK EXJO FT5D Q', 'Sweden', 167);
INSERT INTO Pasaporte (IdPasaporte, NumeroPasaporte, Nacionalidad, IdPasajero)
VALUES (168, 'RS18 7194 1349 2041 9649 42', 'United States', 168);
INSERT INTO Pasaporte (IdPasaporte, NumeroPasaporte, Nacionalidad, IdPasajero)
VALUES (169, 'LU06 442F X3KY Z4BY TEJW', 'Thailand', 169);
INSERT INTO Pasaporte (IdPasaporte, NumeroPasaporte, Nacionalidad, IdPasajero)
VALUES (170, 'LI32 4612 2WIK 6XAL KKLY U', 'Czech Republic', 170);
INSERT INTO Pasaporte (IdPasaporte, NumeroPasaporte, Nacionalidad, IdPasajero)
VALUES (171, 'AD55 6706 9228 T85A 5CUS YLHR', 'Brazil', 171);
INSERT INTO Pasaporte (IdPasaporte, NumeroPasaporte, Nacionalidad, IdPasajero)
VALUES (172, 'LU12 344P WEB1 AUH2 4Q7Z', 'China', 172);
INSERT INTO Pasaporte (IdPasaporte, NumeroPasaporte, Nacionalidad, IdPasajero)
VALUES (173, 'SA30 71ZO E13I VKCJ EMDF XJI6', 'United States', 173);
INSERT INTO Pasaporte (IdPasaporte, NumeroPasaporte, Nacionalidad, IdPasajero)
VALUES (174, 'BR23 4106 7954 8236 3610 8916 413S L', 'Dominican Republic', 174);
INSERT INTO Pasaporte (IdPasaporte, NumeroPasaporte, Nacionalidad, IdPasajero)
VALUES (175, 'AE77 7152 7191 0266 7581 945', 'Philippines', 175);
INSERT INTO Pasaporte (IdPasaporte, NumeroPasaporte, Nacionalidad, IdPasajero)
VALUES (176, 'LT36 6487 9678 5379 6961', 'Philippines', 176);
INSERT INTO Pasaporte (IdPasaporte, NumeroPasaporte, Nacionalidad, IdPasajero)
VALUES (177, 'IL16 2166 1857 8399 7429 253', 'China', 177);
INSERT INTO Pasaporte (IdPasaporte, NumeroPasaporte, Nacionalidad, IdPasajero)
VALUES (178, 'DE75 3046 2303 3828 4092 00', 'Philippines', 178);
INSERT INTO Pasaporte (IdPasaporte, NumeroPasaporte, Nacionalidad, IdPasajero)
VALUES (179, 'VG94 ZZYA 2060 5909 5250 9198', 'Brazil', 179);
INSERT INTO Pasaporte (IdPasaporte, NumeroPasaporte, Nacionalidad, IdPasajero)
VALUES (180, 'SE16 5547 9749 8797 0906 2414', 'Japan', 180);
INSERT INTO Pasaporte (IdPasaporte, NumeroPasaporte, Nacionalidad, IdPasajero)
VALUES (181, 'IL11 2812 6153 5927 9147 377', 'Comoros', 181);
INSERT INTO Pasaporte (IdPasaporte, NumeroPasaporte, Nacionalidad, IdPasajero)
VALUES (182, 'DE26 6798 9873 1418 9652 85', 'Brazil', 182);
INSERT INTO Pasaporte (IdPasaporte, NumeroPasaporte, Nacionalidad, IdPasajero)
VALUES (183, 'RO79 OVHH SGVJ R348 LEFL IBWU', 'Philippines', 183);
INSERT INTO Pasaporte (IdPasaporte, NumeroPasaporte, Nacionalidad, IdPasajero)
VALUES (184, 'FR61 1408 8625 89A7 CZ8N FBIM Q54', 'Portugal', 184);
INSERT INTO Pasaporte (IdPasaporte, NumeroPasaporte, Nacionalidad, IdPasajero)
VALUES (185, 'GL20 1700 5154 5718 81', 'Croatia', 185);
INSERT INTO Pasaporte (IdPasaporte, NumeroPasaporte, Nacionalidad, IdPasajero)
VALUES (186, 'AD97 0246 6580 H3CO ECB7 RIY1', 'Indonesia', 186);
INSERT INTO Pasaporte (IdPasaporte, NumeroPasaporte, Nacionalidad, IdPasajero)
VALUES (187, 'FR71 4005 0744 44UQ 7FZZ S4B4 X81', 'China', 187);
INSERT INTO Pasaporte (IdPasaporte, NumeroPasaporte, Nacionalidad, IdPasajero)
VALUES (188, 'FR73 7740 9323 61QL HYSC KYKL E62', 'China', 188);
INSERT INTO Pasaporte (IdPasaporte, NumeroPasaporte, Nacionalidad, IdPasajero)
VALUES (189, 'AE95 1307 2337 6019 0879 532', 'Russia', 189);
INSERT INTO Pasaporte (IdPasaporte, NumeroPasaporte, Nacionalidad, IdPasajero)
VALUES (190, 'SA35 20VP PQCR DC92 X8JF BQJC', 'Indonesia', 190);
INSERT INTO Pasaporte (IdPasaporte, NumeroPasaporte, Nacionalidad, IdPasajero)
VALUES (191, 'GI40 BXWP 77B3 SGNY NMYP RBS', 'Indonesia', 191);
INSERT INTO Pasaporte (IdPasaporte, NumeroPasaporte, Nacionalidad, IdPasajero)
VALUES (192, 'AE87 0811 0837 6725 4331 059', 'Indonesia', 192);
INSERT INTO Pasaporte (IdPasaporte, NumeroPasaporte, Nacionalidad, IdPasajero)
VALUES (193, 'AT32 0270 2407 3423 8697', 'Canada', 193);
INSERT INTO Pasaporte (IdPasaporte, NumeroPasaporte, Nacionalidad, IdPasajero)
VALUES (194, 'MT88 WUOK 7107 7VMF 6PHX NMLL AYY8 G5T', 'Democratic Republic of the Congo', 194);
INSERT INTO Pasaporte (IdPasaporte, NumeroPasaporte, Nacionalidad, IdPasajero)
VALUES (195, 'NL60 CCJU 3394 5563 97', 'Serbia', 195);
INSERT INTO Pasaporte (IdPasaporte, NumeroPasaporte, Nacionalidad, IdPasajero)
VALUES (196, 'KW09 VXHZ SDEX G6VE ZEUV K3L5 XYRY WL', 'Russia', 196);
INSERT INTO Pasaporte (IdPasaporte, NumeroPasaporte, Nacionalidad, IdPasajero)
VALUES (197, 'LT72 5156 4924 3110 3834', 'Poland', 197);
INSERT INTO Pasaporte (IdPasaporte, NumeroPasaporte, Nacionalidad, IdPasajero)
VALUES (198, 'LB87 2103 UGSO NFE3 E2K8 D0VC DVQI', 'Indonesia', 198);
INSERT INTO Pasaporte (IdPasaporte, NumeroPasaporte, Nacionalidad, IdPasajero)
VALUES (199, 'GL95 7958 8725 8117 46', 'Philippines', 199);
INSERT INTO Pasaporte (IdPasaporte, NumeroPasaporte, Nacionalidad, IdPasajero)
VALUES (200, 'FR66 5980 0210 40OF P1J3 ONRX 522', 'Kenya', 200);
INSERT INTO Pasaporte (IdPasaporte, NumeroPasaporte, Nacionalidad, IdPasajero)
VALUES (201, 'BH69 BDQI UGCF ISM2 Y1OU QH', 'China', 201);
INSERT INTO Pasaporte (IdPasaporte, NumeroPasaporte, Nacionalidad, IdPasajero)
VALUES (202, 'BG42 BMTU 2167 28FM OGLH KE', 'Poland', 202);
INSERT INTO Pasaporte (IdPasaporte, NumeroPasaporte, Nacionalidad, IdPasajero)
VALUES (203, 'KZ69 468K XBTI 7V1M K2IU', 'China', 203);
INSERT INTO Pasaporte (IdPasaporte, NumeroPasaporte, Nacionalidad, IdPasajero)
VALUES (204, 'GL85 4868 5900 6323 08', 'China', 204);
INSERT INTO Pasaporte (IdPasaporte, NumeroPasaporte, Nacionalidad, IdPasajero)
VALUES (205, 'ME71 3931 6361 7151 1095 94', 'China', 205);
INSERT INTO Pasaporte (IdPasaporte, NumeroPasaporte, Nacionalidad, IdPasajero)
VALUES (206, 'BE38 2281 8243 8963', 'Poland', 206);
INSERT INTO Pasaporte (IdPasaporte, NumeroPasaporte, Nacionalidad, IdPasajero)
VALUES (207, 'CH24 0318 7CQE 4SHU KKED L', 'Sweden', 207);
INSERT INTO Pasaporte (IdPasaporte, NumeroPasaporte, Nacionalidad, IdPasajero)
VALUES (208, 'DE24 6258 7108 0999 4457 34', 'Norway', 208);
INSERT INTO Pasaporte (IdPasaporte, NumeroPasaporte, Nacionalidad, IdPasajero)
VALUES (209, 'LU37 044M ZEKM MHI1 YNJD', 'Jordan', 209);
INSERT INTO Pasaporte (IdPasaporte, NumeroPasaporte, Nacionalidad, IdPasajero)
VALUES (210, 'HU28 6352 9016 0018 3591 4251 1586', 'Germany', 210);
INSERT INTO Pasaporte (IdPasaporte, NumeroPasaporte, Nacionalidad, IdPasajero)
VALUES (211, 'FR36 3023 3941 64SG ZHOR ZLGV 392', 'Brazil', 211);
INSERT INTO Pasaporte (IdPasaporte, NumeroPasaporte, Nacionalidad, IdPasajero)
VALUES (212, 'FR02 8660 8057 23PW QM6J TNIV B87', 'China', 212);
INSERT INTO Pasaporte (IdPasaporte, NumeroPasaporte, Nacionalidad, IdPasajero)
VALUES (213, 'AE57 6188 0256 8815 3669 956', 'Indonesia', 213);
INSERT INTO Pasaporte (IdPasaporte, NumeroPasaporte, Nacionalidad, IdPasajero)
VALUES (214, 'CZ44 5262 6892 4160 9509 1696', 'United States', 214);
INSERT INTO Pasaporte (IdPasaporte, NumeroPasaporte, Nacionalidad, IdPasajero)
VALUES (215, 'IE30 XKFG 9660 8709 2024 68', 'Russia', 215);
INSERT INTO Pasaporte (IdPasaporte, NumeroPasaporte, Nacionalidad, IdPasajero)
VALUES (216, 'GI25 YYGD WMF1 DHVV VQ8A 2BI', 'China', 216);
INSERT INTO Pasaporte (IdPasaporte, NumeroPasaporte, Nacionalidad, IdPasajero)
VALUES (217, 'RS27 6954 2598 9158 4626 28', 'Ireland', 217);
INSERT INTO Pasaporte (IdPasaporte, NumeroPasaporte, Nacionalidad, IdPasajero)
VALUES (218, 'MU22 VOML 8340 9584 4177 8264 811G IY', 'Albania', 218);
INSERT INTO Pasaporte (IdPasaporte, NumeroPasaporte, Nacionalidad, IdPasajero)
VALUES (219, 'LV77 AOQX KIJL GLIJ R5FI Q', 'Vietnam', 219);
INSERT INTO Pasaporte (IdPasaporte, NumeroPasaporte, Nacionalidad, IdPasajero)
VALUES (220, 'SM53 N762 9218 0105 ZKQT IQVJ ORE', 'China', 220);
INSERT INTO Pasaporte (IdPasaporte, NumeroPasaporte, Nacionalidad, IdPasajero)
VALUES (221, 'FR93 8798 1492 95H3 OJEC DZLP Z70', 'Mexico', 221);
INSERT INTO Pasaporte (IdPasaporte, NumeroPasaporte, Nacionalidad, IdPasajero)
VALUES (222, 'LI81 5597 4EW9 F1NP JCUX Y', 'China', 222);
INSERT INTO Pasaporte (IdPasaporte, NumeroPasaporte, Nacionalidad, IdPasajero)
VALUES (223, 'GL51 2287 6908 7427 46', 'Mauritius', 223);
INSERT INTO Pasaporte (IdPasaporte, NumeroPasaporte, Nacionalidad, IdPasajero)
VALUES (224, 'ME31 0799 5764 8875 3038 29', 'Russia', 224);
INSERT INTO Pasaporte (IdPasaporte, NumeroPasaporte, Nacionalidad, IdPasajero)
VALUES (225, 'BE32 5889 6713 6752', 'Portugal', 225);
INSERT INTO Pasaporte (IdPasaporte, NumeroPasaporte, Nacionalidad, IdPasajero)
VALUES (226, 'SK45 7666 9100 8396 1650 2048', 'Russia', 226);
INSERT INTO Pasaporte (IdPasaporte, NumeroPasaporte, Nacionalidad, IdPasajero)
VALUES (227, 'FR80 9475 3628 143P HK8T AGIF V22', 'China', 227);
INSERT INTO Pasaporte (IdPasaporte, NumeroPasaporte, Nacionalidad, IdPasajero)
VALUES (228, 'BG86 DNMJ 9215 21VT HUZT MG', 'Nigeria', 228);
INSERT INTO Pasaporte (IdPasaporte, NumeroPasaporte, Nacionalidad, IdPasajero)
VALUES (229, 'NL08 BIYJ 8487 8955 28', 'Tunisia', 229);
INSERT INTO Pasaporte (IdPasaporte, NumeroPasaporte, Nacionalidad, IdPasajero)
VALUES (230, 'AD48 4552 1139 DDPA KQIU 0VBD', 'Mexico', 230);
INSERT INTO Pasaporte (IdPasaporte, NumeroPasaporte, Nacionalidad, IdPasajero)
VALUES (231, 'BH39 EUDT 1CI0 1XBA VEKH MQ', 'Canada', 231);
INSERT INTO Pasaporte (IdPasaporte, NumeroPasaporte, Nacionalidad, IdPasajero)
VALUES (232, 'CR90 7783 6491 1907 1477 1', 'Indonesia', 232);
INSERT INTO Pasaporte (IdPasaporte, NumeroPasaporte, Nacionalidad, IdPasajero)
VALUES (233, 'NL90 JNAZ 0370 1920 45', 'France', 233);
INSERT INTO Pasaporte (IdPasaporte, NumeroPasaporte, Nacionalidad, IdPasajero)
VALUES (234, 'FR15 9957 5177 77QI PGJH 8UWA N97', 'China', 234);
INSERT INTO Pasaporte (IdPasaporte, NumeroPasaporte, Nacionalidad, IdPasajero)
VALUES (235, 'PK57 UPFM XTQC I6Y3 4EHO OADV', 'Zambia', 235);
INSERT INTO Pasaporte (IdPasaporte, NumeroPasaporte, Nacionalidad, IdPasajero)
VALUES (236, 'BA33 9184 0574 7864 8937', 'China', 236);
INSERT INTO Pasaporte (IdPasaporte, NumeroPasaporte, Nacionalidad, IdPasajero)
VALUES (237, 'FR88 8080 8394 88FU I3AB LKTF 939', 'China', 237);
INSERT INTO Pasaporte (IdPasaporte, NumeroPasaporte, Nacionalidad, IdPasajero)
VALUES (238, 'GT37 PTEN CUVR BBO3 FVMY CDSU QMY8', 'China', 238);
INSERT INTO Pasaporte (IdPasaporte, NumeroPasaporte, Nacionalidad, IdPasajero)
VALUES (239, 'CZ93 2131 4508 6240 8365 0655', 'Ecuador', 239);
INSERT INTO Pasaporte (IdPasaporte, NumeroPasaporte, Nacionalidad, IdPasajero)
VALUES (240, 'MR77 2287 1330 0258 2084 4340 282', 'Macedonia', 240);
INSERT INTO Pasaporte (IdPasaporte, NumeroPasaporte, Nacionalidad, IdPasajero)
VALUES (241, 'ES55 7594 4916 9360 6804 4434', 'Luxembourg', 241);
INSERT INTO Pasaporte (IdPasaporte, NumeroPasaporte, Nacionalidad, IdPasajero)
VALUES (242, 'FR13 8330 1740 016I Y520 KVTL 811', 'Poland', 242);
INSERT INTO Pasaporte (IdPasaporte, NumeroPasaporte, Nacionalidad, IdPasajero)
VALUES (243, 'GR88 8247 360K Y0BZ HQU6 GLV6 E0M', 'Indonesia', 243);
INSERT INTO Pasaporte (IdPasaporte, NumeroPasaporte, Nacionalidad, IdPasajero)
VALUES (244, 'HU80 9604 7687 3436 5600 9163 8590', 'Pakistan', 244);
INSERT INTO Pasaporte (IdPasaporte, NumeroPasaporte, Nacionalidad, IdPasajero)
VALUES (245, 'ME54 5350 4940 2648 4762 60', 'Argentina', 245);
INSERT INTO Pasaporte (IdPasaporte, NumeroPasaporte, Nacionalidad, IdPasajero)
VALUES (246, 'IL02 7430 5066 4340 4784 293', 'Dominican Republic', 246);
INSERT INTO Pasaporte (IdPasaporte, NumeroPasaporte, Nacionalidad, IdPasajero)
VALUES (247, 'KZ93 334P AO4G LZYT 2V3B', 'Argentina', 247);
INSERT INTO Pasaporte (IdPasaporte, NumeroPasaporte, Nacionalidad, IdPasajero)
VALUES (248, 'MR22 1737 7929 6926 7988 9927 645', 'China', 248);
INSERT INTO Pasaporte (IdPasaporte, NumeroPasaporte, Nacionalidad, IdPasajero)
VALUES (249, 'CY87 3894 6620 VLPG BTWY DKZB OOUL', 'Poland', 249);
INSERT INTO Pasaporte (IdPasaporte, NumeroPasaporte, Nacionalidad, IdPasajero)
VALUES (250, 'FR70 1928 7538 26TS JUEH ENYZ M23', 'China', 250);
INSERT INTO Pasaporte (IdPasaporte, NumeroPasaporte, Nacionalidad, IdPasajero)
VALUES (251, 'RO34 XVNN UR9D 9IPH 95JJ NAGF', 'Indonesia', 251);
INSERT INTO Pasaporte (IdPasaporte, NumeroPasaporte, Nacionalidad, IdPasajero)
VALUES (252, 'BG77 ZPTH 5020 85XJ 9YXU X3', 'Peru', 252);
INSERT INTO Pasaporte (IdPasaporte, NumeroPasaporte, Nacionalidad, IdPasajero)
VALUES (253, 'IL17 9316 0383 8594 0184 905', 'Brazil', 253);
INSERT INTO Pasaporte (IdPasaporte, NumeroPasaporte, Nacionalidad, IdPasajero)
VALUES (254, 'FR89 0711 0528 10EE LCBE JANT 747', 'United States', 254);
INSERT INTO Pasaporte (IdPasaporte, NumeroPasaporte, Nacionalidad, IdPasajero)
VALUES (255, 'LV39 OAWL G5BN HSSG EZ9Y O', 'Pakistan', 255);
INSERT INTO Pasaporte (IdPasaporte, NumeroPasaporte, Nacionalidad, IdPasajero)
VALUES (256, 'FR11 1537 1336 533J SLSV ZHT8 E56', 'Russia', 256);
INSERT INTO Pasaporte (IdPasaporte, NumeroPasaporte, Nacionalidad, IdPasajero)
VALUES (257, 'MD03 EY1X U5PC GIXV LJJM E6BU', 'China', 257);
INSERT INTO Pasaporte (IdPasaporte, NumeroPasaporte, Nacionalidad, IdPasajero)
VALUES (258, 'FR11 7932 7265 80QM SDCA E37N 230', 'United States', 258);
INSERT INTO Pasaporte (IdPasaporte, NumeroPasaporte, Nacionalidad, IdPasajero)
VALUES (259, 'LV68 HBXM KBYU 3AVQ DCRO P', 'Poland', 259);
INSERT INTO Pasaporte (IdPasaporte, NumeroPasaporte, Nacionalidad, IdPasajero)
VALUES (260, 'PT20 1490 8777 3306 8826 9144 4', 'China', 260);
INSERT INTO Pasaporte (IdPasaporte, NumeroPasaporte, Nacionalidad, IdPasajero)
VALUES (261, 'AL78 1631 0517 W7GV DMJ8 R2ZF K4RI', 'Colombia', 261);
INSERT INTO Pasaporte (IdPasaporte, NumeroPasaporte, Nacionalidad, IdPasajero)
VALUES (262, 'FR50 8548 5027 192U I3KX O0RB P83', 'Nicaragua', 262);
INSERT INTO Pasaporte (IdPasaporte, NumeroPasaporte, Nacionalidad, IdPasajero)
VALUES (263, 'FO74 2251 7499 2009 44', 'Russia', 263);
INSERT INTO Pasaporte (IdPasaporte, NumeroPasaporte, Nacionalidad, IdPasajero)
VALUES (264, 'FR34 2474 5938 32PK 7UPE OPFF E03', 'Cuba', 264);
INSERT INTO Pasaporte (IdPasaporte, NumeroPasaporte, Nacionalidad, IdPasajero)
VALUES (265, 'AT39 6028 8050 4986 9807', 'Indonesia', 265);
INSERT INTO Pasaporte (IdPasaporte, NumeroPasaporte, Nacionalidad, IdPasajero)
VALUES (266, 'LB79 4383 1II7 SJEA YORN JVPP AU3M', 'China', 266);
INSERT INTO Pasaporte (IdPasaporte, NumeroPasaporte, Nacionalidad, IdPasajero)
VALUES (267, 'PS57 QRZO MBHF EDLG RXB4 ZCVC FXTS 0', 'Honduras', 267);
INSERT INTO Pasaporte (IdPasaporte, NumeroPasaporte, Nacionalidad, IdPasajero)
VALUES (268, 'SE66 6578 4841 3308 5619 9101', 'Indonesia', 268);
INSERT INTO Pasaporte (IdPasaporte, NumeroPasaporte, Nacionalidad, IdPasajero)
VALUES (269, 'CR81 8638 1382 1252 8577 2', 'Canada', 269);
INSERT INTO Pasaporte (IdPasaporte, NumeroPasaporte, Nacionalidad, IdPasajero)
VALUES (270, 'MC56 3968 6562 044R NRXZ Q2F2 I77', 'China', 270);
INSERT INTO Pasaporte (IdPasaporte, NumeroPasaporte, Nacionalidad, IdPasajero)
VALUES (271, 'AZ49 JKFC E3OO EYKW NOYH 8SDE 42GC', 'Brazil', 271);
INSERT INTO Pasaporte (IdPasaporte, NumeroPasaporte, Nacionalidad, IdPasajero)
VALUES (272, 'KW68 QJBL GGSN 1HF5 JRJE HD8Y 7JIK D6', 'Russia', 272);
INSERT INTO Pasaporte (IdPasaporte, NumeroPasaporte, Nacionalidad, IdPasajero)
VALUES (273, 'IE53 AATZ 1339 2772 3484 38', 'Czech Republic', 273);
INSERT INTO Pasaporte (IdPasaporte, NumeroPasaporte, Nacionalidad, IdPasajero)
VALUES (274, 'MT39 WVYL 7065 3HHJ 8D66 HVTK NKRR WBF', 'Thailand', 274);
INSERT INTO Pasaporte (IdPasaporte, NumeroPasaporte, Nacionalidad, IdPasajero)
VALUES (275, 'GT08 PKUT 3OJD 7EZ6 IQEF PTZH H40R', 'Ukraine', 275);
INSERT INTO Pasaporte (IdPasaporte, NumeroPasaporte, Nacionalidad, IdPasajero)
VALUES (276, 'PT65 6731 6835 4297 8997 0741 9', 'China', 276);
INSERT INTO Pasaporte (IdPasaporte, NumeroPasaporte, Nacionalidad, IdPasajero)
VALUES (277, 'HU93 1089 4110 8248 6703 2374 6509', 'China', 277);
INSERT INTO Pasaporte (IdPasaporte, NumeroPasaporte, Nacionalidad, IdPasajero)
VALUES (278, 'HU61 6397 3361 5469 0899 0209 2434', 'South Africa', 278);
INSERT INTO Pasaporte (IdPasaporte, NumeroPasaporte, Nacionalidad, IdPasajero)
VALUES (279, 'FR98 7671 2882 97RE MP1R WRLL 787', 'Philippines', 279);
INSERT INTO Pasaporte (IdPasaporte, NumeroPasaporte, Nacionalidad, IdPasajero)
VALUES (280, 'SE83 5936 9142 6648 5081 8813', 'Poland', 280);
INSERT INTO Pasaporte (IdPasaporte, NumeroPasaporte, Nacionalidad, IdPasajero)
VALUES (281, 'EE75 7018 1673 1472 2614', 'Jamaica', 281);
INSERT INTO Pasaporte (IdPasaporte, NumeroPasaporte, Nacionalidad, IdPasajero)
VALUES (282, 'TR82 7794 42DA DSFP PIF0 EWMZ 5O', 'China', 282);
INSERT INTO Pasaporte (IdPasaporte, NumeroPasaporte, Nacionalidad, IdPasajero)
VALUES (283, 'GR17 6639 996E VYTQ SLZT RU0I JJ1', 'Benin', 283);
INSERT INTO Pasaporte (IdPasaporte, NumeroPasaporte, Nacionalidad, IdPasajero)
VALUES (284, 'BR32 9265 1919 4509 2111 1715 864Q Z', 'Indonesia', 284);
INSERT INTO Pasaporte (IdPasaporte, NumeroPasaporte, Nacionalidad, IdPasajero)
VALUES (285, 'FO36 6989 3592 9697 80', 'China', 285);
INSERT INTO Pasaporte (IdPasaporte, NumeroPasaporte, Nacionalidad, IdPasajero)
VALUES (286, 'VG94 OSCK 3888 7759 2942 2304', 'Sri Lanka', 286);
INSERT INTO Pasaporte (IdPasaporte, NumeroPasaporte, Nacionalidad, IdPasajero)
VALUES (287, 'FO88 5314 4111 7662 76', 'China', 287);
INSERT INTO Pasaporte (IdPasaporte, NumeroPasaporte, Nacionalidad, IdPasajero)
VALUES (288, 'AD90 3907 2873 KZDP B5TI EMZT', 'China', 288);
INSERT INTO Pasaporte (IdPasaporte, NumeroPasaporte, Nacionalidad, IdPasajero)
VALUES (289, 'IE64 PBHP 8525 0543 2600 99', 'Poland', 289);
INSERT INTO Pasaporte (IdPasaporte, NumeroPasaporte, Nacionalidad, IdPasajero)
VALUES (290, 'NO54 7858 2729 154', 'Honduras', 290);
INSERT INTO Pasaporte (IdPasaporte, NumeroPasaporte, Nacionalidad, IdPasajero)
VALUES (291, 'NO21 7200 9001 239', 'Palestinian Territory', 291);
INSERT INTO Pasaporte (IdPasaporte, NumeroPasaporte, Nacionalidad, IdPasajero)
VALUES (292, 'ME11 2653 6712 9898 3159 60', 'Central African Republic', 292);
INSERT INTO Pasaporte (IdPasaporte, NumeroPasaporte, Nacionalidad, IdPasajero)
VALUES (293, 'MR76 0875 2861 0570 7909 2960 398', 'Indonesia', 293);
INSERT INTO Pasaporte (IdPasaporte, NumeroPasaporte, Nacionalidad, IdPasajero)
VALUES (294, 'KZ83 171F J2OZ JGUZ N3YF', 'Colombia', 294);
INSERT INTO Pasaporte (IdPasaporte, NumeroPasaporte, Nacionalidad, IdPasajero)
VALUES (295, 'HR96 7920 1729 3827 3534 1', 'France', 295);
INSERT INTO Pasaporte (IdPasaporte, NumeroPasaporte, Nacionalidad, IdPasajero)
VALUES (296, 'DE95 0008 6753 4214 0478 60', 'China', 296);
INSERT INTO Pasaporte (IdPasaporte, NumeroPasaporte, Nacionalidad, IdPasajero)
VALUES (297, 'GT70 8KDK PIYS VHSY MIDE QCJW MRWN', 'Vietnam', 297);
INSERT INTO Pasaporte (IdPasaporte, NumeroPasaporte, Nacionalidad, IdPasajero)
VALUES (298, 'LB91 5552 MIIN COIB MTIQ 6K5U PNZB', 'Guatemala', 298);
INSERT INTO Pasaporte (IdPasaporte, NumeroPasaporte, Nacionalidad, IdPasajero)
VALUES (299, 'NL73 RWEO 7582 4308 74', 'Philippines', 299);
INSERT INTO Pasaporte (IdPasaporte, NumeroPasaporte, Nacionalidad, IdPasajero)
VALUES (300, 'FR73 9393 4889 24KB XTQM BGYS K16', 'Indonesia', 300);
INSERT INTO Pasaporte (IdPasaporte, NumeroPasaporte, Nacionalidad, IdPasajero)
VALUES (301, 'GT31 HFVI LQIH MAF7 KBKO TSJC 3PAI', 'Pakistan', 301);
INSERT INTO Pasaporte (IdPasaporte, NumeroPasaporte, Nacionalidad, IdPasajero)
VALUES (302, 'DO11 IAII 8719 4807 5208 8035 6706', 'Philippines', 302);
INSERT INTO Pasaporte (IdPasaporte, NumeroPasaporte, Nacionalidad, IdPasajero)
VALUES (303, 'IE41 ZEIZ 4207 7627 6687 90', 'China', 303);
INSERT INTO Pasaporte (IdPasaporte, NumeroPasaporte, Nacionalidad, IdPasajero)
VALUES (304, 'FR65 3571 8389 63VB WFUR H1VE I79', 'China', 304);
INSERT INTO Pasaporte (IdPasaporte, NumeroPasaporte, Nacionalidad, IdPasajero)
VALUES (305, 'ME65 4122 0562 1019 3147 48', 'Philippines', 305);
INSERT INTO Pasaporte (IdPasaporte, NumeroPasaporte, Nacionalidad, IdPasajero)
VALUES (306, 'FR46 8836 8253 99BG CPAN YAHW G65', 'China', 306);
INSERT INTO Pasaporte (IdPasaporte, NumeroPasaporte, Nacionalidad, IdPasajero)
VALUES (307, 'NL41 HNYX 3791 9967 35', 'Pakistan', 307);
INSERT INTO Pasaporte (IdPasaporte, NumeroPasaporte, Nacionalidad, IdPasajero)
VALUES (308, 'ES14 3531 8034 3316 0467 8933', 'Philippines', 308);
INSERT INTO Pasaporte (IdPasaporte, NumeroPasaporte, Nacionalidad, IdPasajero)
VALUES (309, 'GR61 9290 756H GP6F P7Q5 AG02 6JT', 'Indonesia', 309);
INSERT INTO Pasaporte (IdPasaporte, NumeroPasaporte, Nacionalidad, IdPasajero)
VALUES (310, 'FR22 5779 1432 44XH WURH SC1N D66', 'Philippines', 310);
INSERT INTO Pasaporte (IdPasaporte, NumeroPasaporte, Nacionalidad, IdPasajero)
VALUES (311, 'DK73 6076 1087 7857 88', 'Indonesia', 311);
INSERT INTO Pasaporte (IdPasaporte, NumeroPasaporte, Nacionalidad, IdPasajero)
VALUES (312, 'MD91 SQJY EWUJ GNJ2 1IDP TOAL', 'Indonesia', 312);
INSERT INTO Pasaporte (IdPasaporte, NumeroPasaporte, Nacionalidad, IdPasajero)
VALUES (313, 'FR15 1843 5287 07C8 L75U Z8AD T54', 'Indonesia', 313);
INSERT INTO Pasaporte (IdPasaporte, NumeroPasaporte, Nacionalidad, IdPasajero)
VALUES (314, 'FR60 4634 1780 75KD R4BV M171 H68', 'Russia', 314);
INSERT INTO Pasaporte (IdPasaporte, NumeroPasaporte, Nacionalidad, IdPasajero)
VALUES (315, 'SA37 176E FESA YNGA DCJP FYFJ', 'Zambia', 315);
INSERT INTO Pasaporte (IdPasaporte, NumeroPasaporte, Nacionalidad, IdPasajero)
VALUES (316, 'EE96 5329 1280 9054 5855', 'China', 316);
INSERT INTO Pasaporte (IdPasaporte, NumeroPasaporte, Nacionalidad, IdPasajero)
VALUES (317, 'FI27 5803 5155 5428 89', 'Greece', 317);
INSERT INTO Pasaporte (IdPasaporte, NumeroPasaporte, Nacionalidad, IdPasajero)
VALUES (318, 'BG42 HPIY 2159 11YS WMYA WO', 'Saudi Arabia', 318);
INSERT INTO Pasaporte (IdPasaporte, NumeroPasaporte, Nacionalidad, IdPasajero)
VALUES (319, 'MU41 WPOY 2268 9107 7615 3797 992U LP', 'Thailand', 319);
INSERT INTO Pasaporte (IdPasaporte, NumeroPasaporte, Nacionalidad, IdPasajero)
VALUES (320, 'BR73 9665 8174 6202 7122 7781 663E F', 'Japan', 320);
INSERT INTO Pasaporte (IdPasaporte, NumeroPasaporte, Nacionalidad, IdPasajero)
VALUES (321, 'SM33 I461 7786 783B 9D42 ZSBU WZW', 'Peru', 321);
INSERT INTO Pasaporte (IdPasaporte, NumeroPasaporte, Nacionalidad, IdPasajero)
VALUES (322, 'BG35 FQRU 0549 97MI YHWY GG', 'Portugal', 322);
INSERT INTO Pasaporte (IdPasaporte, NumeroPasaporte, Nacionalidad, IdPasajero)
VALUES (323, 'BE61 0339 3193 1781', 'Uruguay', 323);
INSERT INTO Pasaporte (IdPasaporte, NumeroPasaporte, Nacionalidad, IdPasajero)
VALUES (324, 'PK84 GSEZ OLS6 5BTZ CXCN 75OV', 'China', 324);
INSERT INTO Pasaporte (IdPasaporte, NumeroPasaporte, Nacionalidad, IdPasajero)
VALUES (325, 'SI47 8135 1467 8881 218', 'China', 325);
INSERT INTO Pasaporte (IdPasaporte, NumeroPasaporte, Nacionalidad, IdPasajero)
VALUES (326, 'RS09 4328 7903 3349 9385 35', 'Venezuela', 326);
INSERT INTO Pasaporte (IdPasaporte, NumeroPasaporte, Nacionalidad, IdPasajero)
VALUES (327, 'GT51 UIAZ SRGW I2HW MHJE TFG8 TFDP', 'Philippines', 327);
INSERT INTO Pasaporte (IdPasaporte, NumeroPasaporte, Nacionalidad, IdPasajero)
VALUES (328, 'AL47 2920 3787 X53L KMFP 9MZJ YWYV', 'Thailand', 328);
INSERT INTO Pasaporte (IdPasaporte, NumeroPasaporte, Nacionalidad, IdPasajero)
VALUES (329, 'BE41 9720 3603 4405', 'Thailand', 329);
INSERT INTO Pasaporte (IdPasaporte, NumeroPasaporte, Nacionalidad, IdPasajero)
VALUES (330, 'AD08 7131 8044 GHYF ZGIO OGOC', 'Indonesia', 330);
INSERT INTO Pasaporte (IdPasaporte, NumeroPasaporte, Nacionalidad, IdPasajero)
VALUES (331, 'LU18 863B QQOO ND7O YPEP', 'Russia', 331);
INSERT INTO Pasaporte (IdPasaporte, NumeroPasaporte, Nacionalidad, IdPasajero)
VALUES (332, 'MK70 7441 QXLG OZ85 K16', 'France', 332);
INSERT INTO Pasaporte (IdPasaporte, NumeroPasaporte, Nacionalidad, IdPasajero)
VALUES (333, 'CY53 6993 2847 HWPM DMAH 1EIV ZU0K', 'China', 333);
INSERT INTO Pasaporte (IdPasaporte, NumeroPasaporte, Nacionalidad, IdPasajero)
VALUES (334, 'MR89 7014 8548 0342 8634 5656 328', 'Haiti', 334);
INSERT INTO Pasaporte (IdPasaporte, NumeroPasaporte, Nacionalidad, IdPasajero)
VALUES (335, 'GI51 TBIN PFWM 2XI2 SHEQ FQQ', 'Philippines', 335);
INSERT INTO Pasaporte (IdPasaporte, NumeroPasaporte, Nacionalidad, IdPasajero)
VALUES (336, 'RS07 8908 3724 8766 1071 59', 'Indonesia', 336);
INSERT INTO Pasaporte (IdPasaporte, NumeroPasaporte, Nacionalidad, IdPasajero)
VALUES (337, 'GB66 WOWI 4397 3800 7599 76', 'China', 337);
INSERT INTO Pasaporte (IdPasaporte, NumeroPasaporte, Nacionalidad, IdPasajero)
VALUES (338, 'BR31 9494 0315 0406 1529 4275 979V U', 'Russia', 338);
INSERT INTO Pasaporte (IdPasaporte, NumeroPasaporte, Nacionalidad, IdPasajero)
VALUES (339, 'KZ54 057Z GJ5E A6XI PR0J', 'Peru', 339);
INSERT INTO Pasaporte (IdPasaporte, NumeroPasaporte, Nacionalidad, IdPasajero)
VALUES (340, 'DK02 6592 9420 6134 21', 'Philippines', 340);
INSERT INTO Pasaporte (IdPasaporte, NumeroPasaporte, Nacionalidad, IdPasajero)
VALUES (341, 'FO74 1544 2061 6477 08', 'Afghanistan', 341);
INSERT INTO Pasaporte (IdPasaporte, NumeroPasaporte, Nacionalidad, IdPasajero)
VALUES (342, 'SE31 5197 7672 2429 9254 8583', 'Guinea', 342);
INSERT INTO Pasaporte (IdPasaporte, NumeroPasaporte, Nacionalidad, IdPasajero)
VALUES (343, 'SK25 8651 8490 9067 4409 2945', 'Cuba', 343);
INSERT INTO Pasaporte (IdPasaporte, NumeroPasaporte, Nacionalidad, IdPasajero)
VALUES (344, 'GL21 6272 0205 9945 88', 'Indonesia', 344);
INSERT INTO Pasaporte (IdPasaporte, NumeroPasaporte, Nacionalidad, IdPasajero)
VALUES (345, 'BH52 BWUM ZMCC J3HQ Z965 CZ', 'Finland', 345);
INSERT INTO Pasaporte (IdPasaporte, NumeroPasaporte, Nacionalidad, IdPasajero)
VALUES (346, 'GL36 1266 1062 2585 98', 'Malaysia', 346);
INSERT INTO Pasaporte (IdPasaporte, NumeroPasaporte, Nacionalidad, IdPasajero)
VALUES (347, 'AT02 0172 3580 0605 4141', 'Indonesia', 347);
INSERT INTO Pasaporte (IdPasaporte, NumeroPasaporte, Nacionalidad, IdPasajero)
VALUES (348, 'AE17 8892 7094 4796 3286 362', 'Philippines', 348);
INSERT INTO Pasaporte (IdPasaporte, NumeroPasaporte, Nacionalidad, IdPasajero)
VALUES (349, 'KZ32 795G WTRC 6VC2 DOKH', 'Ireland', 349);
INSERT INTO Pasaporte (IdPasaporte, NumeroPasaporte, Nacionalidad, IdPasajero)
VALUES (350, 'AL80 2699 3208 GJAY 6KAA KAYA C9ZY', 'Indonesia', 350);
INSERT INTO Pasaporte (IdPasaporte, NumeroPasaporte, Nacionalidad, IdPasajero)
VALUES (351, 'PS37 DKMY 4MGO 69FB 841M N5K0 BGAT 8', 'France', 351);
INSERT INTO Pasaporte (IdPasaporte, NumeroPasaporte, Nacionalidad, IdPasajero)
VALUES (352, 'FR47 6176 2182 23XW AWHM YN0X B92', 'Guatemala', 352);
INSERT INTO Pasaporte (IdPasaporte, NumeroPasaporte, Nacionalidad, IdPasajero)
VALUES (353, 'FR60 4446 1462 26GD SPNQ EQJI A05', 'China', 353);
INSERT INTO Pasaporte (IdPasaporte, NumeroPasaporte, Nacionalidad, IdPasajero)
VALUES (354, 'FI46 2731 4079 8902 28', 'China', 354);
INSERT INTO Pasaporte (IdPasaporte, NumeroPasaporte, Nacionalidad, IdPasajero)
VALUES (355, 'AZ65 VPIB 02HO YLRC FOGR T2ZN IFFH', 'China', 355);
INSERT INTO Pasaporte (IdPasaporte, NumeroPasaporte, Nacionalidad, IdPasajero)
VALUES (356, 'AE08 8876 0767 6597 3711 623', 'Albania', 356);
INSERT INTO Pasaporte (IdPasaporte, NumeroPasaporte, Nacionalidad, IdPasajero)
VALUES (357, 'CR12 6915 9524 4095 3955 3', 'Japan', 357);
INSERT INTO Pasaporte (IdPasaporte, NumeroPasaporte, Nacionalidad, IdPasajero)
VALUES (358, 'FR36 0562 3570 05LX 9WEY MDVM C46', 'Finland', 358);
INSERT INTO Pasaporte (IdPasaporte, NumeroPasaporte, Nacionalidad, IdPasajero)
VALUES (359, 'LU56 367O DO5Q SWXU 4ZHU', 'Montenegro', 359);
INSERT INTO Pasaporte (IdPasaporte, NumeroPasaporte, Nacionalidad, IdPasajero)
VALUES (360, 'NO02 5482 2858 092', 'Indonesia', 360);
INSERT INTO Pasaporte (IdPasaporte, NumeroPasaporte, Nacionalidad, IdPasajero)
VALUES (361, 'LB52 1817 ZBMN HFJI NWHU DSUV HOHB', 'Peru', 361);
INSERT INTO Pasaporte (IdPasaporte, NumeroPasaporte, Nacionalidad, IdPasajero)
VALUES (362, 'CY20 0786 9928 I2VS ETGW QAX7 DGKB', 'Reunion', 362);
INSERT INTO Pasaporte (IdPasaporte, NumeroPasaporte, Nacionalidad, IdPasajero)
VALUES (363, 'GE17 PQ08 7439 7540 0711 96', 'China', 363);
INSERT INTO Pasaporte (IdPasaporte, NumeroPasaporte, Nacionalidad, IdPasajero)
VALUES (364, 'MR27 6946 5670 7292 4954 3095 492', 'Indonesia', 364);
INSERT INTO Pasaporte (IdPasaporte, NumeroPasaporte, Nacionalidad, IdPasajero)
VALUES (365, 'AT46 6826 7571 8293 4134', 'China', 365);
INSERT INTO Pasaporte (IdPasaporte, NumeroPasaporte, Nacionalidad, IdPasajero)
VALUES (366, 'CH98 6957 9EEQ UMMD SINA Z', 'Croatia', 366);
INSERT INTO Pasaporte (IdPasaporte, NumeroPasaporte, Nacionalidad, IdPasajero)
VALUES (367, 'GI38 DAKL UOMI 85AO RIJU 3V8', 'Norway', 367);
INSERT INTO Pasaporte (IdPasaporte, NumeroPasaporte, Nacionalidad, IdPasajero)
VALUES (368, 'FR90 3178 2948 56IR KTQT G0VM F03', 'Canada', 368);
INSERT INTO Pasaporte (IdPasaporte, NumeroPasaporte, Nacionalidad, IdPasajero)
VALUES (369, 'FI76 1371 3388 5533 26', 'Russia', 369);
INSERT INTO Pasaporte (IdPasaporte, NumeroPasaporte, Nacionalidad, IdPasajero)
VALUES (370, 'FO03 4185 5296 1963 28', 'Indonesia', 370);
INSERT INTO Pasaporte (IdPasaporte, NumeroPasaporte, Nacionalidad, IdPasajero)
VALUES (371, 'KZ29 389O JPZ9 MQ2J CIAN', 'China', 371);
INSERT INTO Pasaporte (IdPasaporte, NumeroPasaporte, Nacionalidad, IdPasajero)
VALUES (372, 'FR04 0647 1305 95NW WJ8R SH87 M29', 'Serbia', 372);
INSERT INTO Pasaporte (IdPasaporte, NumeroPasaporte, Nacionalidad, IdPasajero)
VALUES (373, 'BG29 JRXP 2737 222P LWBZ FW', 'China', 373);
INSERT INTO Pasaporte (IdPasaporte, NumeroPasaporte, Nacionalidad, IdPasajero)
VALUES (374, 'IT85 L773 1655 930P 7IO0 SOIA GDJ', 'Indonesia', 374);
INSERT INTO Pasaporte (IdPasaporte, NumeroPasaporte, Nacionalidad, IdPasajero)
VALUES (375, 'RO30 LYLP VYM9 ESUR WQ7O LB9Q', 'Tanzania', 375);
INSERT INTO Pasaporte (IdPasaporte, NumeroPasaporte, Nacionalidad, IdPasajero)
VALUES (376, 'RO38 VWKE HZGQ DIWQ QUQK LNFH', 'Venezuela', 376);
INSERT INTO Pasaporte (IdPasaporte, NumeroPasaporte, Nacionalidad, IdPasajero)
VALUES (377, 'FR29 1023 4832 653F RNAY YOQM E75', 'Philippines', 377);
INSERT INTO Pasaporte (IdPasaporte, NumeroPasaporte, Nacionalidad, IdPasajero)
VALUES (378, 'MR90 2332 9595 8254 3836 2642 739', 'Czech Republic', 378);
INSERT INTO Pasaporte (IdPasaporte, NumeroPasaporte, Nacionalidad, IdPasajero)
VALUES (379, 'BA21 3730 7834 8357 7904', 'Indonesia', 379);
INSERT INTO Pasaporte (IdPasaporte, NumeroPasaporte, Nacionalidad, IdPasajero)
VALUES (380, 'DK71 7844 1213 5696 90', 'China', 380);
INSERT INTO Pasaporte (IdPasaporte, NumeroPasaporte, Nacionalidad, IdPasajero)
VALUES (381, 'SI53 2923 8481 1634 449', 'Philippines', 381);
INSERT INTO Pasaporte (IdPasaporte, NumeroPasaporte, Nacionalidad, IdPasajero)
VALUES (382, 'PT13 2283 2481 0351 4120 3561 2', 'France', 382);
INSERT INTO Pasaporte (IdPasaporte, NumeroPasaporte, Nacionalidad, IdPasajero)
VALUES (383, 'FR79 7875 1554 04NJ ILPH JKBW G51', 'Russia', 383);
INSERT INTO Pasaporte (IdPasaporte, NumeroPasaporte, Nacionalidad, IdPasajero)
VALUES (384, 'CR02 8390 8647 0143 7951 4', 'China', 384);
INSERT INTO Pasaporte (IdPasaporte, NumeroPasaporte, Nacionalidad, IdPasajero)
VALUES (385, 'FR41 3571 3418 94NQ NEGB BQKO D79', 'Portugal', 385);
INSERT INTO Pasaporte (IdPasaporte, NumeroPasaporte, Nacionalidad, IdPasajero)
VALUES (386, 'RS03 1561 5173 0163 7023 28', 'Portugal', 386);
INSERT INTO Pasaporte (IdPasaporte, NumeroPasaporte, Nacionalidad, IdPasajero)
VALUES (387, 'FR11 9041 0338 03VI JQPV RCFS I95', 'Poland', 387);
INSERT INTO Pasaporte (IdPasaporte, NumeroPasaporte, Nacionalidad, IdPasajero)
VALUES (388, 'GI22 UAWH QOWI BCUT NSEX KAY', 'Brazil', 388);
INSERT INTO Pasaporte (IdPasaporte, NumeroPasaporte, Nacionalidad, IdPasajero)
VALUES (389, 'HR87 1751 1859 8459 2703 2', 'Botswana', 389);
INSERT INTO Pasaporte (IdPasaporte, NumeroPasaporte, Nacionalidad, IdPasajero)
VALUES (390, 'CH56 8087 1LQU H1AB SGSU 6', 'Philippines', 390);
INSERT INTO Pasaporte (IdPasaporte, NumeroPasaporte, Nacionalidad, IdPasajero)
VALUES (391, 'BR33 0414 7287 9081 6337 2268 211B F', 'China', 391);
INSERT INTO Pasaporte (IdPasaporte, NumeroPasaporte, Nacionalidad, IdPasajero)
VALUES (392, 'LU38 206T FMMJ QBP6 ZX6S', 'Nicaragua', 392);
INSERT INTO Pasaporte (IdPasaporte, NumeroPasaporte, Nacionalidad, IdPasajero)
VALUES (393, 'BA74 4011 9117 5847 7112', 'Canada', 393);
INSERT INTO Pasaporte (IdPasaporte, NumeroPasaporte, Nacionalidad, IdPasajero)
VALUES (394, 'KW52 JGFW AKQ9 JQL4 KLEP SZPA 4ZBW JX', 'Indonesia', 394);
INSERT INTO Pasaporte (IdPasaporte, NumeroPasaporte, Nacionalidad, IdPasajero)
VALUES (395, 'PS02 FYGF DSG4 CJKS 3LRQ IMVO IEHS G', 'Germany', 395);
INSERT INTO Pasaporte (IdPasaporte, NumeroPasaporte, Nacionalidad, IdPasajero)
VALUES (396, 'IS66 5103 1461 4463 4605 3350 93', 'Germany', 396);
INSERT INTO Pasaporte (IdPasaporte, NumeroPasaporte, Nacionalidad, IdPasajero)
VALUES (397, 'VG33 SRCV 2466 0839 1024 4294', 'Ivory Coast', 397);
INSERT INTO Pasaporte (IdPasaporte, NumeroPasaporte, Nacionalidad, IdPasajero)
VALUES (398, 'FR50 8813 4021 93A7 P6K3 JN3R T77', 'Indonesia', 398);
INSERT INTO Pasaporte (IdPasaporte, NumeroPasaporte, Nacionalidad, IdPasajero)
VALUES (399, 'PL81 9018 2212 7020 8662 0150 0526', 'Argentina', 399);
INSERT INTO Pasaporte (IdPasaporte, NumeroPasaporte, Nacionalidad, IdPasajero)
VALUES (400, 'TN68 3163 7616 2710 9578 0308', 'China', 400);
INSERT INTO Pasaporte (IdPasaporte, NumeroPasaporte, Nacionalidad, IdPasajero)
VALUES (401, 'FR97 2339 4929 77NO D1KG D44J D18', 'Brazil', 401);
INSERT INTO Pasaporte (IdPasaporte, NumeroPasaporte, Nacionalidad, IdPasajero)
VALUES (402, 'CH06 4949 5C9B BJXB A3NM C', 'Honduras', 402);
INSERT INTO Pasaporte (IdPasaporte, NumeroPasaporte, Nacionalidad, IdPasajero)
VALUES (403, 'FR02 6054 4642 05TJ DUBC WQYE N84', 'Peru', 403);
INSERT INTO Pasaporte (IdPasaporte, NumeroPasaporte, Nacionalidad, IdPasajero)
VALUES (404, 'MR26 8047 4466 8947 8730 0009 336', 'China', 404);
INSERT INTO Pasaporte (IdPasaporte, NumeroPasaporte, Nacionalidad, IdPasajero)
VALUES (405, 'FR07 5889 7468 25QT HSFQ VZDG P92', 'Armenia', 405);
INSERT INTO Pasaporte (IdPasaporte, NumeroPasaporte, Nacionalidad, IdPasajero)
VALUES (406, 'SK79 7906 3082 6897 7934 1470', 'Israel', 406);
INSERT INTO Pasaporte (IdPasaporte, NumeroPasaporte, Nacionalidad, IdPasajero)
VALUES (407, 'AZ13 KSTS CMPH IOFE 5U2T JPXJ BWTC', 'Poland', 407);
INSERT INTO Pasaporte (IdPasaporte, NumeroPasaporte, Nacionalidad, IdPasajero)
VALUES (408, 'FR61 3908 5963 43IM CXWY UWDB P68', 'Indonesia', 408);
INSERT INTO Pasaporte (IdPasaporte, NumeroPasaporte, Nacionalidad, IdPasajero)
VALUES (409, 'BE45 0672 2558 6225', 'China', 409);
INSERT INTO Pasaporte (IdPasaporte, NumeroPasaporte, Nacionalidad, IdPasajero)
VALUES (410, 'VG83 LAIW 1595 1084 9019 0293', 'China', 410);
INSERT INTO Pasaporte (IdPasaporte, NumeroPasaporte, Nacionalidad, IdPasajero)
VALUES (411, 'BG26 CQOT 6608 25B9 IUMU 67', 'Philippines', 411);
INSERT INTO Pasaporte (IdPasaporte, NumeroPasaporte, Nacionalidad, IdPasajero)
VALUES (412, 'IS59 0447 1436 5137 7069 0483 25', 'Palau', 412);
INSERT INTO Pasaporte (IdPasaporte, NumeroPasaporte, Nacionalidad, IdPasajero)
VALUES (413, 'MD14 MJI2 IS74 A6ER QWAO HMQL', 'China', 413);
INSERT INTO Pasaporte (IdPasaporte, NumeroPasaporte, Nacionalidad, IdPasajero)
VALUES (414, 'LT34 0045 4645 3818 5956', 'Philippines', 414);
INSERT INTO Pasaporte (IdPasaporte, NumeroPasaporte, Nacionalidad, IdPasajero)
VALUES (415, 'TR74 2405 4L45 EWSC 9TUY GXAR VL', 'Vietnam', 415);
INSERT INTO Pasaporte (IdPasaporte, NumeroPasaporte, Nacionalidad, IdPasajero)
VALUES (416, 'KW87 YEML JFEN 8OG4 AS2I Q2L8 PFVB KG', 'Japan', 416);
INSERT INTO Pasaporte (IdPasaporte, NumeroPasaporte, Nacionalidad, IdPasajero)
VALUES (417, 'LB19 2900 VQSD TCPR XOJQ QOCD G3VR', 'Vietnam', 417);
INSERT INTO Pasaporte (IdPasaporte, NumeroPasaporte, Nacionalidad, IdPasajero)
VALUES (418, 'MU37 XYOC 6075 9861 4878 2069 563L HZ', 'Malawi', 418);
INSERT INTO Pasaporte (IdPasaporte, NumeroPasaporte, Nacionalidad, IdPasajero)
VALUES (419, 'BG25 DCQQ 0875 21CP FDZM UV', 'Serbia', 419);
INSERT INTO Pasaporte (IdPasaporte, NumeroPasaporte, Nacionalidad, IdPasajero)
VALUES (420, 'TR96 3132 9TRQ YLWB VNGB OMPG ET', 'China', 420);
INSERT INTO Pasaporte (IdPasaporte, NumeroPasaporte, Nacionalidad, IdPasajero)
VALUES (421, 'KZ40 6140 9RVJ VEBS ACQB', 'China', 421);
INSERT INTO Pasaporte (IdPasaporte, NumeroPasaporte, Nacionalidad, IdPasajero)
VALUES (422, 'GT77 0MHS 5B95 IHLP FWYD JJZG TNFF', 'Russia', 422);
INSERT INTO Pasaporte (IdPasaporte, NumeroPasaporte, Nacionalidad, IdPasajero)
VALUES (423, 'RS18 9211 2422 7283 3133 72', 'Jordan', 423);
INSERT INTO Pasaporte (IdPasaporte, NumeroPasaporte, Nacionalidad, IdPasajero)
VALUES (424, 'NL33 XCTN 1235 1771 20', 'Pakistan', 424);
INSERT INTO Pasaporte (IdPasaporte, NumeroPasaporte, Nacionalidad, IdPasajero)
VALUES (425, 'BG07 NPEE 6089 88JF WUQV HA', 'Peru', 425);
INSERT INTO Pasaporte (IdPasaporte, NumeroPasaporte, Nacionalidad, IdPasajero)
VALUES (426, 'AT02 2719 7226 8503 2270', 'China', 426);
INSERT INTO Pasaporte (IdPasaporte, NumeroPasaporte, Nacionalidad, IdPasajero)
VALUES (427, 'DO93 822Q 8604 2371 0487 4551 2607', 'Brazil', 427);
INSERT INTO Pasaporte (IdPasaporte, NumeroPasaporte, Nacionalidad, IdPasajero)
VALUES (428, 'RO82 WXTJ KJQM 69G4 YGKA W467', 'China', 428);
INSERT INTO Pasaporte (IdPasaporte, NumeroPasaporte, Nacionalidad, IdPasajero)
VALUES (429, 'FR70 0977 2576 76EV ONOP AMRF E52', 'Luxembourg', 429);
INSERT INTO Pasaporte (IdPasaporte, NumeroPasaporte, Nacionalidad, IdPasajero)
VALUES (430, 'CZ14 2868 5204 7630 0890 5860', 'Indonesia', 430);
INSERT INTO Pasaporte (IdPasaporte, NumeroPasaporte, Nacionalidad, IdPasajero)
VALUES (431, 'MD47 NBF1 SDGY EGEU QGQE NUCX', 'Colombia', 431);
INSERT INTO Pasaporte (IdPasaporte, NumeroPasaporte, Nacionalidad, IdPasajero)
VALUES (432, 'SM98 G414 6705 347B CQDW PEVN FYB', 'United States', 432);
INSERT INTO Pasaporte (IdPasaporte, NumeroPasaporte, Nacionalidad, IdPasajero)
VALUES (433, 'RO67 JZSM 8A6V 4YVT T6LM VDZG', 'Brazil', 433);
INSERT INTO Pasaporte (IdPasaporte, NumeroPasaporte, Nacionalidad, IdPasajero)
VALUES (434, 'FR88 4635 3175 886P XQ6C W5MY D25', 'Japan', 434);
INSERT INTO Pasaporte (IdPasaporte, NumeroPasaporte, Nacionalidad, IdPasajero)
VALUES (435, 'IL08 7644 9976 5637 3687 932', 'Norway', 435);
INSERT INTO Pasaporte (IdPasaporte, NumeroPasaporte, Nacionalidad, IdPasajero)
VALUES (436, 'SA50 97YS WE7Q LSBL SYAQ CMAN', 'Belarus', 436);
INSERT INTO Pasaporte (IdPasaporte, NumeroPasaporte, Nacionalidad, IdPasajero)
VALUES (437, 'AE25 2689 6538 5264 5665 886', 'Russia', 437);
INSERT INTO Pasaporte (IdPasaporte, NumeroPasaporte, Nacionalidad, IdPasajero)
VALUES (438, 'AE69 9250 8794 5505 4428 259', 'Burkina Faso', 438);
INSERT INTO Pasaporte (IdPasaporte, NumeroPasaporte, Nacionalidad, IdPasajero)
VALUES (439, 'PT46 1742 3291 4368 6373 6860 4', 'Thailand', 439);
INSERT INTO Pasaporte (IdPasaporte, NumeroPasaporte, Nacionalidad, IdPasajero)
VALUES (440, 'MU08 EBLY 2766 2118 3424 1661 517L AN', 'Japan', 440);
INSERT INTO Pasaporte (IdPasaporte, NumeroPasaporte, Nacionalidad, IdPasajero)
VALUES (441, 'CR17 9553 6106 5745 9409 3', 'China', 441);
INSERT INTO Pasaporte (IdPasaporte, NumeroPasaporte, Nacionalidad, IdPasajero)
VALUES (442, 'RO11 YVRJ PWQO VRMR AT6Y H37V', 'Democratic Republic of the Congo', 442);
INSERT INTO Pasaporte (IdPasaporte, NumeroPasaporte, Nacionalidad, IdPasajero)
VALUES (443, 'MK42 680L 8X0F 5C9U W34', 'Ukraine', 443);
INSERT INTO Pasaporte (IdPasaporte, NumeroPasaporte, Nacionalidad, IdPasajero)
VALUES (444, 'RS84 7583 3331 8094 0339 49', 'Czech Republic', 444);
INSERT INTO Pasaporte (IdPasaporte, NumeroPasaporte, Nacionalidad, IdPasajero)
VALUES (445, 'LT74 5175 0674 2603 3625', 'Ethiopia', 445);
INSERT INTO Pasaporte (IdPasaporte, NumeroPasaporte, Nacionalidad, IdPasajero)
VALUES (446, 'RS15 7855 3519 5680 6066 52', 'Philippines', 446);
INSERT INTO Pasaporte (IdPasaporte, NumeroPasaporte, Nacionalidad, IdPasajero)
VALUES (447, 'FR67 3950 3454 46BZ 2MGV CASY Y82', 'Russia', 447);
INSERT INTO Pasaporte (IdPasaporte, NumeroPasaporte, Nacionalidad, IdPasajero)
VALUES (448, 'DK91 7641 3649 8888 95', 'Brazil', 448);
INSERT INTO Pasaporte (IdPasaporte, NumeroPasaporte, Nacionalidad, IdPasajero)
VALUES (449, 'FR98 1537 1273 93GD SJXV FLO8 S48', 'China', 449);
INSERT INTO Pasaporte (IdPasaporte, NumeroPasaporte, Nacionalidad, IdPasajero)
VALUES (450, 'CY34 2660 2100 I2RL CLTB WMHX UYOM', 'Kazakhstan', 450);
INSERT INTO Pasaporte (IdPasaporte, NumeroPasaporte, Nacionalidad, IdPasajero)
VALUES (451, 'BA72 0045 4205 0924 6651', 'Philippines', 451);
INSERT INTO Pasaporte (IdPasaporte, NumeroPasaporte, Nacionalidad, IdPasajero)
VALUES (452, 'LU32 202E QLGN 8ZUN TLK1', 'Ukraine', 452);
INSERT INTO Pasaporte (IdPasaporte, NumeroPasaporte, Nacionalidad, IdPasajero)
VALUES (453, 'FR90 7430 9395 47KC PULQ W114 E67', 'Indonesia', 453);
INSERT INTO Pasaporte (IdPasaporte, NumeroPasaporte, Nacionalidad, IdPasajero)
VALUES (454, 'IS74 8212 1453 9876 9486 2553 85', 'Peru', 454);
INSERT INTO Pasaporte (IdPasaporte, NumeroPasaporte, Nacionalidad, IdPasajero)
VALUES (455, 'FR71 6977 0144 05NE NNR9 YECF 053', 'China', 455);
INSERT INTO Pasaporte (IdPasaporte, NumeroPasaporte, Nacionalidad, IdPasajero)
VALUES (456, 'AZ20 CFNY VEPB A03D KJRK EDJO SRHM', 'Indonesia', 456);
INSERT INTO Pasaporte (IdPasaporte, NumeroPasaporte, Nacionalidad, IdPasajero)
VALUES (457, 'ES59 8225 7220 2334 5959 0630', 'France', 457);
INSERT INTO Pasaporte (IdPasaporte, NumeroPasaporte, Nacionalidad, IdPasajero)
VALUES (458, 'GR09 4966 349D MOJL OFUF LI1F 0AV', 'China', 458);
INSERT INTO Pasaporte (IdPasaporte, NumeroPasaporte, Nacionalidad, IdPasajero)
VALUES (459, 'LV15 BXYB 1H5C DQEC 8AEA M', 'Peru', 459);
INSERT INTO Pasaporte (IdPasaporte, NumeroPasaporte, Nacionalidad, IdPasajero)
VALUES (460, 'AZ72 WCVN 80GZ IUVZ JAMY DVIX 91XD', 'China', 460);
INSERT INTO Pasaporte (IdPasaporte, NumeroPasaporte, Nacionalidad, IdPasajero)
VALUES (461, 'MU88 DQOO 4147 5615 0820 0628 969M UP', 'Poland', 461);
INSERT INTO Pasaporte (IdPasaporte, NumeroPasaporte, Nacionalidad, IdPasajero)
VALUES (462, 'DE19 1195 7189 6676 2640 72', 'Afghanistan', 462);
INSERT INTO Pasaporte (IdPasaporte, NumeroPasaporte, Nacionalidad, IdPasajero)
VALUES (463, 'SE76 7417 3290 1075 2577 9225', 'Thailand', 463);
INSERT INTO Pasaporte (IdPasaporte, NumeroPasaporte, Nacionalidad, IdPasajero)
VALUES (464, 'MD76 NZRB W7TO XNAS 40NG VNE4', 'China', 464);
INSERT INTO Pasaporte (IdPasaporte, NumeroPasaporte, Nacionalidad, IdPasajero)
VALUES (465, 'PS24 TKWV LQZ1 UMWV XMDS MW2T ZXQB D', 'Sweden', 465);
INSERT INTO Pasaporte (IdPasaporte, NumeroPasaporte, Nacionalidad, IdPasajero)
VALUES (466, 'FI52 1830 5404 1280 23', 'Peru', 466);
INSERT INTO Pasaporte (IdPasaporte, NumeroPasaporte, Nacionalidad, IdPasajero)
VALUES (467, 'FR18 4040 7555 365M WDAC MQAD Z92', 'Japan', 467);
INSERT INTO Pasaporte (IdPasaporte, NumeroPasaporte, Nacionalidad, IdPasajero)
VALUES (468, 'LB13 8087 G4WB 19DA VHI5 MP6T ADYO', 'Colombia', 468);
INSERT INTO Pasaporte (IdPasaporte, NumeroPasaporte, Nacionalidad, IdPasajero)
VALUES (469, 'EE33 1566 3393 8485 6312', 'Sweden', 469);
INSERT INTO Pasaporte (IdPasaporte, NumeroPasaporte, Nacionalidad, IdPasajero)
VALUES (470, 'NL10 STOI 6024 9099 80', 'Estonia', 470);
INSERT INTO Pasaporte (IdPasaporte, NumeroPasaporte, Nacionalidad, IdPasajero)
VALUES (471, 'MT41 TVBH 4142 4SG6 VPSK MX4F HP8N 4MQ', 'Italy', 471);
INSERT INTO Pasaporte (IdPasaporte, NumeroPasaporte, Nacionalidad, IdPasajero)
VALUES (472, 'IE19 QYPF 5434 3740 9280 79', 'Greece', 472);
INSERT INTO Pasaporte (IdPasaporte, NumeroPasaporte, Nacionalidad, IdPasajero)
VALUES (473, 'GI37 QKYC WCDL CRFC IBAY XUM', 'Philippines', 473);
INSERT INTO Pasaporte (IdPasaporte, NumeroPasaporte, Nacionalidad, IdPasajero)
VALUES (474, 'ES32 9514 5766 3190 7111 0718', 'China', 474);
INSERT INTO Pasaporte (IdPasaporte, NumeroPasaporte, Nacionalidad, IdPasajero)
VALUES (475, 'GT97 UMLA RUET GHTL B5DH MAC0 UWEZ', 'Bulgaria', 475);
INSERT INTO Pasaporte (IdPasaporte, NumeroPasaporte, Nacionalidad, IdPasajero)
VALUES (476, 'FI72 0467 1140 6471 38', 'Philippines', 476);
INSERT INTO Pasaporte (IdPasaporte, NumeroPasaporte, Nacionalidad, IdPasajero)
VALUES (477, 'KZ58 569B XZUC BCMI LAQM', 'Czech Republic', 477);
INSERT INTO Pasaporte (IdPasaporte, NumeroPasaporte, Nacionalidad, IdPasajero)
VALUES (478, 'MK12 588B 8REL YSSD W37', 'Indonesia', 478);
INSERT INTO Pasaporte (IdPasaporte, NumeroPasaporte, Nacionalidad, IdPasajero)
VALUES (479, 'FR69 9307 1922 24L5 UFHU AH61 M07', 'China', 479);
INSERT INTO Pasaporte (IdPasaporte, NumeroPasaporte, Nacionalidad, IdPasajero)
VALUES (480, 'MK25 8916 C9LA E6XJ G04', 'China', 480);
INSERT INTO Pasaporte (IdPasaporte, NumeroPasaporte, Nacionalidad, IdPasajero)
VALUES (481, 'CZ34 6260 9408 9546 9882 6823', 'Netherlands', 481);
INSERT INTO Pasaporte (IdPasaporte, NumeroPasaporte, Nacionalidad, IdPasajero)
VALUES (482, 'MD94 ZG4U JNFR REWE MGFM 6ASX', 'Brazil', 482);
INSERT INTO Pasaporte (IdPasaporte, NumeroPasaporte, Nacionalidad, IdPasajero)
VALUES (483, 'FR87 7423 6605 58GR NUXG PV1K T81', 'Russia', 483);
INSERT INTO Pasaporte (IdPasaporte, NumeroPasaporte, Nacionalidad, IdPasajero)
VALUES (484, 'KW11 VPJK LW1D F1OX AWA2 BQZ9 WR7V IH', 'Indonesia', 484);
INSERT INTO Pasaporte (IdPasaporte, NumeroPasaporte, Nacionalidad, IdPasajero)
VALUES (485, 'FR44 5828 8269 76EZ 3Z64 8C5Y H13', 'China', 485);
INSERT INTO Pasaporte (IdPasaporte, NumeroPasaporte, Nacionalidad, IdPasajero)
VALUES (486, 'FR56 4728 1968 05HX PUIA 9UMV M98', 'China', 486);
INSERT INTO Pasaporte (IdPasaporte, NumeroPasaporte, Nacionalidad, IdPasajero)
VALUES (487, 'FR91 7706 8908 54OM BOCT X9JK 368', 'France', 487);
INSERT INTO Pasaporte (IdPasaporte, NumeroPasaporte, Nacionalidad, IdPasajero)
VALUES (488, 'AZ33 UFZO YOFS H3WG KTXR HZS1 I2XO', 'Sweden', 488);
INSERT INTO Pasaporte (IdPasaporte, NumeroPasaporte, Nacionalidad, IdPasajero)
VALUES (489, 'SM03 J038 8371 713Q 988T RS5K 5QE', 'Philippines', 489);
INSERT INTO Pasaporte (IdPasaporte, NumeroPasaporte, Nacionalidad, IdPasajero)
VALUES (490, 'IL47 0504 6072 8346 5840 736', 'France', 490);
INSERT INTO Pasaporte (IdPasaporte, NumeroPasaporte, Nacionalidad, IdPasajero)
VALUES (491, 'IE09 GZCK 7732 2821 3735 30', 'Brazil', 491);
INSERT INTO Pasaporte (IdPasaporte, NumeroPasaporte, Nacionalidad, IdPasajero)
VALUES (492, 'LB40 0973 JNDQ ASCZ XPSD LWEX Q20N', 'France', 492);
INSERT INTO Pasaporte (IdPasaporte, NumeroPasaporte, Nacionalidad, IdPasajero)
VALUES (493, 'FR14 8139 8674 42FK ZPGW NQIO T10', 'Finland', 493);
INSERT INTO Pasaporte (IdPasaporte, NumeroPasaporte, Nacionalidad, IdPasajero)
VALUES (494, 'AD85 8263 4714 PTRY RMID KMOK', 'China', 494);
INSERT INTO Pasaporte (IdPasaporte, NumeroPasaporte, Nacionalidad, IdPasajero)
VALUES (495, 'CZ91 6142 1536 0512 6763 9619', 'China', 495);
INSERT INTO Pasaporte (IdPasaporte, NumeroPasaporte, Nacionalidad, IdPasajero)
VALUES (496, 'DK89 9073 8674 5984 07', 'Russia', 496);
INSERT INTO Pasaporte (IdPasaporte, NumeroPasaporte, Nacionalidad, IdPasajero)
VALUES (497, 'AT85 2781 0781 5150 1751', 'Indonesia', 497);
INSERT INTO Pasaporte (IdPasaporte, NumeroPasaporte, Nacionalidad, IdPasajero)
VALUES (498, 'FO15 1546 3558 9512 45', 'United Kingdom', 498);
INSERT INTO Pasaporte (IdPasaporte, NumeroPasaporte, Nacionalidad, IdPasajero)
VALUES (499, 'LI90 8991 9EPE IE0M 7QCP N', 'Colombia', 499);
INSERT INTO Pasaporte (IdPasaporte, NumeroPasaporte, Nacionalidad, IdPasajero)
VALUES (500, 'MC94 3200 6737 58DE 3GHU JBYC C45', 'Iran', 500);

